-0.0612, -0.1522, -0.0767, -0.1564, 0.1190
-0.0622, -0.1512, -0.0757, -0.1554, 0.1180
-0.0632, -0.1502, -0.0747, -0.1544, 0.1171
-0.0642, -0.1493, -0.0737, -0.1534, 0.1161
-0.0652, -0.1486, -0.0727, -0.1524, 0.1153
-0.0661, -0.1480, -0.0718, -0.1514, 0.1145
-0.0671, -0.1475, -0.0708, -0.1505, 0.1136
-0.0681, -0.1473, -0.0698, -0.1495, 0.1127
-0.0690, -0.1472, -0.0688, -0.1485, 0.1119
-0.0700, -0.1473, -0.0679, -0.1476, 0.1110
-0.0709, -0.1476, -0.0669, -0.1467, 0.1102
-0.0719, -0.1479, -0.0659, -0.1457, 0.1094
-0.0728, -0.1484, -0.0650, -0.1448, 0.1086
-0.0737, -0.1490, -0.0641, -0.1440, 0.1079
-0.0747, -0.1498, -0.0631, -0.1431, 0.1075
-0.0756, -0.1506, -0.0622, -0.1421, 0.1073
-0.0766, -0.1515, -0.0613, -0.1412, 0.1070
-0.0775, -0.1524, -0.0604, -0.1403, 0.1069
-0.0785, -0.1534, -0.0596, -0.1395, 0.1069
-0.0794, -0.1543, -0.0588, -0.1386, 0.1069
-0.0803, -0.1553, -0.0580, -0.1378, 0.1068
-0.0812, -0.1563, -0.0572, -0.1370, 0.1069
-0.0821, -0.1573, -0.0565, -0.1362, 0.1072
-0.0830, -0.1583, -0.0558, -0.1354, 0.1075
-0.0838, -0.1594, -0.0551, -0.1347, 0.1078
-0.0847, -0.1603, -0.0544, -0.1340, 0.1081
-0.0855, -0.1613, -0.0538, -0.1333, 0.1084
-0.0863, -0.1622, -0.0533, -0.1326, 0.1088
-0.0871, -0.1631, -0.0527, -0.1319, 0.1092
-0.0878, -0.1641, -0.0522, -0.1313, 0.1095
-0.0886, -0.1651, -0.0517, -0.1307, 0.1100
-0.0894, -0.1660, -0.0512, -0.1300, 0.1106
-0.0901, -0.1670, -0.0508, -0.1295, 0.1112
-0.0909, -0.1678, -0.0504, -0.1289, 0.1117
-0.0916, -0.1686, -0.0500, -0.1283, 0.1124
-0.0924, -0.1695, -0.0497, -0.1277, 0.1131
-0.0932, -0.1704, -0.0492, -0.1271, 0.1138
-0.0941, -0.1713, -0.0488, -0.1265, 0.1146
-0.0950, -0.1723, -0.0483, -0.1259, 0.1154
-0.0958, -0.1731, -0.0480, -0.1253, 0.1162
-0.0967, -0.1741, -0.0476, -0.1247, 0.1172
-0.0976, -0.1749, -0.0473, -0.1241, 0.1181
-0.0985, -0.1755, -0.0470, -0.1235, 0.1189
-0.0993, -0.1762, -0.0467, -0.1230, 0.1198
-0.1002, -0.1768, -0.0465, -0.1224, 0.1206
-0.1009, -0.1772, -0.0464, -0.1219, 0.1214
-0.1018, -0.1776, -0.0463, -0.1213, 0.1222
-0.1027, -0.1782, -0.0461, -0.1207, 0.1232
-0.1036, -0.1786, -0.0460, -0.1201, 0.1240
-0.1045, -0.1791, -0.0458, -0.1195, 0.1249
-0.1055, -0.1797, -0.0456, -0.1187, 0.1259
-0.1065, -0.1803, -0.0454, -0.1180, 0.1269
-0.1076, -0.1808, -0.0453, -0.1172, 0.1279
-0.1087, -0.1815, -0.0450, -0.1163, 0.1289
-0.1099, -0.1823, -0.0447, -0.1153, 0.1300
-0.1111, -0.1831, -0.0444, -0.1144, 0.1312
-0.1123, -0.1838, -0.0442, -0.1134, 0.1323
-0.1135, -0.1842, -0.0440, -0.1125, 0.1333
-0.1146, -0.1844, -0.0440, -0.1116, 0.1343
-0.1157, -0.1843, -0.0440, -0.1108, 0.1351
-0.1165, -0.1837, -0.0443, -0.1103, 0.1356
-0.1173, -0.1830, -0.0445, -0.1099, 0.1360
-0.1181, -0.1824, -0.0447, -0.1095, 0.1364
-0.1188, -0.1816, -0.0450, -0.1091, 0.1367
-0.1195, -0.1807, -0.0453, -0.1087, 0.1369
-0.1203, -0.1801, -0.0454, -0.1082, 0.1372
-0.1212, -0.1794, -0.0455, -0.1077, 0.1375
-0.1220, -0.1787, -0.0456, -0.1071, 0.1377
-0.1230, -0.1784, -0.0455, -0.1064, 0.1380
-0.1242, -0.1788, -0.0449, -0.1054, 0.1388
-0.1255, -0.1796, -0.0441, -0.1042, 0.1397
-0.1268, -0.1802, -0.0434, -0.1031, 0.1406
-0.1282, -0.1811, -0.0424, -0.1019, 0.1416
-0.1296, -0.1821, -0.0414, -0.1005, 0.1427
-0.1309, -0.1827, -0.0406, -0.0995, 0.1433
-0.1321, -0.1833, -0.0398, -0.0984, 0.1441
-0.1332, -0.1836, -0.0391, -0.0974, 0.1446
-0.1345, -0.1842, -0.0382, -0.0964, 0.1452
-0.1358, -0.1850, -0.0371, -0.0952, 0.1461
-0.1372, -0.1859, -0.0360, -0.0939, 0.1469
-0.1384, -0.1866, -0.0350, -0.0928, 0.1475
-0.1398, -0.1876, -0.0338, -0.0915, 0.1483
-0.1410, -0.1882, -0.0329, -0.0905, 0.1487
-0.1422, -0.1890, -0.0318, -0.0894, 0.1494
-0.1433, -0.1895, -0.0309, -0.0885, 0.1497
-0.1445, -0.1900, -0.0299, -0.0875, 0.1500
-0.1456, -0.1905, -0.0290, -0.0866, 0.1503
-0.1467, -0.1910, -0.0281, -0.0857, 0.1505
-0.1478, -0.1913, -0.0273, -0.0849, 0.1506
-0.1490, -0.1921, -0.0262, -0.0838, 0.1510
-0.1505, -0.1932, -0.0248, -0.0824, 0.1519
-0.1517, -0.1941, -0.0237, -0.0813, 0.1525
-0.1528, -0.1947, -0.0228, -0.0804, 0.1528
-0.1538, -0.1952, -0.0220, -0.0796, 0.1530
-0.1547, -0.1956, -0.0213, -0.0788, 0.1531
-0.1554, -0.1958, -0.0208, -0.0782, 0.1529
-0.1563, -0.1960, -0.0202, -0.0776, 0.1528
-0.1571, -0.1963, -0.0195, -0.0769, 0.1527
-0.1580, -0.1967, -0.0188, -0.0762, 0.1527
-0.1591, -0.1973, -0.0178, -0.0753, 0.1528
-0.1601, -0.1978, -0.0170, -0.0745, 0.1529
-0.1611, -0.1983, -0.0161, -0.0736, 0.1530
-0.1623, -0.1990, -0.0152, -0.0726, 0.1531
-0.1635, -0.1997, -0.0141, -0.0716, 0.1532
-0.1648, -0.2007, -0.0129, -0.0704, 0.1537
-0.1663, -0.2020, -0.0114, -0.0690, 0.1545
-0.1677, -0.2031, -0.0101, -0.0677, 0.1550
-0.1688, -0.2038, -0.0091, -0.0667, 0.1552
-0.1699, -0.2046, -0.0081, -0.0658, 0.1554
-0.1712, -0.2057, -0.0068, -0.0646, 0.1559
-0.1722, -0.2063, -0.0059, -0.0636, 0.1560
-0.1732, -0.2070, -0.0050, -0.0627, 0.1560
-0.1739, -0.2072, -0.0044, -0.0622, 0.1557
-0.1746, -0.2074, -0.0040, -0.0617, 0.1552
-0.1751, -0.2076, -0.0035, -0.0613, 0.1547
-0.1753, -0.2072, -0.0036, -0.0613, 0.1538
-0.1755, -0.2070, -0.0035, -0.0612, 0.1530
-0.1762, -0.2075, -0.0028, -0.0606, 0.1529
-0.1770, -0.2080, -0.0020, -0.0599, 0.1530
-0.1779, -0.2087, -0.0011, -0.0592, 0.1531
-0.1787, -0.2092, -0.0004, -0.0584, 0.1531
-0.1793, -0.2095, 0.0001, -0.0580, 0.1528
-0.1800, -0.2099, 0.0007, -0.0574, 0.1527
-0.1806, -0.2103, 0.0013, -0.0569, 0.1525
-0.1815, -0.2110, 0.0022, -0.0561, 0.1527
-0.1822, -0.2114, 0.0028, -0.0555, 0.1525
-0.1826, -0.2115, 0.0031, -0.0553, 0.1521
-0.1829, -0.2115, 0.0033, -0.0551, 0.1516
-0.1834, -0.2118, 0.0039, -0.0546, 0.1514
-0.1843, -0.2125, 0.0047, -0.0539, 0.1516
-0.1852, -0.2133, 0.0057, -0.0530, 0.1519
-0.1860, -0.2139, 0.0065, -0.0523, 0.1521
-0.1869, -0.2147, 0.0075, -0.0515, 0.1524
-0.1879, -0.2157, 0.0087, -0.0504, 0.1530
-0.1890, -0.2167, 0.0099, -0.0494, 0.1536
-0.1897, -0.2173, 0.0106, -0.0488, 0.1537
-0.1902, -0.2176, 0.0111, -0.0483, 0.1536
-0.1908, -0.2182, 0.0119, -0.0477, 0.1537
-0.1913, -0.2186, 0.0125, -0.0472, 0.1538
-0.1919, -0.2191, 0.0131, -0.0467, 0.1538
-0.1925, -0.2196, 0.0139, -0.0461, 0.1540
-0.1931, -0.2202, 0.0146, -0.0455, 0.1542
-0.1937, -0.2207, 0.0153, -0.0449, 0.1543
-0.1943, -0.2213, 0.0161, -0.0443, 0.1545
-0.1951, -0.2220, 0.0170, -0.0436, 0.1548
-0.1959, -0.2229, 0.0181, -0.0428, 0.1553
-0.1967, -0.2237, 0.0190, -0.0420, 0.1557
-0.1971, -0.2240, 0.0196, -0.0416, 0.1557
-0.1973, -0.2241, 0.0199, -0.0414, 0.1554
-0.1975, -0.2243, 0.0203, -0.0412, 0.1552
-0.1975, -0.2241, 0.0202, -0.0413, 0.1547
-0.1974, -0.2240, 0.0203, -0.0413, 0.1541
-0.1975, -0.2240, 0.0205, -0.0412, 0.1538
-0.1980, -0.2244, 0.0211, -0.0408, 0.1539
-0.1986, -0.2250, 0.0218, -0.0401, 0.1542
-0.1991, -0.2255, 0.0224, -0.0396, 0.1543
-0.1998, -0.2262, 0.0233, -0.0389, 0.1548
-0.2007, -0.2271, 0.0243, -0.0380, 0.1554
-0.2017, -0.2281, 0.0255, -0.0369, 0.1562
-0.2028, -0.2292, 0.0267, -0.0358, 0.1571
-0.2036, -0.2300, 0.0276, -0.0350, 0.1576
-0.2041, -0.2305, 0.0282, -0.0345, 0.1579
-0.2046, -0.2310, 0.0289, -0.0339, 0.1581
-0.2052, -0.2316, 0.0296, -0.0333, 0.1585
-0.2055, -0.2318, 0.0300, -0.0330, 0.1586
-0.2057, -0.2320, 0.0303, -0.0328, 0.1586
-0.2060, -0.2322, 0.0307, -0.0325, 0.1587
-0.2061, -0.2323, 0.0308, -0.0324, 0.1586
-0.2064, -0.2326, 0.0312, -0.0321, 0.1586
-0.2066, -0.2328, 0.0316, -0.0318, 0.1587
-0.2066, -0.2327, 0.0316, -0.0318, 0.1584
-0.2067, -0.2328, 0.0319, -0.0317, 0.1583
-0.2069, -0.2330, 0.0321, -0.0315, 0.1583
-0.2073, -0.2333, 0.0325, -0.0311, 0.1584
-0.2078, -0.2338, 0.0331, -0.0306, 0.1587
-0.2081, -0.2341, 0.0335, -0.0302, 0.1589
-0.2081, -0.2341, 0.0336, -0.0302, 0.1586
-0.2083, -0.2342, 0.0338, -0.0300, 0.1586
-0.2085, -0.2343, 0.0341, -0.0298, 0.1586
-0.2087, -0.2345, 0.0343, -0.0295, 0.1586
-0.2091, -0.2349, 0.0348, -0.0291, 0.1588
-0.2097, -0.2355, 0.0355, -0.0285, 0.1592
-0.2103, -0.2361, 0.0362, -0.0279, 0.1597
-0.2111, -0.2369, 0.0371, -0.0270, 0.1604
-0.2117, -0.2375, 0.0378, -0.0264, 0.1609
-0.2121, -0.2380, 0.0384, -0.0259, 0.1612
-0.2126, -0.2384, 0.0390, -0.0254, 0.1616
-0.2129, -0.2387, 0.0394, -0.0250, 0.1618
-0.2133, -0.2391, 0.0399, -0.0245, 0.1621
-0.2138, -0.2397, 0.0406, -0.0240, 0.1625
-0.2145, -0.2404, 0.0414, -0.0232, 0.1631
-0.2151, -0.2410, 0.0422, -0.0225, 0.1637
-0.2155, -0.2415, 0.0428, -0.0220, 0.1640
-0.2161, -0.2420, 0.0435, -0.0214, 0.1644
-0.2162, -0.2422, 0.0438, -0.0211, 0.1644
-0.2164, -0.2424, 0.0441, -0.0209, 0.1644
-0.2166, -0.2426, 0.0445, -0.0205, 0.1645
-0.2166, -0.2426, 0.0446, -0.0205, 0.1643
-0.2164, -0.2425, 0.0447, -0.0205, 0.1640
-0.2162, -0.2422, 0.0446, -0.0207, 0.1636
-0.2159, -0.2420, 0.0445, -0.0208, 0.1632
-0.2156, -0.2416, 0.0443, -0.0211, 0.1627
-0.2155, -0.2415, 0.0444, -0.0211, 0.1624
-0.2154, -0.2415, 0.0445, -0.0210, 0.1623
-0.2150, -0.2410, 0.0442, -0.0213, 0.1616
-0.2142, -0.2402, 0.0436, -0.0220, 0.1607
-0.2137, -0.2397, 0.0432, -0.0224, 0.1600
-0.2133, -0.2393, 0.0430, -0.0227, 0.1594
-0.2126, -0.2385, 0.0424, -0.0233, 0.1585
-0.2120, -0.2380, 0.0420, -0.0237, 0.1578
-0.2117, -0.2376, 0.0419, -0.0239, 0.1574
-0.2115, -0.2374, 0.0418, -0.0240, 0.1570
-0.2115, -0.2374, 0.0420, -0.0239, 0.1569
-0.2116, -0.2375, 0.0423, -0.0237, 0.1569
-0.2117, -0.2377, 0.0426, -0.0233, 0.1570
-0.2118, -0.2378, 0.0428, -0.0232, 0.1569
-0.2119, -0.2379, 0.0432, -0.0229, 0.1570
-0.2123, -0.2383, 0.0438, -0.0223, 0.1573
-0.2128, -0.2389, 0.0445, -0.0217, 0.1578
-0.2135, -0.2396, 0.0454, -0.0209, 0.1583
-0.2142, -0.2403, 0.0463, -0.0201, 0.1590
-0.2148, -0.2410, 0.0472, -0.0193, 0.1596
-0.2155, -0.2417, 0.0480, -0.0185, 0.1602
-0.2158, -0.2421, 0.0486, -0.0180, 0.1605
-0.2161, -0.2425, 0.0491, -0.0176, 0.1607
-0.2162, -0.2426, 0.0494, -0.0173, 0.1607
-0.2162, -0.2426, 0.0495, -0.0172, 0.1605
-0.2161, -0.2425, 0.0497, -0.0171, 0.1604
-0.2161, -0.2425, 0.0497, -0.0171, 0.1602
-0.2162, -0.2426, 0.0500, -0.0168, 0.1601
-0.2163, -0.2427, 0.0503, -0.0166, 0.1601
-0.2164, -0.2429, 0.0506, -0.0163, 0.1602
-0.2166, -0.2431, 0.0509, -0.0160, 0.1602
-0.2168, -0.2433, 0.0512, -0.0157, 0.1602
-0.2170, -0.2435, 0.0516, -0.0154, 0.1604
-0.2173, -0.2438, 0.0520, -0.0149, 0.1605
-0.2177, -0.2443, 0.0526, -0.0144, 0.1608
-0.2179, -0.2445, 0.0530, -0.0140, 0.1610
-0.2181, -0.2448, 0.0534, -0.0137, 0.1610
-0.2182, -0.2449, 0.0536, -0.0135, 0.1610
-0.2182, -0.2449, 0.0537, -0.0134, 0.1609
-0.2182, -0.2448, 0.0538, -0.0133, 0.1606
-0.2180, -0.2446, 0.0536, -0.0134, 0.1603
-0.2177, -0.2443, 0.0534, -0.0137, 0.1597
-0.2172, -0.2438, 0.0530, -0.0140, 0.1591
-0.2169, -0.2434, 0.0527, -0.0143, 0.1586
-0.2166, -0.2431, 0.0525, -0.0144, 0.1581
-0.2164, -0.2429, 0.0523, -0.0146, 0.1577
-0.2163, -0.2428, 0.0523, -0.0146, 0.1575
-0.2160, -0.2424, 0.0520, -0.0147, 0.1571
-0.2158, -0.2422, 0.0519, -0.0148, 0.1568
-0.2157, -0.2422, 0.0520, -0.0147, 0.1566
-0.2156, -0.2421, 0.0520, -0.0146, 0.1565
-0.2157, -0.2422, 0.0522, -0.0144, 0.1565
-0.2159, -0.2423, 0.0525, -0.0141, 0.1566
-0.2160, -0.2425, 0.0527, -0.0138, 0.1566
-0.2163, -0.2427, 0.0530, -0.0134, 0.1568
-0.2166, -0.2430, 0.0535, -0.0129, 0.1570
-0.2170, -0.2434, 0.0540, -0.0123, 0.1574
-0.2173, -0.2437, 0.0544, -0.0119, 0.1576
-0.2172, -0.2437, 0.0544, -0.0118, 0.1574
-0.2170, -0.2434, 0.0543, -0.0119, 0.1571
-0.2168, -0.2432, 0.0542, -0.0119, 0.1568
-0.2166, -0.2430, 0.0541, -0.0120, 0.1565
-0.2164, -0.2428, 0.0540, -0.0120, 0.1562
-0.2165, -0.2428, 0.0541, -0.0118, 0.1561
-0.2167, -0.2430, 0.0544, -0.0115, 0.1562
-0.2169, -0.2432, 0.0546, -0.0111, 0.1563
-0.2168, -0.2431, 0.0546, -0.0110, 0.1562
-0.2168, -0.2431, 0.0547, -0.0108, 0.1562
-0.2169, -0.2432, 0.0549, -0.0106, 0.1561
-0.2169, -0.2432, 0.0550, -0.0104, 0.1561
-0.2170, -0.2433, 0.0551, -0.0102, 0.1561
-0.2171, -0.2433, 0.0553, -0.0100, 0.1561
-0.2173, -0.2436, 0.0556, -0.0096, 0.1562
-0.2177, -0.2439, 0.0560, -0.0091, 0.1565
-0.2180, -0.2443, 0.0564, -0.0086, 0.1567
-0.2184, -0.2446, 0.0569, -0.0080, 0.1570
-0.2185, -0.2448, 0.0571, -0.0077, 0.1571
-0.2187, -0.2450, 0.0574, -0.0074, 0.1572
-0.2190, -0.2452, 0.0577, -0.0070, 0.1573
-0.2193, -0.2456, 0.0581, -0.0066, 0.1575
-0.2196, -0.2458, 0.0584, -0.0061, 0.1576
-0.2199, -0.2462, 0.0588, -0.0056, 0.1578
-0.2201, -0.2464, 0.0592, -0.0052, 0.1579
-0.2201, -0.2464, 0.0592, -0.0051, 0.1577
-0.2199, -0.2462, 0.0591, -0.0052, 0.1574
-0.2198, -0.2460, 0.0589, -0.0052, 0.1571
-0.2196, -0.2459, 0.0588, -0.0052, 0.1568
-0.2196, -0.2459, 0.0589, -0.0051, 0.1567
-0.2193, -0.2455, 0.0586, -0.0053, 0.1562
-0.2190, -0.2452, 0.0584, -0.0055, 0.1558
-0.2187, -0.2448, 0.0580, -0.0058, 0.1553
-0.2184, -0.2444, 0.0577, -0.0060, 0.1548
-0.2181, -0.2441, 0.0574, -0.0061, 0.1544
-0.2179, -0.2439, 0.0572, -0.0062, 0.1540
-0.2178, -0.2437, 0.0570, -0.0063, 0.1537
-0.2177, -0.2435, 0.0569, -0.0063, 0.1535
-0.2176, -0.2434, 0.0567, -0.0064, 0.1532
-0.2175, -0.2433, 0.0566, -0.0063, 0.1530
-0.2177, -0.2434, 0.0567, -0.0061, 0.1530
-0.2180, -0.2437, 0.0571, -0.0057, 0.1533
-0.2182, -0.2439, 0.0573, -0.0054, 0.1534
-0.2185, -0.2441, 0.0576, -0.0050, 0.1536
-0.2186, -0.2442, 0.0577, -0.0048, 0.1536
-0.2189, -0.2445, 0.0580, -0.0044, 0.1537
-0.2191, -0.2446, 0.0581, -0.0041, 0.1538
-0.2193, -0.2448, 0.0584, -0.0038, 0.1539
-0.2191, -0.2446, 0.0582, -0.0039, 0.1536
-0.2188, -0.2443, 0.0579, -0.0041, 0.1532
-0.2187, -0.2441, 0.0577, -0.0042, 0.1529
-0.2186, -0.2440, 0.0577, -0.0042, 0.1527
-0.2187, -0.2440, 0.0577, -0.0041, 0.1526
-0.2185, -0.2438, 0.0575, -0.0041, 0.1522
-0.2184, -0.2437, 0.0574, -0.0042, 0.1520
-0.2185, -0.2437, 0.0574, -0.0041, 0.1518
-0.2184, -0.2435, 0.0573, -0.0041, 0.1516
-0.2182, -0.2433, 0.0571, -0.0042, 0.1512
-0.2182, -0.2433, 0.0571, -0.0041, 0.1511
-0.2181, -0.2432, 0.0569, -0.0041, 0.1508
-0.2180, -0.2429, 0.0567, -0.0042, 0.1504
-0.2178, -0.2427, 0.0565, -0.0044, 0.1501
-0.2177, -0.2425, 0.0563, -0.0045, 0.1499
-0.2177, -0.2425, 0.0563, -0.0044, 0.1498
-0.2179, -0.2427, 0.0565, -0.0041, 0.1500
-0.2182, -0.2430, 0.0567, -0.0038, 0.1502
-0.2187, -0.2434, 0.0572, -0.0033, 0.1506
-0.2191, -0.2438, 0.0575, -0.0028, 0.1509
-0.2196, -0.2442, 0.0580, -0.0022, 0.1513
-0.2200, -0.2447, 0.0584, -0.0017, 0.1516
-0.2206, -0.2452, 0.0589, -0.0010, 0.1520
-0.2212, -0.2458, 0.0595, -0.0004, 0.1525
-0.2216, -0.2462, 0.0599, 0.0001, 0.1527
-0.2221, -0.2467, 0.0604, 0.0007, 0.1531
-0.2225, -0.2471, 0.0608, 0.0012, 0.1534
-0.2230, -0.2476, 0.0613, 0.0018, 0.1537
-0.2234, -0.2480, 0.0616, 0.0022, 0.1539
-0.2238, -0.2484, 0.0620, 0.0026, 0.1542
-0.2243, -0.2489, 0.0624, 0.0032, 0.1545
-0.2249, -0.2495, 0.0630, 0.0038, 0.1549
-0.2254, -0.2501, 0.0636, 0.0044, 0.1553
-0.2259, -0.2505, 0.0641, 0.0049, 0.1555
-0.2259, -0.2506, 0.0641, 0.0050, 0.1553
-0.2260, -0.2506, 0.0640, 0.0051, 0.1551
-0.2260, -0.2507, 0.0641, 0.0052, 0.1549
-0.2261, -0.2507, 0.0641, 0.0052, 0.1547
-0.2259, -0.2506, 0.0639, 0.0051, 0.1544
-0.2258, -0.2504, 0.0637, 0.0049, 0.1540
-0.2257, -0.2503, 0.0635, 0.0048, 0.1537
-0.2257, -0.2503, 0.0635, 0.0048, 0.1535
-0.2257, -0.2504, 0.0635, 0.0049, 0.1534
-0.2258, -0.2504, 0.0635, 0.0049, 0.1533
-0.2258, -0.2505, 0.0635, 0.0049, 0.1531
-0.2257, -0.2504, 0.0633, 0.0048, 0.1528
-0.2257, -0.2503, 0.0632, 0.0048, 0.1526
-0.2256, -0.2502, 0.0631, 0.0046, 0.1524
-0.2254, -0.2500, 0.0628, 0.0044, 0.1521
-0.2252, -0.2498, 0.0626, 0.0042, 0.1518
-0.2252, -0.2498, 0.0625, 0.0041, 0.1517
-0.2252, -0.2498, 0.0625, 0.0041, 0.1516
-0.2253, -0.2499, 0.0625, 0.0042, 0.1516
-0.2254, -0.2499, 0.0624, 0.0042, 0.1515
-0.2254, -0.2500, 0.0624, 0.0042, 0.1515
-0.2256, -0.2501, 0.0624, 0.0043, 0.1515
-0.2258, -0.2504, 0.0626, 0.0045, 0.1517
-0.2260, -0.2506, 0.0627, 0.0047, 0.1517
-0.2259, -0.2505, 0.0625, 0.0045, 0.1515
-0.2260, -0.2505, 0.0625, 0.0045, 0.1515
-0.2261, -0.2506, 0.0625, 0.0046, 0.1514
-0.2260, -0.2506, 0.0624, 0.0045, 0.1513
-0.2261, -0.2506, 0.0623, 0.0046, 0.1512
-0.2261, -0.2506, 0.0622, 0.0045, 0.1510
-0.2261, -0.2506, 0.0621, 0.0045, 0.1509
-0.2261, -0.2506, 0.0620, 0.0044, 0.1507
-0.2262, -0.2506, 0.0620, 0.0045, 0.1506
-0.2263, -0.2508, 0.0621, 0.0046, 0.1506
-0.2263, -0.2508, 0.0620, 0.0046, 0.1505
-0.2263, -0.2508, 0.0620, 0.0046, 0.1504
-0.2264, -0.2508, 0.0619, 0.0046, 0.1504
-0.2264, -0.2508, 0.0619, 0.0046, 0.1504
-0.2265, -0.2510, 0.0620, 0.0047, 0.1505
-0.2268, -0.2512, 0.0622, 0.0050, 0.1507
-0.2270, -0.2515, 0.0624, 0.0053, 0.1509
-0.2274, -0.2519, 0.0628, 0.0057, 0.1512
-0.2278, -0.2523, 0.0632, 0.0061, 0.1515
-0.2283, -0.2529, 0.0637, 0.0066, 0.1520
-0.2289, -0.2534, 0.0642, 0.0072, 0.1524
-0.2293, -0.2538, 0.0645, 0.0076, 0.1526
-0.2294, -0.2540, 0.0646, 0.0077, 0.1526
-0.2296, -0.2541, 0.0647, 0.0079, 0.1526
-0.2298, -0.2543, 0.0648, 0.0080, 0.1527
-0.2299, -0.2544, 0.0649, 0.0081, 0.1527
-0.2302, -0.2547, 0.0651, 0.0084, 0.1529
-0.2305, -0.2550, 0.0653, 0.0087, 0.1531
-0.2307, -0.2552, 0.0655, 0.0089, 0.1531
-0.2309, -0.2555, 0.0657, 0.0091, 0.1532
-0.2312, -0.2557, 0.0660, 0.0094, 0.1534
-0.2315, -0.2560, 0.0662, 0.0097, 0.1535
-0.2317, -0.2563, 0.0665, 0.0100, 0.1536
-0.2321, -0.2567, 0.0668, 0.0103, 0.1539
-0.2324, -0.2570, 0.0671, 0.0106, 0.1540
-0.2326, -0.2572, 0.0673, 0.0108, 0.1541
-0.2327, -0.2574, 0.0674, 0.0109, 0.1541
-0.2325, -0.2572, 0.0672, 0.0107, 0.1539
-0.2323, -0.2569, 0.0669, 0.0105, 0.1537
-0.2321, -0.2568, 0.0668, 0.0103, 0.1535
-0.2317, -0.2563, 0.0663, 0.0098, 0.1530
-0.2313, -0.2560, 0.0660, 0.0095, 0.1527
-0.2309, -0.2555, 0.0656, 0.0090, 0.1522
-0.2304, -0.2551, 0.0651, 0.0085, 0.1518
-0.2301, -0.2547, 0.0647, 0.0081, 0.1514
-0.2297, -0.2543, 0.0643, 0.0077, 0.1510
-0.2294, -0.2539, 0.0639, 0.0072, 0.1506
-0.2290, -0.2535, 0.0634, 0.0068, 0.1502
-0.2287, -0.2532, 0.0630, 0.0064, 0.1499
-0.2285, -0.2530, 0.0628, 0.0062, 0.1496
-0.2285, -0.2529, 0.0627, 0.0062, 0.1496
-0.2284, -0.2528, 0.0625, 0.0060, 0.1494
-0.2283, -0.2526, 0.0623, 0.0058, 0.1492
-0.2283, -0.2526, 0.0623, 0.0058, 0.1491
-0.2284, -0.2528, 0.0623, 0.0059, 0.1492
-0.2287, -0.2530, 0.0626, 0.0062, 0.1494
-0.2291, -0.2534, 0.0630, 0.0066, 0.1497
-0.2296, -0.2539, 0.0635, 0.0072, 0.1501
-0.2302, -0.2546, 0.0641, 0.0078, 0.1506
-0.2308, -0.2553, 0.0648, 0.0086, 0.1513
-0.2316, -0.2560, 0.0656, 0.0094, 0.1519
-0.2322, -0.2566, 0.0662, 0.0100, 0.1524
-0.2328, -0.2572, 0.0668, 0.0106, 0.1529
-0.2333, -0.2579, 0.0673, 0.0112, 0.1533
-0.2337, -0.2582, 0.0676, 0.0116, 0.1534
-0.2340, -0.2585, 0.0679, 0.0119, 0.1536
-0.2344, -0.2589, 0.0682, 0.0123, 0.1539
-0.2348, -0.2593, 0.0686, 0.0127, 0.1542
-0.2350, -0.2595, 0.0687, 0.0129, 0.1543
-0.2350, -0.2596, 0.0687, 0.0129, 0.1543
-0.2350, -0.2596, 0.0686, 0.0128, 0.1542
-0.2347, -0.2593, 0.0682, 0.0124, 0.1538
-0.2345, -0.2590, 0.0679, 0.0121, 0.1534
-0.2344, -0.2588, 0.0677, 0.0119, 0.1531
-0.2343, -0.2587, 0.0674, 0.0117, 0.1529
-0.2341, -0.2585, 0.0671, 0.0114, 0.1526
-0.2339, -0.2582, 0.0668, 0.0111, 0.1522
-0.2336, -0.2579, 0.0664, 0.0106, 0.1519
-0.2331, -0.2574, 0.0658, 0.0101, 0.1514
-0.2327, -0.2570, 0.0654, 0.0096, 0.1511
-0.2324, -0.2566, 0.0649, 0.0091, 0.1508
-0.2321, -0.2563, 0.0646, 0.0088, 0.1506
-0.2319, -0.2561, 0.0643, 0.0085, 0.1504
-0.2318, -0.2560, 0.0641, 0.0083, 0.1503
-0.2318, -0.2560, 0.0640, 0.0082, 0.1503
-0.2319, -0.2560, 0.0640, 0.0083, 0.1503
-0.2321, -0.2562, 0.0642, 0.0084, 0.1505
-0.2323, -0.2564, 0.0643, 0.0086, 0.1507
-0.2326, -0.2568, 0.0646, 0.0089, 0.1510
-0.2331, -0.2572, 0.0650, 0.0092, 0.1514
-0.2335, -0.2576, 0.0653, 0.0096, 0.1517
-0.2338, -0.2579, 0.0656, 0.0098, 0.1520
-0.2342, -0.2583, 0.0659, 0.0102, 0.1524
-0.2346, -0.2588, 0.0663, 0.0106, 0.1528
-0.2352, -0.2593, 0.0668, 0.0111, 0.1533
-0.2356, -0.2598, 0.0672, 0.0115, 0.1536
-0.2361, -0.2602, 0.0676, 0.0119, 0.1540
-0.2364, -0.2605, 0.0679, 0.0122, 0.1543
-0.2367, -0.2608, 0.0681, 0.0125, 0.1546
-0.2371, -0.2611, 0.0684, 0.0127, 0.1548
-0.2374, -0.2615, 0.0686, 0.0130, 0.1550
-0.2378, -0.2619, 0.0690, 0.0134, 0.1554
-0.2380, -0.2621, 0.0692, 0.0136, 0.1555
-0.2380, -0.2621, 0.0691, 0.0135, 0.1554
-0.2380, -0.2620, 0.0690, 0.0135, 0.1552
-0.2380, -0.2621, 0.0690, 0.0135, 0.1552
-0.2380, -0.2620, 0.0690, 0.0134, 0.1551
-0.2380, -0.2620, 0.0689, 0.0134, 0.1549
-0.2380, -0.2621, 0.0689, 0.0134, 0.1549
-0.2381, -0.2621, 0.0690, 0.0134, 0.1550
-0.2378, -0.2618, 0.0687, 0.0131, 0.1547
-0.2376, -0.2616, 0.0684, 0.0128, 0.1544
-0.2374, -0.2614, 0.0681, 0.0126, 0.1542
-0.2373, -0.2612, 0.0679, 0.0123, 0.1539
-0.2372, -0.2611, 0.0678, 0.0122, 0.1538
-0.2372, -0.2612, 0.0677, 0.0122, 0.1537
-0.2373, -0.2612, 0.0677, 0.0123, 0.1536
-0.2371, -0.2610, 0.0675, 0.0120, 0.1534
-0.2370, -0.2609, 0.0673, 0.0119, 0.1533
-0.2369, -0.2608, 0.0673, 0.0118, 0.1532
-0.2369, -0.2608, 0.0672, 0.0118, 0.1531
-0.2369, -0.2608, 0.0671, 0.0118, 0.1531
-0.2370, -0.2609, 0.0672, 0.0119, 0.1532
-0.2371, -0.2610, 0.0673, 0.0120, 0.1533
-0.2373, -0.2612, 0.0675, 0.0123, 0.1534
-0.2375, -0.2614, 0.0676, 0.0124, 0.1535
-0.2378, -0.2617, 0.0678, 0.0127, 0.1537
-0.2381, -0.2620, 0.0682, 0.0131, 0.1540
-0.2385, -0.2624, 0.0685, 0.0135, 0.1543
-0.2389, -0.2628, 0.0688, 0.0138, 0.1546
-0.2392, -0.2632, 0.0692, 0.0142, 0.1549
-0.2395, -0.2634, 0.0694, 0.0145, 0.1550
-0.2397, -0.2636, 0.0696, 0.0147, 0.1551
-0.2398, -0.2637, 0.0696, 0.0147, 0.1551
-0.2399, -0.2639, 0.0698, 0.0149, 0.1552
-0.2400, -0.2639, 0.0698, 0.0149, 0.1552
-0.2400, -0.2639, 0.0697, 0.0149, 0.1552
-0.2399, -0.2638, 0.0696, 0.0148, 0.1551
-0.2399, -0.2638, 0.0696, 0.0148, 0.1550
-0.2398, -0.2637, 0.0694, 0.0147, 0.1549
-0.2395, -0.2634, 0.0690, 0.0143, 0.1546
-0.2392, -0.2630, 0.0686, 0.0140, 0.1542
-0.2389, -0.2627, 0.0682, 0.0136, 0.1539
-0.2387, -0.2624, 0.0680, 0.0134, 0.1536
-0.2384, -0.2622, 0.0677, 0.0132, 0.1533
-0.2383, -0.2620, 0.0674, 0.0130, 0.1531
-0.2383, -0.2620, 0.0673, 0.0129, 0.1531
-0.2382, -0.2620, 0.0673, 0.0129, 0.1530
-0.2380, -0.2617, 0.0670, 0.0126, 0.1528
-0.2378, -0.2615, 0.0667, 0.0124, 0.1526
-0.2377, -0.2614, 0.0666, 0.0123, 0.1525
-0.2376, -0.2613, 0.0665, 0.0122, 0.1525
-0.2376, -0.2612, 0.0664, 0.0122, 0.1524
-0.2376, -0.2612, 0.0664, 0.0122, 0.1524
-0.2376, -0.2612, 0.0663, 0.0121, 0.1524
-0.2377, -0.2613, 0.0664, 0.0123, 0.1526
-0.2379, -0.2615, 0.0666, 0.0125, 0.1528
-0.2382, -0.2618, 0.0669, 0.0128, 0.1532
-0.2385, -0.2622, 0.0672, 0.0131, 0.1535
-0.2388, -0.2625, 0.0676, 0.0134, 0.1539
-0.2392, -0.2629, 0.0680, 0.0138, 0.1543
-0.2395, -0.2633, 0.0683, 0.0142, 0.1547
-0.2399, -0.2637, 0.0687, 0.0145, 0.1551
-0.2403, -0.2641, 0.0690, 0.0149, 0.1554
-0.2406, -0.2645, 0.0694, 0.0153, 0.1556
-0.2410, -0.2648, 0.0697, 0.0156, 0.1559
-0.2413, -0.2651, 0.0700, 0.0159, 0.1560
-0.2415, -0.2653, 0.0701, 0.0161, 0.1561
-0.2417, -0.2655, 0.0703, 0.0162, 0.1562
-0.2418, -0.2657, 0.0704, 0.0164, 0.1563
-0.2419, -0.2658, 0.0705, 0.0165, 0.1563
-0.2421, -0.2659, 0.0705, 0.0166, 0.1563
-0.2422, -0.2660, 0.0706, 0.0167, 0.1564
-0.2423, -0.2661, 0.0707, 0.0168, 0.1564
-0.2422, -0.2661, 0.0705, 0.0167, 0.1564
-0.2423, -0.2661, 0.0706, 0.0167, 0.1565
-0.2422, -0.2661, 0.0704, 0.0166, 0.1565
-0.2421, -0.2659, 0.0702, 0.0164, 0.1565
-0.2419, -0.2657, 0.0699, 0.0162, 0.1563
-0.2417, -0.2655, 0.0696, 0.0160, 0.1562
-0.2416, -0.2653, 0.0693, 0.0158, 0.1561
-0.2414, -0.2651, 0.0690, 0.0156, 0.1558
-0.2412, -0.2648, 0.0686, 0.0153, 0.1554
-0.2410, -0.2646, 0.0683, 0.0151, 0.1552
-0.2409, -0.2645, 0.0681, 0.0150, 0.1551
-0.2409, -0.2645, 0.0680, 0.0150, 0.1550
-0.2409, -0.2644, 0.0679, 0.0149, 0.1550
-0.2409, -0.2644, 0.0678, 0.0149, 0.1549
-0.2410, -0.2645, 0.0679, 0.0150, 0.1550
-0.2412, -0.2646, 0.0680, 0.0152, 0.1551
-0.2414, -0.2649, 0.0683, 0.0154, 0.1553
-0.2418, -0.2652, 0.0686, 0.0158, 0.1556
-0.2420, -0.2654, 0.0688, 0.0161, 0.1558
-0.2422, -0.2656, 0.0689, 0.0163, 0.1559
-0.2422, -0.2656, 0.0690, 0.0163, 0.1558
-0.2423, -0.2657, 0.0691, 0.0165, 0.1559
-0.2424, -0.2658, 0.0691, 0.0166, 0.1559
-0.2425, -0.2659, 0.0691, 0.0167, 0.1559
-0.2426, -0.2660, 0.0692, 0.0168, 0.1560
-0.2427, -0.2661, 0.0692, 0.0169, 0.1560
-0.2429, -0.2663, 0.0694, 0.0171, 0.1562
-0.2431, -0.2665, 0.0696, 0.0173, 0.1564
-0.2432, -0.2667, 0.0697, 0.0174, 0.1566
-0.2434, -0.2669, 0.0699, 0.0176, 0.1568
-0.2436, -0.2671, 0.0701, 0.0178, 0.1569
-0.2439, -0.2674, 0.0704, 0.0181, 0.1571
-0.2441, -0.2676, 0.0705, 0.0183, 0.1572
-0.2443, -0.2678, 0.0707, 0.0185, 0.1574
-0.2443, -0.2678, 0.0707, 0.0185, 0.1573
-0.2444, -0.2679, 0.0707, 0.0185, 0.1572
-0.2443, -0.2678, 0.0706, 0.0184, 0.1571
-0.2442, -0.2677, 0.0705, 0.0183, 0.1569
-0.2442, -0.2677, 0.0704, 0.0183, 0.1569
-0.2442, -0.2678, 0.0705, 0.0183, 0.1569
-0.2442, -0.2677, 0.0704, 0.0182, 0.1567
-0.2441, -0.2676, 0.0703, 0.0182, 0.1566
-0.2439, -0.2674, 0.0701, 0.0179, 0.1563
-0.2438, -0.2674, 0.0699, 0.0178, 0.1561
-0.2439, -0.2674, 0.0699, 0.0178, 0.1561
-0.2440, -0.2675, 0.0700, 0.0179, 0.1561
-0.2440, -0.2675, 0.0699, 0.0179, 0.1560
-0.2441, -0.2676, 0.0700, 0.0180, 0.1560
-0.2441, -0.2676, 0.0700, 0.0180, 0.1560
-0.2443, -0.2677, 0.0700, 0.0181, 0.1561
-0.2444, -0.2679, 0.0701, 0.0182, 0.1562
-0.2445, -0.2680, 0.0702, 0.0183, 0.1562
-0.2446, -0.2681, 0.0702, 0.0184, 0.1561
-0.2447, -0.2682, 0.0703, 0.0185, 0.1561
-0.2448, -0.2683, 0.0703, 0.0186, 0.1562
-0.2451, -0.2685, 0.0704, 0.0187, 0.1563
-0.2452, -0.2686, 0.0705, 0.0189, 0.1563
-0.2454, -0.2687, 0.0706, 0.0190, 0.1564
-0.2456, -0.2690, 0.0708, 0.0192, 0.1566
-0.2459, -0.2693, 0.0710, 0.0195, 0.1568
-0.2464, -0.2697, 0.0714, 0.0199, 0.1571
-0.2468, -0.2701, 0.0718, 0.0203, 0.1574
-0.2472, -0.2706, 0.0722, 0.0207, 0.1578
-0.2474, -0.2707, 0.0723, 0.0209, 0.1579
-0.2475, -0.2709, 0.0724, 0.0210, 0.1581
-0.2474, -0.2708, 0.0722, 0.0209, 0.1579
-0.2472, -0.2705, 0.0720, 0.0206, 0.1577
-0.2470, -0.2704, 0.0718, 0.0205, 0.1576
-0.2469, -0.2702, 0.0717, 0.0204, 0.1575
-0.2468, -0.2701, 0.0716, 0.0203, 0.1574
-0.2468, -0.2701, 0.0716, 0.0203, 0.1574
-0.2468, -0.2702, 0.0716, 0.0203, 0.1574
-0.2468, -0.2702, 0.0716, 0.0203, 0.1574
-0.2467, -0.2701, 0.0715, 0.0201, 0.1573
-0.2465, -0.2698, 0.0713, 0.0199, 0.1571
-0.2463, -0.2697, 0.0711, 0.0197, 0.1570
-0.2461, -0.2695, 0.0710, 0.0196, 0.1569
-0.2461, -0.2695, 0.0710, 0.0195, 0.1569
-0.2460, -0.2695, 0.0709, 0.0195, 0.1569
-0.2460, -0.2694, 0.0709, 0.0194, 0.1569
-0.2459, -0.2693, 0.0708, 0.0193, 0.1567
-0.2458, -0.2692, 0.0707, 0.0193, 0.1566
-0.2457, -0.2692, 0.0706, 0.0192, 0.1565
-0.2454, -0.2688, 0.0703, 0.0189, 0.1563
-0.2451, -0.2686, 0.0701, 0.0187, 0.1561
-0.2446, -0.2680, 0.0696, 0.0182, 0.1559
-0.2442, -0.2676, 0.0693, 0.0179, 0.1558
-0.2437, -0.2671, 0.0689, 0.0175, 0.1556
-0.2432, -0.2666, 0.0684, 0.0170, 0.1555
-0.2429, -0.2662, 0.0681, 0.0166, 0.1554
-0.2426, -0.2660, 0.0679, 0.0164, 0.1554
-0.2424, -0.2658, 0.0677, 0.0162, 0.1555
-0.2423, -0.2657, 0.0677, 0.0161, 0.1555
-0.2423, -0.2656, 0.0677, 0.0162, 0.1557
-0.2424, -0.2658, 0.0678, 0.0163, 0.1560
-0.2426, -0.2660, 0.0680, 0.0165, 0.1563
-0.2429, -0.2663, 0.0683, 0.0168, 0.1567
-0.2432, -0.2666, 0.0687, 0.0172, 0.1571
-0.2436, -0.2671, 0.0691, 0.0177, 0.1576
-0.2440, -0.2675, 0.0696, 0.0181, 0.1582
-0.2445, -0.2680, 0.0701, 0.0186, 0.1587
-0.2448, -0.2683, 0.0704, 0.0189, 0.1591
-0.2451, -0.2687, 0.0708, 0.0193, 0.1596
-0.2455, -0.2691, 0.0712, 0.0197, 0.1600
-0.2459, -0.2695, 0.0716, 0.0201, 0.1605
-0.2464, -0.2700, 0.0721, 0.0205, 0.1610
-0.2466, -0.2703, 0.0724, 0.0208, 0.1613
-0.2469, -0.2706, 0.0728, 0.0211, 0.1617
-0.2471, -0.2708, 0.0730, 0.0213, 0.1619
-0.2473, -0.2710, 0.0732, 0.0215, 0.1622
-0.2474, -0.2712, 0.0733, 0.0216, 0.1624
-0.2474, -0.2711, 0.0733, 0.0215, 0.1625
-0.2474, -0.2712, 0.0733, 0.0215, 0.1626
-0.2475, -0.2712, 0.0733, 0.0216, 0.1627
-0.2475, -0.2713, 0.0733, 0.0216, 0.1628
-0.2475, -0.2713, 0.0733, 0.0215, 0.1628
-0.2475, -0.2712, 0.0732, 0.0214, 0.1628
-0.2475, -0.2712, 0.0732, 0.0214, 0.1628
-0.2475, -0.2713, 0.0732, 0.0215, 0.1629
-0.2476, -0.2714, 0.0733, 0.0215, 0.1629
-0.2477, -0.2714, 0.0733, 0.0215, 0.1629
-0.2477, -0.2714, 0.0732, 0.0214, 0.1628
-0.2477, -0.2715, 0.0732, 0.0214, 0.1627
-0.2478, -0.2715, 0.0731, 0.0214, 0.1627
-0.2479, -0.2716, 0.0732, 0.0214, 0.1628
-0.2480, -0.2717, 0.0732, 0.0215, 0.1628
-0.2480, -0.2718, 0.0732, 0.0215, 0.1628
-0.2481, -0.2719, 0.0732, 0.0215, 0.1628
-0.2482, -0.2719, 0.0732, 0.0215, 0.1628
-0.2483, -0.2720, 0.0732, 0.0216, 0.1627
-0.2481, -0.2719, 0.0730, 0.0214, 0.1626
-0.2480, -0.2718, 0.0729, 0.0212, 0.1624
-0.2479, -0.2716, 0.0727, 0.0211, 0.1623
-0.2476, -0.2714, 0.0724, 0.0208, 0.1621
-0.2473, -0.2711, 0.0721, 0.0204, 0.1619
-0.2471, -0.2708, 0.0719, 0.0201, 0.1617
-0.2469, -0.2706, 0.0716, 0.0198, 0.1615
-0.2467, -0.2704, 0.0715, 0.0196, 0.1614
-0.2466, -0.2703, 0.0713, 0.0195, 0.1613
-0.2464, -0.2701, 0.0711, 0.0192, 0.1612
-0.2462, -0.2698, 0.0709, 0.0189, 0.1611
-0.2459, -0.2696, 0.0706, 0.0186, 0.1609
-0.2458, -0.2694, 0.0704, 0.0184, 0.1609
-0.2457, -0.2694, 0.0704, 0.0183, 0.1609
-0.2457, -0.2694, 0.0704, 0.0183, 0.1611
-0.2457, -0.2693, 0.0704, 0.0182, 0.1612
-0.2456, -0.2693, 0.0703, 0.0182, 0.1613
-0.2457, -0.2694, 0.0704, 0.0182, 0.1615
-0.2458, -0.2695, 0.0705, 0.0183, 0.1616
-0.2459, -0.2696, 0.0707, 0.0185, 0.1619
-0.2461, -0.2698, 0.0709, 0.0187, 0.1621
-0.2463, -0.2700, 0.0712, 0.0189, 0.1624
-0.2466, -0.2703, 0.0715, 0.0192, 0.1628
-0.2468, -0.2706, 0.0717, 0.0194, 0.1631
-0.2470, -0.2707, 0.0719, 0.0195, 0.1634
-0.2472, -0.2709, 0.0721, 0.0197, 0.1637
-0.2473, -0.2711, 0.0723, 0.0199, 0.1640
-0.2476, -0.2714, 0.0726, 0.0201, 0.1644
-0.2478, -0.2717, 0.0729, 0.0203, 0.1648
-0.2481, -0.2720, 0.0732, 0.0206, 0.1652
-0.2484, -0.2724, 0.0736, 0.0209, 0.1657
-0.2488, -0.2728, 0.0740, 0.0213, 0.1662
-0.2492, -0.2732, 0.0744, 0.0217, 0.1666
-0.2496, -0.2736, 0.0749, 0.0221, 0.1670
-0.2499, -0.2740, 0.0752, 0.0224, 0.1673
-0.2502, -0.2743, 0.0754, 0.0226, 0.1675
-0.2505, -0.2746, 0.0757, 0.0229, 0.1678
-0.2508, -0.2749, 0.0760, 0.0232, 0.1681
-0.2510, -0.2752, 0.0763, 0.0235, 0.1683
-0.2511, -0.2753, 0.0762, 0.0235, 0.1683
-0.2509, -0.2751, 0.0760, 0.0234, 0.1681
-0.2508, -0.2749, 0.0758, 0.0232, 0.1678
-0.2507, -0.2748, 0.0756, 0.0230, 0.1676
-0.2505, -0.2746, 0.0753, 0.0228, 0.1674
-0.2503, -0.2744, 0.0750, 0.0225, 0.1670
-0.2501, -0.2742, 0.0748, 0.0223, 0.1667
-0.2499, -0.2740, 0.0745, 0.0221, 0.1664
-0.2499, -0.2739, 0.0744, 0.0221, 0.1663
-0.2499, -0.2740, 0.0744, 0.0221, 0.1663
-0.2500, -0.2741, 0.0744, 0.0222, 0.1663
-0.2502, -0.2743, 0.0746, 0.0224, 0.1664
-0.2505, -0.2746, 0.0748, 0.0226, 0.1667
-0.2507, -0.2749, 0.0751, 0.0229, 0.1669
-0.2510, -0.2752, 0.0753, 0.0231, 0.1671
-0.2512, -0.2754, 0.0756, 0.0233, 0.1673
-0.2514, -0.2756, 0.0757, 0.0235, 0.1675
-0.2515, -0.2758, 0.0759, 0.0235, 0.1676
-0.2514, -0.2757, 0.0757, 0.0234, 0.1674
-0.2512, -0.2756, 0.0756, 0.0232, 0.1672
-0.2510, -0.2753, 0.0753, 0.0229, 0.1669
-0.2507, -0.2750, 0.0750, 0.0225, 0.1665
-0.2504, -0.2747, 0.0747, 0.0222, 0.1661
-0.2501, -0.2745, 0.0744, 0.0219, 0.1658
-0.2500, -0.2743, 0.0743, 0.0216, 0.1655
-0.2498, -0.2741, 0.0740, 0.0214, 0.1653
-0.2497, -0.2741, 0.0739, 0.0212, 0.1651
-0.2496, -0.2740, 0.0738, 0.0211, 0.1649
-0.2496, -0.2740, 0.0738, 0.0211, 0.1649
-0.2497, -0.2741, 0.0739, 0.0211, 0.1649
-0.2497, -0.2742, 0.0740, 0.0212, 0.1649
-0.2498, -0.2743, 0.0740, 0.0212, 0.1649
-0.2499, -0.2744, 0.0741, 0.0213, 0.1650
-0.2499, -0.2744, 0.0741, 0.0213, 0.1648
-0.2498, -0.2743, 0.0740, 0.0211, 0.1647
-0.2497, -0.2743, 0.0739, 0.0211, 0.1645
-0.2497, -0.2742, 0.0739, 0.0210, 0.1644
-0.2497, -0.2743, 0.0739, 0.0211, 0.1644
-0.2498, -0.2743, 0.0739, 0.0211, 0.1644
-0.2497, -0.2743, 0.0739, 0.0211, 0.1643
-0.2497, -0.2743, 0.0738, 0.0210, 0.1641
-0.2496, -0.2742, 0.0737, 0.0208, 0.1638
-0.2495, -0.2741, 0.0736, 0.0207, 0.1636
-0.2495, -0.2740, 0.0735, 0.0206, 0.1634
-0.2495, -0.2740, 0.0734, 0.0206, 0.1632
-0.2495, -0.2741, 0.0735, 0.0206, 0.1631
-0.2496, -0.2741, 0.0735, 0.0207, 0.1631
-0.2497, -0.2743, 0.0736, 0.0208, 0.1630
-0.2499, -0.2745, 0.0738, 0.0210, 0.1631
-0.2501, -0.2747, 0.0740, 0.0212, 0.1632
-0.2504, -0.2749, 0.0742, 0.0214, 0.1633
-0.2505, -0.2751, 0.0744, 0.0216, 0.1634
-0.2506, -0.2752, 0.0745, 0.0217, 0.1634
-0.2506, -0.2752, 0.0744, 0.0217, 0.1632
-0.2506, -0.2752, 0.0744, 0.0218, 0.1631
-0.2504, -0.2750, 0.0743, 0.0217, 0.1629
-0.2503, -0.2749, 0.0742, 0.0216, 0.1627
-0.2502, -0.2747, 0.0740, 0.0215, 0.1625
-0.2501, -0.2747, 0.0740, 0.0214, 0.1624
-0.2500, -0.2745, 0.0739, 0.0214, 0.1623
-0.2499, -0.2744, 0.0737, 0.0212, 0.1620
-0.2496, -0.2740, 0.0733, 0.0210, 0.1615
-0.2494, -0.2738, 0.0731, 0.0208, 0.1611
-0.2489, -0.2732, 0.0726, 0.0204, 0.1605
-0.2484, -0.2728, 0.0722, 0.0201, 0.1600
-0.2481, -0.2724, 0.0718, 0.0198, 0.1595
-0.2478, -0.2720, 0.0714, 0.0195, 0.1591
-0.2473, -0.2716, 0.0710, 0.0192, 0.1586
-0.2471, -0.2712, 0.0707, 0.0189, 0.1583
-0.2468, -0.2710, 0.0704, 0.0188, 0.1580
-0.2467, -0.2708, 0.0702, 0.0186, 0.1578
-0.2466, -0.2707, 0.0702, 0.0186, 0.1578
-0.2466, -0.2707, 0.0701, 0.0186, 0.1578
-0.2466, -0.2707, 0.0702, 0.0186, 0.1578
-0.2467, -0.2708, 0.0703, 0.0187, 0.1580
-0.2469, -0.2710, 0.0705, 0.0190, 0.1582
-0.2471, -0.2712, 0.0707, 0.0192, 0.1584
-0.2473, -0.2714, 0.0709, 0.0194, 0.1587
-0.2476, -0.2717, 0.0712, 0.0197, 0.1590
-0.2480, -0.2720, 0.0715, 0.0201, 0.1594
-0.2482, -0.2722, 0.0717, 0.0203, 0.1597
-0.2485, -0.2726, 0.0720, 0.0207, 0.1600
-0.2488, -0.2729, 0.0723, 0.0210, 0.1604
-0.2492, -0.2732, 0.0727, 0.0213, 0.1609
-0.2495, -0.2735, 0.0729, 0.0216, 0.1613
-0.2499, -0.2739, 0.0733, 0.0220, 0.1618
-0.2502, -0.2743, 0.0737, 0.0224, 0.1623
-0.2506, -0.2747, 0.0741, 0.0228, 0.1627
-0.2511, -0.2752, 0.0745, 0.0232, 0.1633
-0.2515, -0.2756, 0.0750, 0.0237, 0.1638
-0.2518, -0.2760, 0.0753, 0.0240, 0.1642
-0.2521, -0.2762, 0.0755, 0.0243, 0.1644
-0.2523, -0.2765, 0.0758, 0.0246, 0.1646
-0.2526, -0.2767, 0.0760, 0.0248, 0.1648
-0.2528, -0.2770, 0.0762, 0.0250, 0.1650
-0.2528, -0.2769, 0.0762, 0.0250, 0.1649
-0.2526, -0.2768, 0.0761, 0.0249, 0.1648
-0.2523, -0.2765, 0.0759, 0.0247, 0.1645
-0.2521, -0.2763, 0.0756, 0.0245, 0.1643
-0.2517, -0.2759, 0.0753, 0.0242, 0.1639
-0.2515, -0.2757, 0.0750, 0.0239, 0.1637
-0.2514, -0.2755, 0.0749, 0.0238, 0.1635
-0.2511, -0.2753, 0.0747, 0.0235, 0.1633
-0.2509, -0.2751, 0.0745, 0.0233, 0.1631
-0.2507, -0.2749, 0.0742, 0.0231, 0.1628
-0.2506, -0.2747, 0.0741, 0.0229, 0.1626
-0.2504, -0.2746, 0.0739, 0.0227, 0.1625
-0.2502, -0.2744, 0.0738, 0.0226, 0.1623
-0.2500, -0.2741, 0.0735, 0.0224, 0.1620
-0.2497, -0.2739, 0.0732, 0.0221, 0.1617
-0.2494, -0.2736, 0.0730, 0.0219, 0.1615
-0.2493, -0.2735, 0.0728, 0.0217, 0.1614
-0.2488, -0.2730, 0.0725, 0.0212, 0.1612
-0.2485, -0.2727, 0.0722, 0.0209, 0.1611
-0.2483, -0.2725, 0.0721, 0.0207, 0.1611
-0.2481, -0.2723, 0.0719, 0.0204, 0.1611
-0.2480, -0.2723, 0.0719, 0.0203, 0.1611
-0.2479, -0.2723, 0.0720, 0.0203, 0.1613
-0.2480, -0.2724, 0.0721, 0.0204, 0.1616
-0.2480, -0.2724, 0.0722, 0.0204, 0.1617
-0.2480, -0.2724, 0.0722, 0.0204, 0.1618
-0.2480, -0.2724, 0.0722, 0.0204, 0.1619
-0.2480, -0.2725, 0.0723, 0.0204, 0.1619
-0.2480, -0.2725, 0.0723, 0.0204, 0.1620
-0.2481, -0.2726, 0.0724, 0.0205, 0.1621
-0.2483, -0.2728, 0.0726, 0.0207, 0.1622
-0.2483, -0.2728, 0.0727, 0.0207, 0.1624
-0.2485, -0.2730, 0.0728, 0.0209, 0.1626
-0.2486, -0.2731, 0.0730, 0.0210, 0.1627
-0.2487, -0.2732, 0.0731, 0.0211, 0.1629
-0.2490, -0.2735, 0.0734, 0.0214, 0.1631
-0.2492, -0.2737, 0.0736, 0.0216, 0.1633
-0.2494, -0.2740, 0.0739, 0.0219, 0.1636
-0.2497, -0.2743, 0.0742, 0.0222, 0.1638
-0.2501, -0.2746, 0.0746, 0.0226, 0.1641
-0.2505, -0.2751, 0.0750, 0.0230, 0.1645
-0.2509, -0.2755, 0.0755, 0.0234, 0.1649
-0.2513, -0.2760, 0.0759, 0.0239, 0.1653
-0.2518, -0.2764, 0.0764, 0.0243, 0.1658
-0.2522, -0.2769, 0.0768, 0.0247, 0.1662
-0.2526, -0.2773, 0.0772, 0.0251, 0.1666
-0.2529, -0.2776, 0.0775, 0.0254, 0.1669
-0.2532, -0.2780, 0.0778, 0.0258, 0.1672
-0.2535, -0.2783, 0.0781, 0.0260, 0.1674
-0.2536, -0.2784, 0.0781, 0.0261, 0.1675
-0.2538, -0.2786, 0.0782, 0.0262, 0.1675
-0.2538, -0.2786, 0.0782, 0.0262, 0.1673
-0.2539, -0.2786, 0.0781, 0.0262, 0.1673
-0.2538, -0.2786, 0.0780, 0.0262, 0.1671
-0.2536, -0.2783, 0.0776, 0.0258, 0.1666
-0.2534, -0.2781, 0.0774, 0.0256, 0.1663
-0.2533, -0.2780, 0.0772, 0.0255, 0.1661
-0.2533, -0.2780, 0.0772, 0.0255, 0.1659
-0.2531, -0.2778, 0.0770, 0.0253, 0.1656
-0.2530, -0.2776, 0.0767, 0.0251, 0.1653
-0.2528, -0.2774, 0.0765, 0.0249, 0.1649
-0.2527, -0.2773, 0.0763, 0.0248, 0.1647
-0.2522, -0.2768, 0.0757, 0.0243, 0.1641
-0.2518, -0.2764, 0.0753, 0.0239, 0.1637
-0.2516, -0.2761, 0.0750, 0.0237, 0.1634
-0.2514, -0.2760, 0.0748, 0.0235, 0.1632
-0.2511, -0.2756, 0.0744, 0.0231, 0.1629
-0.2506, -0.2751, 0.0739, 0.0226, 0.1625
-0.2502, -0.2747, 0.0736, 0.0223, 0.1622
-0.2499, -0.2744, 0.0733, 0.0220, 0.1620
-0.2496, -0.2741, 0.0730, 0.0217, 0.1618
-0.2495, -0.2740, 0.0729, 0.0215, 0.1617
-0.2492, -0.2738, 0.0727, 0.0213, 0.1616
-0.2490, -0.2735, 0.0725, 0.0211, 0.1614
-0.2488, -0.2734, 0.0724, 0.0209, 0.1614
-0.2488, -0.2734, 0.0724, 0.0210, 0.1614
-0.2489, -0.2735, 0.0725, 0.0210, 0.1616
-0.2490, -0.2736, 0.0726, 0.0212, 0.1617
-0.2492, -0.2738, 0.0729, 0.0214, 0.1620
-0.2493, -0.2740, 0.0730, 0.0216, 0.1621
-0.2495, -0.2742, 0.0733, 0.0218, 0.1623
-0.2497, -0.2744, 0.0735, 0.0221, 0.1625
-0.2499, -0.2746, 0.0736, 0.0222, 0.1627
-0.2501, -0.2748, 0.0739, 0.0225, 0.1629
-0.2501, -0.2749, 0.0740, 0.0225, 0.1631
-0.2502, -0.2750, 0.0741, 0.0225, 0.1633
-0.2502, -0.2751, 0.0743, 0.0226, 0.1634
-0.2502, -0.2751, 0.0743, 0.0225, 0.1635
-0.2500, -0.2749, 0.0741, 0.0223, 0.1634
-0.2498, -0.2747, 0.0740, 0.0221, 0.1634
-0.2497, -0.2746, 0.0739, 0.0220, 0.1634
-0.2496, -0.2746, 0.0739, 0.0219, 0.1635
-0.2496, -0.2746, 0.0739, 0.0219, 0.1636
-0.2494, -0.2744, 0.0738, 0.0217, 0.1636
-0.2494, -0.2744, 0.0738, 0.0217, 0.1637
-0.2494, -0.2744, 0.0738, 0.0217, 0.1638
-0.2495, -0.2745, 0.0740, 0.0218, 0.1641
-0.2496, -0.2747, 0.0741, 0.0220, 0.1644
-0.2498, -0.2750, 0.0744, 0.0222, 0.1647
-0.2500, -0.2751, 0.0745, 0.0223, 0.1649
-0.2502, -0.2754, 0.0748, 0.0226, 0.1652
-0.2504, -0.2756, 0.0750, 0.0228, 0.1655
-0.2502, -0.2754, 0.0748, 0.0226, 0.1655
-0.2500, -0.2752, 0.0746, 0.0224, 0.1654
-0.2498, -0.2751, 0.0745, 0.0222, 0.1653
-0.2497, -0.2750, 0.0744, 0.0221, 0.1653
-0.2497, -0.2750, 0.0743, 0.0221, 0.1654
-0.2497, -0.2750, 0.0743, 0.0221, 0.1654
-0.2497, -0.2750, 0.0743, 0.0221, 0.1654
-0.2499, -0.2752, 0.0745, 0.0223, 0.1656
-0.2500, -0.2753, 0.0746, 0.0224, 0.1658
-0.2502, -0.2755, 0.0748, 0.0225, 0.1660
-0.2504, -0.2758, 0.0750, 0.0228, 0.1663
-0.2507, -0.2760, 0.0752, 0.0230, 0.1666
-0.2510, -0.2764, 0.0755, 0.0233, 0.1670
-0.2513, -0.2767, 0.0758, 0.0237, 0.1673
-0.2517, -0.2772, 0.0762, 0.0241, 0.1678
-0.2518, -0.2772, 0.0763, 0.0241, 0.1679
-0.2517, -0.2772, 0.0762, 0.0240, 0.1677
-0.2517, -0.2772, 0.0761, 0.0240, 0.1677
-0.2516, -0.2770, 0.0760, 0.0239, 0.1676
-0.2516, -0.2770, 0.0759, 0.0239, 0.1675
-0.2514, -0.2768, 0.0756, 0.0237, 0.1673
-0.2513, -0.2767, 0.0754, 0.0235, 0.1670
-0.2511, -0.2765, 0.0752, 0.0232, 0.1668
-0.2509, -0.2762, 0.0750, 0.0230, 0.1666
-0.2505, -0.2758, 0.0746, 0.0225, 0.1664
-0.2501, -0.2755, 0.0743, 0.0220, 0.1663
-0.2497, -0.2750, 0.0739, 0.0215, 0.1660
-0.2492, -0.2746, 0.0735, 0.0210, 0.1657
-0.2489, -0.2743, 0.0732, 0.0207, 0.1656
-0.2487, -0.2740, 0.0730, 0.0203, 0.1655
-0.2484, -0.2738, 0.0729, 0.0201, 0.1655
-0.2483, -0.2737, 0.0728, 0.0199, 0.1656
-0.2481, -0.2736, 0.0727, 0.0197, 0.1657
-0.2480, -0.2735, 0.0726, 0.0195, 0.1658
-0.2479, -0.2734, 0.0726, 0.0194, 0.1659
-0.2479, -0.2734, 0.0726, 0.0194, 0.1660
-0.2480, -0.2736, 0.0728, 0.0195, 0.1663
-0.2482, -0.2738, 0.0730, 0.0196, 0.1666
-0.2484, -0.2740, 0.0733, 0.0198, 0.1670
-0.2486, -0.2742, 0.0735, 0.0200, 0.1673
-0.2489, -0.2745, 0.0738, 0.0203, 0.1677
-0.2490, -0.2746, 0.0739, 0.0204, 0.1678
-0.2492, -0.2749, 0.0741, 0.0207, 0.1679
-0.2495, -0.2751, 0.0743, 0.0209, 0.1681
-0.2498, -0.2754, 0.0746, 0.0212, 0.1684
-0.2501, -0.2757, 0.0749, 0.0215, 0.1686
-0.2504, -0.2761, 0.0752, 0.0218, 0.1690
-0.2509, -0.2766, 0.0757, 0.0223, 0.1695
-0.2513, -0.2770, 0.0761, 0.0227, 0.1699
-0.2518, -0.2775, 0.0766, 0.0232, 0.1704
-0.2522, -0.2780, 0.0771, 0.0237, 0.1709
-0.2525, -0.2782, 0.0773, 0.0239, 0.1711
-0.2528, -0.2785, 0.0776, 0.0242, 0.1714
-0.2531, -0.2788, 0.0779, 0.0245, 0.1717
-0.2534, -0.2791, 0.0781, 0.0248, 0.1718
-0.2535, -0.2792, 0.0782, 0.0249, 0.1719
-0.2536, -0.2793, 0.0783, 0.0250, 0.1719
-0.2536, -0.2792, 0.0782, 0.0249, 0.1717
-0.2535, -0.2791, 0.0781, 0.0249, 0.1715
-0.2533, -0.2789, 0.0778, 0.0247, 0.1712
-0.2531, -0.2786, 0.0775, 0.0244, 0.1708
-0.2528, -0.2783, 0.0771, 0.0240, 0.1703
-0.2526, -0.2780, 0.0767, 0.0238, 0.1699
-0.2524, -0.2777, 0.0765, 0.0235, 0.1696
-0.2523, -0.2775, 0.0763, 0.0234, 0.1694
-0.2522, -0.2775, 0.0761, 0.0233, 0.1692
-0.2522, -0.2774, 0.0761, 0.0232, 0.1692
-0.2522, -0.2775, 0.0761, 0.0233, 0.1692
-0.2523, -0.2775, 0.0761, 0.0233, 0.1692
-0.2523, -0.2775, 0.0761, 0.0233, 0.1692
-0.2522, -0.2773, 0.0759, 0.0232, 0.1691
-0.2521, -0.2773, 0.0758, 0.0231, 0.1691
-0.2520, -0.2772, 0.0757, 0.0230, 0.1690
-0.2519, -0.2772, 0.0757, 0.0230, 0.1691
-0.2519, -0.2771, 0.0756, 0.0229, 0.1691
-0.2519, -0.2771, 0.0756, 0.0229, 0.1691
-0.2520, -0.2772, 0.0757, 0.0230, 0.1693
-0.2520, -0.2773, 0.0758, 0.0230, 0.1694
-0.2520, -0.2772, 0.0757, 0.0230, 0.1693
-0.2519, -0.2771, 0.0756, 0.0229, 0.1693
-0.2518, -0.2770, 0.0755, 0.0228, 0.1692
-0.2517, -0.2769, 0.0754, 0.0227, 0.1691
-0.2516, -0.2769, 0.0753, 0.0226, 0.1691
-0.2516, -0.2768, 0.0753, 0.0225, 0.1691
-0.2516, -0.2769, 0.0754, 0.0225, 0.1692
-0.2517, -0.2770, 0.0755, 0.0226, 0.1693
-0.2518, -0.2771, 0.0756, 0.0227, 0.1695
-0.2519, -0.2773, 0.0758, 0.0227, 0.1696
-0.2520, -0.2775, 0.0760, 0.0229, 0.1698
-0.2520, -0.2774, 0.0760, 0.0229, 0.1697
-0.2520, -0.2774, 0.0760, 0.0229, 0.1695
-0.2520, -0.2775, 0.0761, 0.0229, 0.1695
-0.2521, -0.2776, 0.0761, 0.0230, 0.1694
-0.2522, -0.2777, 0.0762, 0.0231, 0.1694
-0.2523, -0.2779, 0.0764, 0.0233, 0.1695
-0.2526, -0.2781, 0.0766, 0.0235, 0.1696
-0.2528, -0.2784, 0.0768, 0.0237, 0.1696
-0.2530, -0.2786, 0.0770, 0.0240, 0.1697
-0.2532, -0.2788, 0.0772, 0.0242, 0.1697
-0.2532, -0.2788, 0.0772, 0.0242, 0.1695
-0.2532, -0.2789, 0.0772, 0.0243, 0.1694
-0.2532, -0.2789, 0.0771, 0.0243, 0.1692
-0.2533, -0.2789, 0.0771, 0.0244, 0.1691
-0.2534, -0.2790, 0.0772, 0.0244, 0.1691
-0.2535, -0.2791, 0.0772, 0.0245, 0.1690
-0.2536, -0.2792, 0.0773, 0.0246, 0.1689
-0.2538, -0.2794, 0.0774, 0.0248, 0.1689
-0.2540, -0.2796, 0.0775, 0.0249, 0.1690
-0.2540, -0.2796, 0.0775, 0.0250, 0.1689
-0.2540, -0.2797, 0.0775, 0.0250, 0.1687
-0.2539, -0.2795, 0.0774, 0.0249, 0.1684
-0.2539, -0.2795, 0.0774, 0.0249, 0.1683
-0.2538, -0.2794, 0.0772, 0.0248, 0.1680
-0.2536, -0.2793, 0.0770, 0.0247, 0.1677
-0.2535, -0.2791, 0.0769, 0.0245, 0.1675
-0.2532, -0.2789, 0.0766, 0.0243, 0.1672
-0.2526, -0.2782, 0.0760, 0.0237, 0.1666
-0.2520, -0.2776, 0.0754, 0.0231, 0.1660
-0.2515, -0.2770, 0.0748, 0.0226, 0.1654
-0.2509, -0.2763, 0.0742, 0.0220, 0.1648
-0.2503, -0.2758, 0.0737, 0.0214, 0.1643
-0.2498, -0.2752, 0.0732, 0.0210, 0.1638
-0.2494, -0.2747, 0.0727, 0.0205, 0.1635
-0.2490, -0.2744, 0.0724, 0.0202, 0.1632
-0.2488, -0.2741, 0.0721, 0.0200, 0.1630
-0.2486, -0.2739, 0.0720, 0.0199, 0.1629
-0.2486, -0.2738, 0.0719, 0.0199, 0.1629
-0.2486, -0.2738, 0.0720, 0.0199, 0.1630
-0.2484, -0.2737, 0.0719, 0.0199, 0.1631
-0.2484, -0.2736, 0.0719, 0.0198, 0.1632
-0.2484, -0.2737, 0.0720, 0.0199, 0.1634
-0.2485, -0.2738, 0.0721, 0.0201, 0.1636
-0.2487, -0.2740, 0.0724, 0.0203, 0.1640
-0.2489, -0.2742, 0.0727, 0.0205, 0.1644
-0.2492, -0.2745, 0.0730, 0.0208, 0.1648
-0.2494, -0.2748, 0.0733, 0.0212, 0.1652
-0.2498, -0.2752, 0.0737, 0.0216, 0.1657
-0.2502, -0.2755, 0.0741, 0.0220, 0.1663
-0.2506, -0.2760, 0.0746, 0.0224, 0.1669
-0.2510, -0.2764, 0.0751, 0.0228, 0.1675
-0.2514, -0.2769, 0.0756, 0.0233, 0.1681
-0.2518, -0.2773, 0.0760, 0.0237, 0.1686
-0.2522, -0.2777, 0.0764, 0.0241, 0.1690
-0.2526, -0.2781, 0.0768, 0.0245, 0.1696
-0.2530, -0.2786, 0.0773, 0.0249, 0.1700
-0.2533, -0.2789, 0.0776, 0.0252, 0.1704
-0.2535, -0.2792, 0.0778, 0.0255, 0.1707
-0.2537, -0.2794, 0.0780, 0.0256, 0.1709
-0.2539, -0.2796, 0.0782, 0.0258, 0.1711
-0.2541, -0.2798, 0.0784, 0.0260, 0.1713
-0.2543, -0.2800, 0.0786, 0.0261, 0.1715
-0.2545, -0.2802, 0.0788, 0.0262, 0.1717
-0.2546, -0.2804, 0.0789, 0.0263, 0.1718
-0.2547, -0.2805, 0.0790, 0.0264, 0.1718
-0.2548, -0.2806, 0.0792, 0.0265, 0.1718
-0.2550, -0.2808, 0.0793, 0.0266, 0.1719
-0.2552, -0.2811, 0.0796, 0.0268, 0.1721
-0.2555, -0.2814, 0.0799, 0.0271, 0.1724
-0.2558, -0.2817, 0.0801, 0.0273, 0.1727
-0.2561, -0.2820, 0.0804, 0.0275, 0.1729
-0.2564, -0.2824, 0.0806, 0.0278, 0.1731
-0.2566, -0.2827, 0.0809, 0.0280, 0.1733
-0.2569, -0.2829, 0.0811, 0.0282, 0.1734
-0.2569, -0.2830, 0.0810, 0.0281, 0.1733
-0.2568, -0.2829, 0.0808, 0.0280, 0.1730
-0.2568, -0.2829, 0.0808, 0.0279, 0.1728
-0.2568, -0.2829, 0.0806, 0.0278, 0.1726
-0.2568, -0.2829, 0.0806, 0.0278, 0.1724
-0.2569, -0.2829, 0.0805, 0.0278, 0.1721
-0.2568, -0.2829, 0.0804, 0.0276, 0.1718
-0.2567, -0.2828, 0.0802, 0.0275, 0.1715
-0.2565, -0.2825, 0.0799, 0.0271, 0.1711
-0.2563, -0.2824, 0.0797, 0.0269, 0.1708
-0.2561, -0.2821, 0.0794, 0.0266, 0.1705
-0.2559, -0.2820, 0.0792, 0.0264, 0.1702
-0.2559, -0.2819, 0.0791, 0.0262, 0.1700
-0.2559, -0.2819, 0.0791, 0.0262, 0.1699
-0.2558, -0.2819, 0.0790, 0.0261, 0.1697
-0.2557, -0.2818, 0.0789, 0.0260, 0.1696
-0.2557, -0.2818, 0.0788, 0.0259, 0.1694
-0.2557, -0.2818, 0.0788, 0.0258, 0.1694
-0.2557, -0.2819, 0.0788, 0.0258, 0.1694
-0.2557, -0.2818, 0.0788, 0.0258, 0.1694
-0.2558, -0.2819, 0.0788, 0.0258, 0.1694
-0.2556, -0.2817, 0.0786, 0.0256, 0.1691
-0.2555, -0.2816, 0.0785, 0.0255, 0.1690
-0.2554, -0.2815, 0.0784, 0.0254, 0.1688
-0.2553, -0.2814, 0.0783, 0.0253, 0.1686
-0.2552, -0.2813, 0.0782, 0.0252, 0.1685
-0.2552, -0.2813, 0.0782, 0.0252, 0.1683
-0.2552, -0.2813, 0.0781, 0.0252, 0.1682
-0.2552, -0.2813, 0.0781, 0.0252, 0.1681
-0.2553, -0.2814, 0.0782, 0.0253, 0.1681
-0.2554, -0.2815, 0.0783, 0.0254, 0.1681
-0.2551, -0.2812, 0.0780, 0.0251, 0.1679
-0.2549, -0.2810, 0.0779, 0.0249, 0.1678
-0.2547, -0.2808, 0.0778, 0.0248, 0.1677
-0.2546, -0.2807, 0.0777, 0.0247, 0.1677
-0.2544, -0.2806, 0.0777, 0.0246, 0.1677
-0.2544, -0.2806, 0.0777, 0.0246, 0.1679
-0.2543, -0.2806, 0.0777, 0.0246, 0.1680
-0.2539, -0.2802, 0.0774, 0.0242, 0.1676
-0.2536, -0.2799, 0.0772, 0.0240, 0.1673
-0.2533, -0.2797, 0.0769, 0.0238, 0.1670
-0.2532, -0.2795, 0.0768, 0.0237, 0.1669
-0.2531, -0.2794, 0.0768, 0.0236, 0.1668
-0.2530, -0.2794, 0.0769, 0.0237, 0.1669
-0.2531, -0.2795, 0.0770, 0.0238, 0.1670
-0.2532, -0.2796, 0.0771, 0.0239, 0.1672
-0.2533, -0.2798, 0.0774, 0.0241, 0.1675
-0.2535, -0.2801, 0.0777, 0.0244, 0.1678
-0.2537, -0.2803, 0.0779, 0.0246, 0.1681
-0.2538, -0.2804, 0.0781, 0.0247, 0.1683
-0.2539, -0.2806, 0.0783, 0.0249, 0.1684
-0.2540, -0.2807, 0.0784, 0.0250, 0.1686
-0.2540, -0.2806, 0.0784, 0.0250, 0.1684
-0.2539, -0.2806, 0.0783, 0.0250, 0.1683
-0.2536, -0.2803, 0.0781, 0.0248, 0.1680
-0.2530, -0.2797, 0.0776, 0.0242, 0.1673
-0.2525, -0.2792, 0.0772, 0.0238, 0.1668
-0.2521, -0.2789, 0.0769, 0.0235, 0.1664
-0.2518, -0.2786, 0.0767, 0.0233, 0.1661
-0.2516, -0.2784, 0.0765, 0.0231, 0.1658
-0.2514, -0.2782, 0.0763, 0.0229, 0.1656
-0.2511, -0.2779, 0.0761, 0.0227, 0.1653
-0.2510, -0.2778, 0.0761, 0.0226, 0.1651
-0.2509, -0.2778, 0.0760, 0.0226, 0.1649
-0.2508, -0.2777, 0.0760, 0.0226, 0.1648
-0.2509, -0.2778, 0.0760, 0.0226, 0.1648
-0.2510, -0.2779, 0.0762, 0.0228, 0.1649
-0.2510, -0.2780, 0.0762, 0.0229, 0.1648
-0.2512, -0.2781, 0.0764, 0.0231, 0.1649
-0.2514, -0.2783, 0.0766, 0.0233, 0.1650
-0.2515, -0.2785, 0.0767, 0.0235, 0.1650
-0.2517, -0.2787, 0.0769, 0.0237, 0.1651
-0.2519, -0.2789, 0.0771, 0.0239, 0.1653
-0.2522, -0.2792, 0.0774, 0.0242, 0.1655
-0.2525, -0.2795, 0.0776, 0.0244, 0.1657
-0.2527, -0.2797, 0.0778, 0.0247, 0.1658
-0.2530, -0.2800, 0.0781, 0.0250, 0.1660
-0.2532, -0.2802, 0.0782, 0.0251, 0.1661
-0.2531, -0.2801, 0.0781, 0.0250, 0.1660
-0.2529, -0.2799, 0.0779, 0.0248, 0.1657
-0.2528, -0.2798, 0.0777, 0.0247, 0.1656
-0.2527, -0.2797, 0.0777, 0.0246, 0.1655
-0.2526, -0.2796, 0.0775, 0.0245, 0.1653
-0.2525, -0.2795, 0.0773, 0.0244, 0.1651
-0.2524, -0.2794, 0.0773, 0.0244, 0.1649
-0.2525, -0.2794, 0.0773, 0.0244, 0.1649
-0.2525, -0.2794, 0.0773, 0.0244, 0.1649
-0.2525, -0.2794, 0.0772, 0.0244, 0.1649
-0.2526, -0.2795, 0.0773, 0.0246, 0.1650
-0.2527, -0.2796, 0.0774, 0.0247, 0.1652
-0.2528, -0.2798, 0.0775, 0.0249, 0.1652
-0.2530, -0.2799, 0.0776, 0.0250, 0.1652
-0.2531, -0.2800, 0.0777, 0.0251, 0.1652
-0.2530, -0.2799, 0.0776, 0.0250, 0.1649
-0.2530, -0.2799, 0.0775, 0.0249, 0.1646
-0.2529, -0.2798, 0.0774, 0.0249, 0.1644
-0.2530, -0.2799, 0.0774, 0.0249, 0.1642
-0.2529, -0.2798, 0.0773, 0.0248, 0.1640
-0.2530, -0.2798, 0.0773, 0.0249, 0.1639
-0.2531, -0.2800, 0.0775, 0.0250, 0.1639
-0.2532, -0.2801, 0.0776, 0.0251, 0.1638
-0.2532, -0.2800, 0.0775, 0.0251, 0.1636
-0.2530, -0.2799, 0.0773, 0.0249, 0.1633
-0.2530, -0.2798, 0.0773, 0.0249, 0.1631
-0.2529, -0.2798, 0.0772, 0.0248, 0.1629
-0.2530, -0.2798, 0.0772, 0.0248, 0.1628
-0.2530, -0.2799, 0.0773, 0.0249, 0.1628
-0.2530, -0.2799, 0.0772, 0.0249, 0.1628
-0.2531, -0.2799, 0.0773, 0.0249, 0.1628
-0.2532, -0.2801, 0.0774, 0.0250, 0.1629
-0.2533, -0.2801, 0.0774, 0.0251, 0.1629
-0.2533, -0.2801, 0.0774, 0.0251, 0.1628
-0.2534, -0.2802, 0.0774, 0.0251, 0.1629
-0.2535, -0.2803, 0.0775, 0.0253, 0.1629
-0.2534, -0.2802, 0.0773, 0.0251, 0.1626
-0.2533, -0.2800, 0.0771, 0.0250, 0.1623
-0.2532, -0.2800, 0.0770, 0.0250, 0.1621
-0.2532, -0.2800, 0.0770, 0.0250, 0.1620
-0.2532, -0.2799, 0.0770, 0.0249, 0.1619
-0.2533, -0.2800, 0.0771, 0.0250, 0.1620
-0.2534, -0.2802, 0.0772, 0.0251, 0.1620
-0.2535, -0.2803, 0.0773, 0.0252, 0.1621
-0.2537, -0.2805, 0.0775, 0.0254, 0.1623
-0.2540, -0.2808, 0.0777, 0.0257, 0.1625
-0.2543, -0.2811, 0.0780, 0.0260, 0.1627
-0.2545, -0.2813, 0.0782, 0.0262, 0.1629
-0.2548, -0.2816, 0.0785, 0.0265, 0.1631
-0.2550, -0.2819, 0.0787, 0.0267, 0.1633
-0.2553, -0.2821, 0.0790, 0.0270, 0.1636
-0.2555, -0.2823, 0.0791, 0.0272, 0.1636
-0.2556, -0.2824, 0.0792, 0.0273, 0.1637
-0.2558, -0.2826, 0.0793, 0.0275, 0.1638
-0.2561, -0.2829, 0.0796, 0.0278, 0.1640
-0.2564, -0.2832, 0.0799, 0.0281, 0.1643
-0.2565, -0.2834, 0.0800, 0.0282, 0.1644
-0.2567, -0.2836, 0.0802, 0.0284, 0.1644
-0.2568, -0.2836, 0.0802, 0.0285, 0.1644
-0.2569, -0.2838, 0.0803, 0.0286, 0.1644
-0.2571, -0.2840, 0.0805, 0.0288, 0.1645
-0.2572, -0.2841, 0.0806, 0.0289, 0.1645
-0.2574, -0.2842, 0.0807, 0.0290, 0.1645
-0.2575, -0.2844, 0.0808, 0.0291, 0.1646
-0.2575, -0.2844, 0.0808, 0.0291, 0.1646
-0.2574, -0.2842, 0.0806, 0.0289, 0.1643
-0.2571, -0.2839, 0.0803, 0.0286, 0.1639
-0.2569, -0.2837, 0.0800, 0.0284, 0.1637
-0.2568, -0.2836, 0.0799, 0.0283, 0.1635
-0.2567, -0.2835, 0.0798, 0.0282, 0.1634
-0.2563, -0.2832, 0.0795, 0.0278, 0.1632
-0.2560, -0.2829, 0.0792, 0.0275, 0.1629
-0.2559, -0.2828, 0.0792, 0.0274, 0.1629
-0.2558, -0.2828, 0.0791, 0.0273, 0.1629
-0.2555, -0.2825, 0.0790, 0.0271, 0.1627
-0.2554, -0.2824, 0.0789, 0.0269, 0.1626
-0.2550, -0.2821, 0.0786, 0.0266, 0.1622
-0.2547, -0.2819, 0.0785, 0.0264, 0.1620
-0.2544, -0.2816, 0.0783, 0.0261, 0.1617
-0.2542, -0.2815, 0.0782, 0.0259, 0.1614
-0.2541, -0.2814, 0.0782, 0.0258, 0.1613
-0.2541, -0.2815, 0.0783, 0.0259, 0.1613
-0.2542, -0.2816, 0.0784, 0.0260, 0.1614
-0.2544, -0.2818, 0.0787, 0.0262, 0.1616
-0.2544, -0.2819, 0.0788, 0.0263, 0.1617
-0.2545, -0.2821, 0.0790, 0.0264, 0.1619
-0.2546, -0.2822, 0.0792, 0.0266, 0.1621
-0.2547, -0.2823, 0.0793, 0.0266, 0.1623
-0.2547, -0.2824, 0.0794, 0.0267, 0.1624
-0.2547, -0.2824, 0.0795, 0.0267, 0.1625
-0.2546, -0.2824, 0.0795, 0.0267, 0.1625
-0.2543, -0.2821, 0.0793, 0.0264, 0.1625
-0.2541, -0.2820, 0.0793, 0.0263, 0.1627
-0.2540, -0.2819, 0.0792, 0.0262, 0.1627
-0.2539, -0.2818, 0.0793, 0.0261, 0.1629
-0.2539, -0.2819, 0.0794, 0.0261, 0.1630
-0.2539, -0.2819, 0.0794, 0.0261, 0.1632
-0.2539, -0.2820, 0.0796, 0.0262, 0.1635
-0.2540, -0.2821, 0.0798, 0.0263, 0.1638
-0.2541, -0.2823, 0.0800, 0.0264, 0.1641
-0.2540, -0.2823, 0.0800, 0.0263, 0.1643
-0.2538, -0.2822, 0.0800, 0.0261, 0.1643
-0.2538, -0.2822, 0.0800, 0.0260, 0.1645
-0.2537, -0.2822, 0.0801, 0.0260, 0.1647
-0.2537, -0.2822, 0.0802, 0.0259, 0.1647
-0.2536, -0.2822, 0.0802, 0.0258, 0.1647
-0.2535, -0.2821, 0.0801, 0.0256, 0.1646
-0.2534, -0.2821, 0.0800, 0.0255, 0.1645
-0.2534, -0.2821, 0.0800, 0.0254, 0.1645
-0.2534, -0.2822, 0.0800, 0.0254, 0.1646
-0.2535, -0.2823, 0.0801, 0.0254, 0.1646
-0.2534, -0.2822, 0.0800, 0.0252, 0.1645
-0.2532, -0.2821, 0.0798, 0.0251, 0.1644
-0.2531, -0.2820, 0.0797, 0.0249, 0.1642
-0.2531, -0.2820, 0.0797, 0.0249, 0.1643
-0.2531, -0.2821, 0.0797, 0.0250, 0.1644
-0.2532, -0.2822, 0.0798, 0.0250, 0.1645
-0.2533, -0.2824, 0.0799, 0.0251, 0.1646
-0.2534, -0.2825, 0.0800, 0.0252, 0.1646
-0.2534, -0.2825, 0.0800, 0.0252, 0.1646
-0.2535, -0.2826, 0.0800, 0.0253, 0.1646
-0.2536, -0.2826, 0.0800, 0.0253, 0.1646
-0.2537, -0.2827, 0.0800, 0.0254, 0.1646
-0.2538, -0.2829, 0.0801, 0.0255, 0.1646
-0.2540, -0.2830, 0.0801, 0.0256, 0.1646
-0.2541, -0.2831, 0.0802, 0.0257, 0.1646
-0.2542, -0.2832, 0.0802, 0.0257, 0.1645
-0.2543, -0.2832, 0.0802, 0.0258, 0.1645
-0.2544, -0.2833, 0.0802, 0.0258, 0.1645
-0.2544, -0.2833, 0.0802, 0.0258, 0.1645
-0.2545, -0.2833, 0.0802, 0.0259, 0.1645
-0.2546, -0.2834, 0.0802, 0.0259, 0.1644
-0.2547, -0.2835, 0.0802, 0.0260, 0.1645
-0.2549, -0.2836, 0.0804, 0.0261, 0.1646
-0.2550, -0.2838, 0.0805, 0.0262, 0.1646
-0.2551, -0.2838, 0.0804, 0.0262, 0.1646
-0.2551, -0.2839, 0.0805, 0.0262, 0.1646
-0.2553, -0.2840, 0.0806, 0.0264, 0.1646
-0.2555, -0.2842, 0.0808, 0.0266, 0.1649
-0.2557, -0.2844, 0.0809, 0.0267, 0.1650
-0.2559, -0.2846, 0.0811, 0.0269, 0.1652
-0.2561, -0.2849, 0.0813, 0.0271, 0.1654
-0.2562, -0.2850, 0.0814, 0.0272, 0.1655
-0.2562, -0.2850, 0.0814, 0.0272, 0.1656
-0.2564, -0.2852, 0.0815, 0.0273, 0.1657
-0.2564, -0.2852, 0.0816, 0.0273, 0.1658
-0.2564, -0.2852, 0.0816, 0.0273, 0.1659
-0.2565, -0.2853, 0.0817, 0.0274, 0.1661
-0.2566, -0.2855, 0.0819, 0.0275, 0.1663
-0.2567, -0.2856, 0.0820, 0.0276, 0.1664
-0.2570, -0.2859, 0.0822, 0.0278, 0.1667
-0.2572, -0.2861, 0.0825, 0.0280, 0.1669
-0.2572, -0.2862, 0.0825, 0.0280, 0.1669
-0.2574, -0.2863, 0.0826, 0.0281, 0.1670
-0.2572, -0.2862, 0.0824, 0.0279, 0.1668
-0.2569, -0.2858, 0.0821, 0.0276, 0.1664
-0.2565, -0.2854, 0.0817, 0.0272, 0.1659
-0.2563, -0.2851, 0.0814, 0.0269, 0.1656
-0.2562, -0.2850, 0.0813, 0.0267, 0.1655
-0.2559, -0.2848, 0.0811, 0.0265, 0.1652
-0.2558, -0.2846, 0.0810, 0.0263, 0.1651
-0.2557, -0.2846, 0.0809, 0.0263, 0.1650
-0.2557, -0.2845, 0.0808, 0.0262, 0.1650
-0.2556, -0.2845, 0.0808, 0.0261, 0.1649
-0.2555, -0.2843, 0.0806, 0.0260, 0.1647
-0.2554, -0.2842, 0.0805, 0.0259, 0.1645
-0.2553, -0.2841, 0.0803, 0.0257, 0.1642
-0.2552, -0.2839, 0.0801, 0.0256, 0.1640
-0.2551, -0.2838, 0.0799, 0.0255, 0.1637
-0.2548, -0.2835, 0.0796, 0.0253, 0.1633
-0.2547, -0.2833, 0.0794, 0.0251, 0.1630
-0.2544, -0.2830, 0.0791, 0.0249, 0.1627
-0.2542, -0.2828, 0.0789, 0.0247, 0.1624
-0.2542, -0.2828, 0.0789, 0.0247, 0.1623
-0.2542, -0.2829, 0.0790, 0.0248, 0.1623
-0.2542, -0.2829, 0.0790, 0.0249, 0.1623
-0.2543, -0.2830, 0.0791, 0.0250, 0.1624
-0.2544, -0.2832, 0.0793, 0.0252, 0.1625
-0.2546, -0.2833, 0.0795, 0.0254, 0.1626
-0.2547, -0.2835, 0.0796, 0.0256, 0.1626
-0.2549, -0.2837, 0.0798, 0.0258, 0.1628
-0.2550, -0.2838, 0.0799, 0.0259, 0.1628
-0.2550, -0.2838, 0.0799, 0.0260, 0.1626
-0.2551, -0.2839, 0.0799, 0.0261, 0.1626
-0.2553, -0.2841, 0.0801, 0.0263, 0.1627
-0.2556, -0.2844, 0.0804, 0.0266, 0.1629
-0.2559, -0.2847, 0.0807, 0.0269, 0.1631
-0.2562, -0.2851, 0.0811, 0.0273, 0.1634
-0.2565, -0.2855, 0.0814, 0.0277, 0.1637
-0.2569, -0.2859, 0.0818, 0.0281, 0.1641
-0.2573, -0.2863, 0.0822, 0.0285, 0.1645
-0.2575, -0.2866, 0.0825, 0.0287, 0.1647
-0.2576, -0.2867, 0.0826, 0.0288, 0.1648
-0.2576, -0.2867, 0.0827, 0.0288, 0.1649
-0.2576, -0.2868, 0.0827, 0.0289, 0.1649
-0.2573, -0.2865, 0.0824, 0.0286, 0.1646
-0.2570, -0.2862, 0.0823, 0.0284, 0.1644
-0.2568, -0.2861, 0.0822, 0.0282, 0.1643
-0.2564, -0.2857, 0.0818, 0.0278, 0.1639
-0.2560, -0.2853, 0.0815, 0.0275, 0.1636
-0.2557, -0.2851, 0.0812, 0.0272, 0.1633
-0.2555, -0.2849, 0.0811, 0.0270, 0.1631
-0.2554, -0.2848, 0.0810, 0.0269, 0.1630
-0.2552, -0.2846, 0.0809, 0.0266, 0.1629
-0.2549, -0.2844, 0.0806, 0.0263, 0.1627
-0.2545, -0.2840, 0.0803, 0.0260, 0.1623
-0.2542, -0.2837, 0.0800, 0.0257, 0.1620
-0.2540, -0.2835, 0.0797, 0.0254, 0.1617
-0.2538, -0.2833, 0.0795, 0.0252, 0.1615
-0.2536, -0.2831, 0.0794, 0.0250, 0.1614
-0.2535, -0.2831, 0.0793, 0.0249, 0.1613
-0.2533, -0.2829, 0.0791, 0.0247, 0.1612
-0.2532, -0.2827, 0.0790, 0.0245, 0.1611
-0.2531, -0.2827, 0.0789, 0.0243, 0.1610
-0.2530, -0.2826, 0.0789, 0.0242, 0.1610
-0.2529, -0.2825, 0.0788, 0.0241, 0.1609
-0.2527, -0.2824, 0.0787, 0.0239, 0.1606
-0.2526, -0.2823, 0.0785, 0.0238, 0.1604
-0.2525, -0.2822, 0.0785, 0.0237, 0.1603
-0.2525, -0.2822, 0.0785, 0.0237, 0.1602
-0.2525, -0.2822, 0.0785, 0.0237, 0.1601
-0.2524, -0.2821, 0.0784, 0.0236, 0.1601
-0.2524, -0.2820, 0.0784, 0.0235, 0.1601
-0.2524, -0.2821, 0.0784, 0.0236, 0.1602
-0.2525, -0.2822, 0.0786, 0.0237, 0.1603
-0.2527, -0.2824, 0.0788, 0.0238, 0.1606
-0.2528, -0.2825, 0.0790, 0.0240, 0.1608
-0.2530, -0.2827, 0.0792, 0.0242, 0.1610
-0.2531, -0.2829, 0.0794, 0.0243, 0.1612
-0.2533, -0.2831, 0.0796, 0.0245, 0.1615
-0.2535, -0.2833, 0.0799, 0.0247, 0.1617
-0.2537, -0.2835, 0.0801, 0.0249, 0.1619
-0.2539, -0.2837, 0.0803, 0.0251, 0.1620
-0.2541, -0.2840, 0.0805, 0.0253, 0.1622
-0.2543, -0.2841, 0.0807, 0.0254, 0.1624
-0.2545, -0.2843, 0.0809, 0.0256, 0.1625
-0.2547, -0.2846, 0.0811, 0.0258, 0.1627
-0.2549, -0.2848, 0.0813, 0.0260, 0.1629
-0.2552, -0.2850, 0.0815, 0.0262, 0.1632
-0.2553, -0.2852, 0.0816, 0.0263, 0.1633
-0.2556, -0.2855, 0.0818, 0.0266, 0.1635
-0.2558, -0.2857, 0.0821, 0.0268, 0.1637
-0.2560, -0.2858, 0.0822, 0.0269, 0.1638
-0.2560, -0.2858, 0.0822, 0.0269, 0.1637
-0.2561, -0.2859, 0.0823, 0.0270, 0.1637
-0.2562, -0.2860, 0.0824, 0.0271, 0.1638
-0.2563, -0.2862, 0.0826, 0.0273, 0.1639
-0.2565, -0.2864, 0.0827, 0.0275, 0.1640
-0.2566, -0.2866, 0.0829, 0.0277, 0.1642
-0.2566, -0.2865, 0.0828, 0.0276, 0.1641
-0.2563, -0.2862, 0.0825, 0.0274, 0.1637
-0.2560, -0.2858, 0.0822, 0.0271, 0.1633
-0.2555, -0.2854, 0.0818, 0.0267, 0.1630
-0.2552, -0.2850, 0.0814, 0.0263, 0.1627
