3.760499,1.849355,2.342710,12.428362,3.558088,8.035379,6.401626,5.310927,7.595463,3.786417,4.916668,3.410064,2.760874,3.502723,4.516875,8.570968,6.421041,1.800243,2.096098,7.337958,10.886738,1.630836,6.161690,
3.787338,1.825913,2.358380,12.456116,3.533687,8.009339,6.381365,5.291448,7.569398,3.757913,4.886746,3.380357,2.732226,3.519413,4.542144,8.546820,6.449197,1.828006,2.082102,7.357299,10.865834,1.657334,6.135464,
3.810529,1.802721,2.375366,12.480088,3.506843,7.987616,6.363002,5.283782,7.545432,3.735870,4.863934,3.355592,2.705561,3.536288,4.554999,8.521404,6.470264,1.844836,2.070235,7.372552,10.851877,1.675347,6.120452,
3.829552,1.779522,2.391296,12.491333,3.480501,7.970102,6.346347,5.278441,7.523731,3.713307,4.839569,3.328899,2.679454,3.552473,4.570525,8.499209,6.492228,1.857241,2.064540,7.383501,10.842924,1.694669,6.106249,
3.833169,1.758200,2.412136,12.479597,3.453340,7.954674,6.328562,5.272122,7.518361,3.691139,4.813318,3.301129,2.661512,3.557693,4.580137,8.479099,6.513984,1.874919,2.053977,7.394804,10.833791,1.715875,6.091497,
3.847264,1.745368,2.435942,12.461339,3.429894,7.939685,6.314643,5.271186,7.506509,3.674198,4.789785,3.275288,2.640474,3.565896,4.579667,8.460267,6.530809,1.885754,2.045136,7.407072,10.823519,1.733145,6.084546,
3.862754,1.733991,2.454870,12.439671,3.409469,7.927293,6.304782,5.264949,7.508616,3.656152,4.764247,3.248350,2.617170,3.572291,4.589942,8.447873,6.549218,1.901419,2.042562,7.416879,10.816120,1.752922,6.072986,
3.863270,1.725093,2.477179,12.417303,3.396062,7.912555,6.292033,5.258998,7.517539,3.642806,4.740309,3.223947,2.596856,3.571540,4.591168,8.434311,6.563408,1.910325,2.045778,7.422668,10.814082,1.774688,6.058861,
3.866006,1.733045,2.492447,12.403411,3.380719,7.899301,6.281140,5.252751,7.530851,3.628649,4.715012,3.198150,2.595323,3.564178,4.593840,8.422897,6.578572,1.919002,2.041254,7.430697,10.809901,1.795539,6.045890,
3.871604,1.743330,2.508500,12.389107,3.368707,7.887396,6.271188,5.244231,7.548389,3.614536,4.690130,3.172653,2.590450,3.556771,4.595856,8.413951,6.594149,1.927268,2.035514,7.439459,10.803611,1.816597,6.031002,
3.884142,1.757519,2.526366,12.373479,3.357967,7.877953,6.263770,5.237238,7.567078,3.602789,4.665326,3.146850,2.584096,3.553982,4.599790,8.408168,6.607492,1.935300,2.033537,7.447591,10.795960,1.837773,6.015668,
3.899890,1.757212,2.547871,12.360270,3.347676,7.876920,6.261609,5.228069,7.587562,3.593403,4.639481,3.119536,2.568692,3.561108,4.611748,8.408904,6.619278,1.941362,2.040083,7.447491,10.789554,1.861340,5.999027,
3.919704,1.758356,2.571507,12.344165,3.339188,7.878782,6.256890,5.214704,7.609834,3.584734,4.612781,3.090993,2.552372,3.573916,4.624949,8.410173,6.631134,1.941426,2.049931,7.447930,10.783834,1.885337,5.981260,
3.936819,1.772001,2.595996,12.327732,3.327558,7.877172,6.254749,5.213125,7.634608,3.580243,4.588640,3.067817,2.545028,3.572119,4.629829,8.422540,6.638200,1.941785,2.066933,7.438396,10.787784,1.911312,5.959776,
3.953286,1.783957,2.619918,12.309510,3.315039,7.875012,6.251884,5.211210,7.659686,3.576444,4.569293,3.044202,2.536473,3.569809,4.632828,8.433547,6.645167,1.931826,2.083202,7.429232,10.792686,1.933884,5.941498,
3.974094,1.791578,2.645995,12.287598,3.307083,7.876022,6.253126,5.208834,7.686250,3.572002,4.548039,3.018402,2.523620,3.574391,4.638131,8.446289,6.653689,1.922432,2.102414,7.417646,10.798330,1.955863,5.923740,
3.991123,1.800593,2.671755,12.264739,3.297191,7.874452,6.256633,5.206319,7.712584,3.570063,4.525576,2.991240,2.512204,3.577550,4.642402,8.459597,6.659806,1.910949,2.119549,7.407044,10.803022,1.974964,5.907161,
4.008081,1.809616,2.697999,12.239236,3.280180,7.869139,6.263381,5.205403,7.736970,3.570420,4.500413,2.962480,2.501964,3.576671,4.644816,8.473546,6.664238,1.900802,2.129092,7.401641,10.802796,1.984664,5.896337,
4.024533,1.817333,2.725730,12.211713,3.270764,7.859042,6.273584,5.206463,7.753524,3.571424,4.474878,2.932456,2.489095,3.577877,4.637180,8.488330,6.668014,1.887267,2.134967,7.396567,10.798162,1.991730,5.888146,
4.039437,1.822769,2.751557,12.183671,3.259478,7.848545,6.283575,5.208640,7.767640,3.574863,4.450726,2.902160,2.474606,3.579951,4.628751,8.502943,6.669367,1.870485,2.139667,7.393361,10.791168,1.994440,5.881889,
4.057096,1.832321,2.770500,12.159078,3.251567,7.839180,6.290647,5.210414,7.783427,3.578860,4.435067,2.874372,2.467128,3.571991,4.617788,8.515863,6.670438,1.848914,2.133420,7.395761,10.779596,1.995950,5.878120,
4.079269,1.840386,2.785771,12.140301,3.246122,7.825600,6.299266,5.211740,7.795498,3.585706,4.419248,2.846377,2.461638,3.566686,4.604009,8.529047,6.668230,1.827739,2.126377,7.399724,10.768104,1.994674,5.875647,
4.100225,1.846704,2.803323,12.120905,3.240259,7.810651,6.306877,5.214129,7.803689,3.594715,4.402646,2.818325,2.454797,3.565903,4.591697,8.540677,6.663089,1.808202,2.123904,7.401047,10.760958,1.988326,5.878429,
4.123245,1.853816,2.816828,12.101648,3.230904,7.796070,6.316928,5.217618,7.811025,3.604468,4.382755,2.789321,2.448479,3.570160,4.581293,8.554147,6.656755,1.791984,2.126068,7.399938,10.754042,1.981236,5.879726,
4.148530,1.863510,2.831057,12.082582,3.220519,7.780501,6.322983,5.219381,7.814020,3.614371,4.363878,2.761552,2.444488,3.575689,4.570757,8.564189,6.650102,1.774809,2.127872,7.399919,10.746438,1.971775,5.883272,
4.176037,1.875897,2.839769,12.072770,3.215697,7.769239,6.327083,5.222489,7.819948,3.618230,4.347826,2.735203,2.446144,3.575652,4.560263,8.573990,6.650035,1.755929,2.128568,7.399738,10.740837,1.967701,5.883060,
4.195815,1.886630,2.846295,12.070200,3.221910,7.761213,6.337512,5.229472,7.821410,3.621968,4.330953,2.710010,2.443064,3.570603,4.552137,8.587457,6.649044,1.739684,2.123018,7.399746,10.730521,1.965757,5.882729,
4.198276,1.901876,2.848262,12.071178,3.237206,7.752160,6.350100,5.231941,7.820308,3.624658,4.315252,2.685794,2.430932,3.563299,4.542311,8.601648,6.647964,1.721191,2.114177,7.398496,10.714919,1.967904,5.879302,
4.197795,1.914106,2.850623,12.069403,3.256931,7.742934,6.356394,5.233623,7.816152,3.627078,4.300066,2.661876,2.419367,3.557963,4.530505,8.609593,6.646826,1.701820,2.109944,7.397890,10.702386,1.967517,5.879655,
4.198998,1.925563,2.851079,12.068237,3.274734,7.735338,6.364651,5.238520,7.807253,3.632953,4.286298,2.638783,2.406639,3.560984,4.524512,8.617656,6.642307,1.680955,2.113416,7.393031,10.695338,1.962415,5.884806,
4.201110,1.938819,2.854519,12.061241,3.290434,7.728612,6.375636,5.245197,7.793823,3.642214,4.274620,2.616728,2.393903,3.564369,4.520342,8.626104,6.634179,1.659651,2.121214,7.387953,10.692357,1.951296,5.894737,
4.216516,1.937293,2.852687,12.043341,3.285695,7.714429,6.384792,5.260283,7.779134,3.638258,4.254194,2.591562,2.395170,3.580507,4.519886,8.643277,6.640868,1.664736,2.138787,7.387901,10.687036,1.957669,5.887496,
4.232709,1.936893,2.851523,12.028287,3.285842,7.700417,6.395931,5.272364,7.763355,3.633026,4.232750,2.567215,2.397641,3.599345,4.518814,8.660043,6.648196,1.671604,2.161587,7.383747,10.686538,1.964281,5.879746,
4.248392,1.939865,2.849264,12.014241,3.285618,7.689164,6.403281,5.285303,7.744048,3.627775,4.212076,2.543870,2.403070,3.617617,4.521007,8.673655,6.655255,1.677186,2.183560,7.379016,10.687305,1.968479,5.873606,
4.252757,1.953440,2.839517,12.007098,3.287149,7.678069,6.397678,5.295920,7.719887,3.625513,4.198955,2.521078,2.420027,3.629699,4.517822,8.676967,6.659635,1.674519,2.204187,7.376321,10.693224,1.967573,5.872755,
4.252254,1.956997,2.840434,11.998546,3.297247,7.669698,6.386317,5.305022,7.696629,3.620722,4.188618,2.499178,2.431343,3.643849,4.515652,8.674065,6.665560,1.669357,2.226423,7.370040,10.699983,1.966720,5.873698,
4.251283,1.963084,2.832667,11.994182,3.309241,7.659192,6.376101,5.322546,7.669325,3.614501,4.181768,2.478680,2.437305,3.647461,4.507619,8.670741,6.672240,1.661984,2.247506,7.367668,10.703864,1.965145,5.877378,
4.256933,1.962710,2.827425,11.989879,3.320652,7.648683,6.364290,5.342252,7.639583,3.614853,4.177045,2.459231,2.439373,3.654038,4.498363,8.665075,6.672356,1.652731,2.268706,7.363325,10.710463,1.958571,5.885240,
4.264156,1.963723,2.823394,11.984852,3.330885,7.638915,6.351254,5.362103,7.610757,3.616365,4.173258,2.441955,2.442239,3.660698,4.488369,8.658389,6.671155,1.643784,2.288039,7.360501,10.715131,1.949461,5.894760,
4.282605,1.957663,2.822399,11.978846,3.340223,7.633184,6.340338,5.378807,7.582941,3.613270,4.168321,2.425695,2.438429,3.673467,4.482799,8.652574,6.673687,1.636145,2.307946,7.352519,10.719073,1.945962,5.902355,
4.304402,1.950843,2.825104,11.973218,3.349667,7.628468,6.331780,5.395471,7.552795,3.612307,4.167555,2.410608,2.434390,3.689182,4.478624,8.646472,6.673883,1.625262,2.325286,7.341407,10.722102,1.940169,5.911897,
4.325694,1.958948,2.817597,11.967870,3.364328,7.629766,6.324204,5.410310,7.520165,3.611579,4.168243,2.395676,2.446789,3.696943,4.471708,8.639858,6.675627,1.611808,2.335280,7.339342,10.722987,1.934345,5.923187,
4.347363,1.966777,2.812488,11.962667,3.376081,7.628538,6.313234,5.426589,7.484968,3.615561,4.168770,2.381862,2.458914,3.703981,4.461699,8.629812,6.673340,1.599039,2.343585,7.339318,10.724985,1.925198,5.937057,
4.368740,1.973981,2.813085,11.959447,3.388466,7.627982,6.306956,5.436038,7.450890,3.621730,4.168107,2.369243,2.474419,3.707920,4.450705,8.620430,6.668661,1.587780,2.349854,7.336762,10.730366,1.914706,5.951158,
4.386666,1.980180,2.817117,11.955698,3.400220,7.631051,6.304448,5.446577,7.419245,3.627221,4.163389,2.357539,2.489891,3.715824,4.444471,8.615827,6.665117,1.581264,2.363706,7.329192,10.742310,1.906052,5.961003,
4.405082,1.990247,2.825359,11.948100,3.404866,7.628772,6.301644,5.458832,7.390848,3.626527,4.150141,2.346581,2.492986,3.729840,4.445950,8.607978,6.666040,1.584589,2.384617,7.316542,10.760479,1.904953,5.964975,
4.424305,1.995202,2.829173,11.940295,3.408543,7.628220,6.296982,5.470602,7.366483,3.619763,4.134567,2.336424,2.491524,3.745026,4.453024,8.599817,6.672826,1.590073,2.408338,7.300542,10.780091,1.907075,5.966673,
4.442873,2.003949,2.837954,11.934002,3.412440,7.631515,6.293576,5.489654,7.354708,3.606748,4.113793,2.327765,2.483681,3.763939,4.465572,8.595161,6.687935,1.602052,2.436828,7.278932,10.796557,1.916131,5.953049,
4.460154,2.011810,2.846558,11.925632,3.415093,7.634018,6.289472,5.504057,7.341927,3.593957,4.093577,2.319669,2.476206,3.782627,4.476537,8.589718,6.702523,1.614013,2.464213,7.257693,10.812041,1.923575,5.940408,
4.479286,2.015613,2.855866,11.917150,3.416222,7.634643,6.284821,5.519401,7.327102,3.581920,4.073652,2.311677,2.467003,3.801010,4.482326,8.583824,6.717670,1.625775,2.491571,7.235959,10.827883,1.929616,5.927280,
4.499627,2.017535,2.865725,11.908479,3.416539,7.639646,6.287425,5.531015,7.312286,3.567448,4.052148,2.304851,2.457541,3.818046,4.489398,8.583381,6.734475,1.639842,2.517385,7.211211,10.844496,1.939541,5.911755,
4.521993,2.015267,2.876647,11.898039,3.417750,7.643818,6.288067,5.541789,7.296235,3.554806,4.033228,2.297927,2.445847,3.835262,4.493618,8.582487,6.750452,1.651217,2.541304,7.185803,10.858568,1.949611,5.896410,
4.541951,2.012486,2.886275,11.887899,3.417287,7.647963,6.288058,5.553889,7.281600,3.542665,4.015651,2.291254,2.434215,3.851978,4.498376,8.582978,6.766401,1.662022,2.563912,7.161290,10.867468,1.959659,5.880051,
4.560994,2.011089,2.895890,11.877158,3.414397,7.650171,6.287862,5.566162,7.259752,3.538521,3.999230,2.284126,2.424615,3.867272,4.499027,8.582411,6.776633,1.671303,2.584181,7.140899,10.874757,1.963500,5.867547,
4.579629,2.010996,2.904588,11.865046,3.408708,7.648311,6.286125,5.579948,7.230448,3.542806,3.983466,2.276006,2.416664,3.880725,4.492813,8.580538,6.782428,1.680288,2.601183,7.127329,10.877017,1.963802,5.857597,
4.596855,2.012010,2.913477,11.852910,3.402523,7.646599,6.285346,5.593846,7.196146,3.546098,3.964931,2.264924,2.409979,3.893837,4.486261,8.578640,6.786374,1.690356,2.616609,7.115675,10.876479,1.961939,5.849946,
4.613417,2.013444,2.921788,11.841636,3.396753,7.644338,6.283946,5.606280,7.166467,3.552889,3.948597,2.254017,2.404440,3.906244,4.481184,8.576997,6.788199,1.698816,2.631594,7.104107,10.875774,1.959148,5.842980,
4.628669,2.016257,2.931190,11.830941,3.387840,7.640377,6.284479,5.620481,7.135858,3.562056,3.929798,2.246126,2.400192,3.918864,4.472930,8.575978,6.784785,1.711040,2.646376,7.093584,10.874400,1.953575,5.837804,
4.642865,2.020423,2.940593,11.820606,3.382828,7.636901,6.291752,5.633321,7.104778,3.574620,3.912325,2.236784,2.397398,3.930443,4.463328,8.576723,6.778427,1.721547,2.658858,7.086151,10.871562,1.946794,5.833975,
4.656486,2.025477,2.950602,11.811256,3.377710,7.634604,6.302760,5.647214,7.075985,3.586340,3.895171,2.224578,2.396196,3.941525,4.453868,8.579196,6.772863,1.731980,2.669976,7.081143,10.868125,1.940017,5.831844,
4.668685,2.030809,2.959400,11.803347,3.373360,7.636199,6.312864,5.659498,7.047427,3.601780,3.877314,2.213924,2.395014,3.952515,4.450969,8.580838,6.765073,1.743350,2.680977,7.075408,10.867043,1.933511,5.829133,
4.681325,2.034715,2.968650,11.795015,3.368396,7.637630,6.318721,5.672089,7.016019,3.617023,3.857118,2.207476,2.393250,3.963685,4.440190,8.579307,6.754202,1.757836,2.691365,7.070167,10.864994,1.928915,5.828477,
4.689952,2.041017,2.977758,11.788867,3.366479,7.637968,6.323828,5.686627,6.985428,3.635546,3.837660,2.199958,2.393773,3.974185,4.424295,8.576939,6.736910,1.770858,2.700941,7.069901,10.864803,1.918410,5.831369,
4.698576,2.047643,2.986860,11.782659,3.363834,7.636324,6.326414,5.699330,6.967037,3.652894,3.820374,2.191648,2.395417,3.984573,4.407348,8.573130,6.720024,1.782658,2.710230,7.068940,10.864169,1.906868,5.835118,
4.706611,2.058590,2.997915,11.775893,3.356692,7.634034,6.328949,5.713168,6.949062,3.663860,3.801212,2.183210,2.399323,3.996107,4.385808,8.569876,6.706628,1.795554,2.720438,7.063827,10.862228,1.895791,5.838493,
4.716381,2.069533,3.007455,11.767682,3.348695,7.631591,6.332486,5.726078,6.932914,3.674540,3.781459,2.171623,2.403611,4.006609,4.364641,8.567256,6.694080,1.809215,2.729429,7.060912,10.857393,1.884377,5.841752,
4.712219,2.090585,3.018332,11.760295,3.352437,7.628413,6.330447,5.738516,6.912464,3.676883,3.766808,2.168675,2.399436,4.013675,4.338323,8.574349,6.690849,1.823433,2.738954,7.044664,10.845460,1.883633,5.841547,
4.714666,2.104385,3.024607,11.755529,3.353412,7.632539,6.330516,5.748430,6.901423,3.674574,3.757704,2.166601,2.392519,4.023941,4.319173,8.576004,6.693359,1.830580,2.747991,7.024446,10.833688,1.887899,5.836318,
4.717853,2.118085,3.031281,11.750910,3.353094,7.636329,6.329877,5.757993,6.893479,3.672709,3.749231,2.163568,2.386865,4.034452,4.302305,8.576852,6.695591,1.837358,2.757549,7.005906,10.821843,1.891714,5.830936,
4.719902,2.130454,3.039014,11.745919,3.348252,7.636439,6.329726,5.767205,6.893815,3.666896,3.739017,2.159131,2.379843,4.044209,4.284588,8.580721,6.701665,1.846516,2.768047,6.988215,10.811398,1.897824,5.823138,
4.720305,2.144815,3.047693,11.738840,3.341202,7.636021,6.329303,5.776499,6.897579,3.661411,3.728134,2.154237,2.376191,4.054821,4.267582,8.583561,6.706752,1.855811,2.779333,6.970386,10.800886,1.901993,5.816670,
4.718761,2.157216,3.055121,11.733817,3.335168,7.635226,6.329120,5.784138,6.902636,3.656898,3.716821,2.144171,2.370305,4.065471,4.253008,8.585269,6.710283,1.864457,2.790238,6.954257,10.792730,1.904491,5.811599,
4.714747,2.167368,3.061034,11.730750,3.327330,7.633829,6.328057,5.792900,6.910657,3.654640,3.706786,2.131174,2.363483,4.075233,4.240186,8.586372,6.711466,1.870939,2.800359,6.939113,10.783812,1.904642,5.807498,
4.711882,2.177168,3.064718,11.727637,3.317217,7.634357,6.330123,5.798313,6.925225,3.652690,3.695839,2.117096,2.358525,4.086156,4.230825,8.589413,6.713747,1.878631,2.812447,6.923225,10.775942,1.904342,5.804167,
4.704128,2.186993,3.071646,11.727891,3.310070,7.638872,6.332434,5.802256,6.935554,3.652735,3.680474,2.108701,2.355102,4.098857,4.226681,8.592337,6.715472,1.891486,2.824393,6.908014,10.767222,1.906090,5.799799,
4.695599,2.193774,3.081689,11.727578,3.306106,7.644787,6.336436,5.805127,6.948153,3.654043,3.664032,2.101954,2.349005,4.113891,4.227379,8.595940,6.718797,1.906389,2.837027,6.893892,10.759017,1.909445,5.793553,
4.684864,2.202060,3.090327,11.726015,3.306564,7.646616,6.344737,5.804499,6.964879,3.654255,3.649373,2.090491,2.339855,4.126081,4.224638,8.600733,6.722279,1.921163,2.846550,6.877982,10.753668,1.912612,5.790481,
4.677209,2.211767,3.101508,11.725069,3.304419,7.647561,6.350753,5.804633,6.983036,3.653001,3.634547,2.081478,2.333211,4.140247,4.222387,8.603835,6.723764,1.936104,2.858510,6.863694,10.748796,1.914450,5.787844,
4.665031,2.218696,3.114114,11.723561,3.303633,7.647771,6.354989,5.803840,7.002475,3.651491,3.622240,2.069270,2.321890,4.154669,4.218333,8.604438,6.725401,1.948588,2.867267,6.848532,10.739650,1.916940,5.785941,
4.652994,2.220046,3.122062,11.727981,3.302007,7.656427,6.348638,5.806029,7.020421,3.643192,3.593698,2.092772,2.314635,4.167845,4.208823,8.608642,6.723351,1.977230,2.878366,6.835209,10.739252,1.938340,5.769164,
4.640671,2.214269,3.127827,11.733132,3.300788,7.670710,6.344227,5.808070,7.039879,3.635412,3.570760,2.113206,2.300658,4.181106,4.203320,8.612154,6.719742,1.999922,2.890596,6.820087,10.739557,1.957938,5.752594,
4.627383,2.210437,3.131864,11.736658,3.300372,7.684324,6.340081,5.809830,7.059672,3.633896,3.549587,2.131663,2.289299,4.193825,4.196615,8.614997,6.711574,2.021106,2.901175,6.806284,10.737891,1.972875,5.739250,
4.617960,2.207342,3.136319,11.740821,3.302277,7.694457,6.335229,5.814268,7.078984,3.632382,3.529908,2.148300,2.283619,4.205520,4.185503,8.616302,6.700554,2.040800,2.910634,6.795504,10.740353,1.984094,5.728537,
4.608217,2.201754,3.139737,11.744934,3.302784,7.703850,6.330672,5.819516,7.096128,3.635964,3.512059,2.163318,2.279579,4.215921,4.174640,8.617266,6.686737,2.058499,2.918075,6.786457,10.743137,1.991796,5.719917,
4.596476,2.194356,3.144518,11.747107,3.304504,7.711101,6.326718,5.822838,7.112960,3.642632,3.496122,2.176849,2.275060,4.224115,4.160192,8.617684,6.667821,2.074410,2.924481,6.778764,10.747342,1.994916,5.715381,
4.577387,2.190640,3.147598,11.749672,3.303027,7.717681,6.322263,5.826756,7.121675,3.653769,3.480254,2.187488,2.267342,4.230048,4.139480,8.616486,6.641324,2.090077,2.926046,6.775352,10.754939,1.991178,5.717399,
4.555571,2.188366,3.150526,11.751713,3.300000,7.722705,6.318354,5.830381,7.127376,3.662185,3.466162,2.197307,2.259524,4.235305,4.117260,8.615329,6.616905,2.104073,2.926168,6.772348,10.759896,1.987036,5.720721,
4.533786,2.185040,3.152033,11.755079,3.294540,7.725748,6.315211,5.834225,7.129308,3.673673,3.454737,2.205159,2.251434,4.239159,4.093994,8.614059,6.589299,2.115369,2.923597,6.770790,10.764992,1.979423,5.726576,
4.513894,2.178186,3.155032,11.758400,3.290523,7.728236,6.312120,5.838503,7.130502,3.686851,3.443835,2.211919,2.244803,4.243152,4.070443,8.611760,6.563315,2.125863,2.920024,6.769828,10.769050,1.971416,5.733501,
4.493715,2.171725,3.158514,11.761920,3.283569,7.731614,6.308600,5.842067,7.133167,3.702553,3.436438,2.214846,2.238779,4.247938,4.049973,8.608543,6.535433,2.132603,2.918046,6.767917,10.773617,1.962215,5.740611,
4.474875,2.162415,3.161159,11.765145,3.277299,7.732535,6.303330,5.845445,7.131547,3.722591,3.429857,2.215588,2.235131,4.252130,4.026653,8.603814,6.505332,2.138195,2.915877,6.767600,10.779903,1.950239,5.749701,
4.450644,2.153145,3.164055,11.768612,3.276232,7.729449,6.288680,5.856394,7.120782,3.727614,3.421008,2.215256,2.231277,4.253302,3.993117,8.590695,6.492332,2.146836,2.911886,6.771834,10.792032,1.944953,5.763929,
4.437198,2.127675,3.167527,11.772896,3.275269,7.722296,6.265127,5.865453,7.110956,3.721278,3.412461,2.214548,2.209939,4.251775,3.953668,8.592022,6.489706,2.155552,2.904006,6.764846,10.807082,1.945573,5.776267,
4.422797,2.104899,3.170158,11.776192,3.272166,7.714524,6.243388,5.874139,7.103314,3.717358,3.405147,2.211429,2.190654,4.251453,3.917997,8.592940,6.485549,2.161962,2.897665,6.757471,10.818785,1.944772,5.787689,
4.409737,2.084413,3.175963,11.779005,3.267745,7.710222,6.223719,5.882317,7.094024,3.710881,3.399378,2.206810,2.172607,4.253935,3.884835,8.593540,6.484504,2.166276,2.890058,6.748566,10.828335,1.945233,5.797555,
4.394459,2.066639,3.182153,11.779472,3.260591,7.712894,6.207246,5.891626,7.085801,3.705627,3.396621,2.200741,2.154715,4.255925,3.860130,8.594668,6.484512,2.166779,2.881486,6.741879,10.835353,1.946541,5.803740,
4.380398,2.051133,3.188355,11.779658,3.253705,7.714396,6.191943,5.899658,7.078630,3.701167,3.394010,2.195295,2.139724,4.257960,3.837472,8.594994,6.484177,2.166886,2.873610,6.736257,10.841110,1.947622,5.809273,
4.368910,2.039223,3.194584,11.779660,3.248284,7.716408,6.176872,5.907482,7.070349,3.697729,3.392323,2.188957,2.126168,4.260680,3.816563,8.594882,6.483582,2.165999,2.867986,6.728461,10.846347,1.948936,5.813693,
4.357670,2.027219,3.200374,11.779362,3.243661,7.713936,6.161994,5.914914,7.061774,3.698777,3.391230,2.181333,2.114374,4.263395,3.795474,8.593564,6.479028,2.163735,2.862743,6.721529,10.850334,1.947084,5.819551,
4.347072,2.017174,3.207205,11.780490,3.239369,7.711951,6.148664,5.922070,7.054353,3.700703,3.390574,2.172465,2.104290,4.267303,3.778218,8.592503,6.473839,2.160076,2.859497,6.713728,10.852733,1.944825,5.824185,
4.336624,2.006737,3.212406,11.781774,3.233279,7.708192,6.137062,5.929628,7.048354,3.704640,3.391175,2.162413,2.094378,4.270393,3.763676,8.593028,6.467361,2.154883,2.857947,6.705761,10.855941,1.940977,5.828751,
4.326633,1.997599,3.217388,11.782744,3.228028,7.704915,6.126662,5.937010,7.044231,3.707106,3.392236,2.153474,2.085224,4.273958,3.753186,8.593531,6.462534,2.149113,2.857717,6.698118,10.857393,1.937895,5.831669,
4.316573,1.990427,3.223861,11.784285,3.222979,7.701094,6.118033,5.942895,7.039722,3.711584,3.392319,2.143868,2.077520,4.278892,3.745697,8.594207,6.456329,2.143840,2.859207,6.691098,10.856984,1.933486,5.834393,
4.306744,1.980562,3.228268,11.785873,3.219308,7.696179,6.111423,5.947857,7.034961,3.717169,3.393762,2.132194,2.067148,4.284329,3.740350,8.595169,6.447443,2.136740,2.861239,6.683019,10.856305,1.927127,5.837423,
4.297561,1.972228,3.234243,11.786962,3.215241,7.695203,6.105660,5.951672,7.033116,3.717929,3.396319,2.121173,2.057675,4.290812,3.738219,8.595894,6.443622,2.128389,2.864179,6.674523,10.856066,1.924062,5.837016,
4.288688,1.965724,3.238219,11.787639,3.211169,7.695842,6.101029,5.955291,7.034289,3.718181,3.398382,2.109608,2.050455,4.298021,3.739228,8.596869,6.440721,2.119781,2.868898,6.663818,10.853577,1.921415,5.835982,
4.282108,1.961226,3.241652,11.789024,3.201630,7.708787,6.102214,5.955672,7.040987,3.711937,3.402187,2.096694,2.045236,4.303371,3.744155,8.601932,6.444878,2.108703,2.874954,6.655173,10.852445,1.923270,5.828859,
4.274577,1.958038,3.245265,11.790757,3.189241,7.721421,6.102849,5.956584,7.051503,3.705229,3.405659,2.084830,2.040348,4.308777,3.748489,8.606314,6.449732,2.097572,2.880644,6.647011,10.849525,1.925643,5.820644,
4.267480,1.954661,3.248205,11.792060,3.177703,7.737886,6.104324,5.956816,7.063532,3.697956,3.410364,2.072895,2.034290,4.315901,3.758016,8.611078,6.455062,2.085437,2.889240,6.635971,10.843875,1.928775,5.811517,
4.259960,1.951403,3.252325,11.793373,3.166625,7.755610,6.103113,5.959189,7.077618,3.693256,3.417130,2.061819,2.029179,4.323041,3.767573,8.614223,6.458054,2.071761,2.896755,6.624761,10.839016,1.931582,5.803174,
4.250063,1.945769,3.255413,11.795751,3.155155,7.777647,6.102821,5.962555,7.094126,3.688196,3.426095,2.049705,2.020979,4.332932,3.782482,8.619345,6.460668,2.056318,2.907652,6.609762,10.831582,1.934438,5.794158,
4.239699,1.942117,3.258577,11.798115,3.148251,7.797627,6.101218,5.966182,7.117989,3.683334,3.434242,2.038131,2.015669,4.342903,3.796768,8.623666,6.463920,2.041693,2.919311,6.593887,10.824717,1.937370,5.785262,
4.229584,1.940601,3.264352,11.800419,3.137805,7.816629,6.101006,5.969291,7.141939,3.680022,3.441811,2.026922,2.011827,4.354387,3.812844,8.628168,6.466059,2.027903,2.932558,6.579907,10.817374,1.939358,5.776965,
4.221292,1.938680,3.271298,11.803146,3.129940,7.832750,6.100912,5.971828,7.166961,3.679723,3.447607,2.018423,2.011595,4.365347,3.826630,8.632130,6.465400,2.015939,2.944828,6.567999,10.811347,1.939256,5.770640,
4.210575,1.941284,3.280416,11.805924,3.122145,7.848377,6.101127,5.973780,7.189598,3.681132,3.455188,2.006776,2.014018,4.376557,3.840585,8.635841,6.462420,2.002815,2.957514,6.555984,10.805121,1.937801,5.764615,
4.199160,1.943473,3.288993,11.808613,3.125323,7.857288,6.100518,5.974885,7.204219,3.689338,3.461241,1.995680,2.017695,4.387177,3.850378,8.638118,6.452735,1.991801,2.969734,6.545381,10.800142,1.931838,5.762989,
4.187320,1.944074,3.296533,11.811441,3.134562,7.865196,6.099248,5.976159,7.218166,3.697716,3.466233,1.984475,2.021730,4.397583,3.860356,8.638974,6.443494,1.982436,2.981270,6.534356,10.793921,1.926019,5.763685,
4.179047,1.949230,3.299972,11.814163,3.141070,7.875093,6.099459,5.976096,7.227248,3.707004,3.471812,1.971345,2.028755,4.412783,3.871383,8.641327,6.434671,1.972889,2.997095,6.520009,10.791331,1.919843,5.764514,
4.168879,1.957827,3.303814,11.817205,3.146602,7.884423,6.099804,5.975846,7.231867,3.719078,3.473939,1.959449,2.037766,4.426102,3.881849,8.643077,6.423605,1.966702,3.011305,6.506704,10.790326,1.911808,5.767078,
4.157803,1.968835,3.307301,11.820251,3.150075,7.892848,6.100325,5.975264,7.234846,3.733686,3.474986,1.947971,2.048553,4.438163,3.891923,8.644579,6.410031,1.961705,3.025247,6.492974,10.788296,1.901802,5.771050,
4.143872,1.979933,3.311141,11.822914,3.150484,7.899841,6.100661,5.974426,7.236887,3.753252,3.476694,1.937027,2.059430,4.449784,3.899887,8.645547,6.392712,1.956892,3.037860,6.480889,10.784330,1.889488,5.776407,
4.129924,1.991721,3.314620,11.825319,3.148564,7.912359,6.099129,5.973587,7.241113,3.770336,3.475472,1.930056,2.072617,4.461200,3.909881,8.644916,6.377906,1.953592,3.048085,6.470634,10.780528,1.881241,5.779164,
4.120053,2.006377,3.315344,11.827612,3.150425,7.926922,6.098773,5.973025,7.248069,3.774716,3.472800,1.925689,2.088594,4.470314,3.921742,8.645453,6.376721,1.950858,3.060309,6.460749,10.777416,1.881294,5.776512,
4.111877,2.017027,3.317500,11.829732,3.162972,7.935596,6.097733,5.972372,7.251437,3.780631,3.468833,1.921402,2.108057,4.480381,3.929340,8.645137,6.373475,1.949227,3.072400,6.455170,10.777382,1.879500,5.776591,
4.107477,2.026834,3.324792,11.832425,3.176476,7.944733,6.096458,5.971856,7.254855,3.786863,3.464780,1.917429,2.129390,4.492784,3.935406,8.644533,6.369901,1.947879,3.085225,6.450341,10.774630,1.877435,5.778226,
4.097082,2.034378,3.331747,11.834474,3.186525,7.953665,6.096013,5.971856,7.254223,3.795477,3.462535,1.910023,2.150171,4.504696,3.937619,8.644216,6.364456,1.945713,3.094437,6.446972,10.774509,1.873686,5.783315,
4.085839,2.044141,3.339051,11.836157,3.196404,7.959701,6.094509,5.971450,7.253418,3.800395,3.458992,1.905077,2.170777,4.516424,3.937190,8.643091,6.362406,1.944648,3.100763,6.444070,10.773444,1.871801,5.788213,
4.075160,2.058537,3.346941,11.837772,3.199141,7.977833,6.092904,5.971613,7.247765,3.797145,3.458512,1.897003,2.186576,4.527583,3.936920,8.641792,6.369311,1.941270,3.100800,6.439830,10.767410,1.876685,5.786679,
4.069697,2.072947,3.350435,11.839603,3.207070,8.002840,6.090458,5.973076,7.238536,3.788959,3.452474,1.898576,2.201889,4.536018,3.943108,8.640248,6.381904,1.940962,3.098385,6.433530,10.755796,1.887493,5.778516,
4.059306,2.086046,3.351838,11.841717,3.214889,8.025126,6.088104,5.974216,7.228188,3.784458,3.446402,1.899086,2.219522,4.542861,3.945492,8.638471,6.390933,1.941017,3.094389,6.430542,10.746150,1.895268,5.773558,
4.052025,2.101066,3.352840,11.843871,3.222567,8.046095,6.085687,5.975325,7.214458,3.781751,3.438070,1.903121,2.241424,4.548603,3.947671,8.636538,6.398610,1.942038,3.087966,6.429504,10.736584,1.901925,5.768642,
4.043341,2.117464,3.355626,11.846431,3.226640,8.068765,6.083842,5.976055,7.200759,3.778754,3.430999,1.906919,2.263044,4.555449,3.953415,8.634762,6.406311,1.942204,3.081652,6.429523,10.725408,1.908437,5.763609,
4.035668,2.138327,3.354858,11.848061,3.228192,8.086478,6.082674,5.976199,7.195052,3.771093,3.424082,1.910678,2.283869,4.566745,3.953960,8.633897,6.416198,1.942055,3.072454,6.424404,10.714687,1.915661,5.762131,
4.030708,2.150724,3.355496,11.849818,3.228871,8.101671,6.081634,5.975629,7.190133,3.768494,3.417753,1.912094,2.307903,4.576448,3.954214,8.632465,6.420572,1.942237,3.062352,6.419177,10.704324,1.918354,5.763832,
4.020304,2.165062,3.354100,11.849532,3.226169,8.122418,6.079352,5.974995,7.186966,3.763124,3.408138,1.919272,2.338440,4.583438,3.954954,8.630370,6.427839,1.944056,3.050946,6.419231,10.695785,1.924621,5.760843,
4.002422,2.176788,3.352439,11.849269,3.222057,8.143782,6.076688,5.974788,7.185875,3.759111,3.402319,1.922579,2.369334,4.593686,3.955553,8.627880,6.432650,1.943243,3.045036,6.418698,10.691207,1.929915,5.758158,
3.985594,2.193323,3.354093,11.848792,3.215970,8.162407,6.074945,5.975469,7.181174,3.762619,3.398754,1.922728,2.403903,4.605189,3.957639,8.626435,6.427339,1.941341,3.040738,6.416626,10.689536,1.928042,5.760412,
3.968702,2.211422,3.358353,11.848401,3.219959,8.173850,6.073899,5.975545,7.167270,3.776090,3.396821,1.920473,2.442759,4.621556,3.959552,8.624385,6.411824,1.939487,3.042032,6.412761,10.688121,1.918088,5.769040,
3.950518,2.230735,3.366503,11.847170,3.224291,8.183071,6.072167,5.975657,7.151404,3.792951,3.394636,1.918585,2.482377,4.639783,3.960803,8.621884,6.392192,1.938050,3.045540,6.410768,10.688448,1.904551,5.780083,
3.924108,2.257866,3.379030,11.845719,3.227137,8.193020,6.069778,5.975424,7.135490,3.807815,3.393417,1.915280,2.523135,4.659313,3.964728,8.618847,6.371759,1.936034,3.049513,6.407919,10.687830,1.890543,5.791903,
3.902804,2.285810,3.395658,11.845157,3.228798,8.204897,6.067941,5.975188,7.119342,3.821077,3.393466,1.910983,2.561006,4.679700,3.972738,8.616223,6.354642,1.932426,3.054660,6.405902,10.686337,1.878475,5.801241,
3.896847,2.307924,3.411670,11.844910,3.235899,8.213210,6.066430,5.974421,7.106012,3.832696,3.394001,1.906036,2.602485,4.698299,3.977887,8.613183,6.337861,1.928717,3.061155,6.406783,10.684278,1.866242,5.811889,
3.880547,2.333836,3.423906,11.844920,3.238031,8.228386,6.065146,5.973852,7.097243,3.833782,3.396070,1.899798,2.640853,4.717425,3.986670,8.610160,6.331441,1.923631,3.073662,6.407546,10.680124,1.862057,5.816446,
3.866157,2.358741,3.436224,11.844888,3.244287,8.240264,6.064587,5.972145,7.088186,3.834411,3.397866,1.892937,2.681751,4.735000,3.991613,8.607400,6.325088,1.919165,3.079614,6.410064,10.668549,1.857150,5.821392,
3.873434,2.379390,3.451346,11.845211,3.252231,8.251076,6.063984,5.969578,7.080981,3.833782,3.399788,1.886301,2.726677,4.752863,3.995976,8.604343,6.319354,1.914160,3.085838,6.413135,10.656249,1.853618,5.825597,
3.889457,2.391215,3.475376,11.845250,3.266610,8.257597,6.063539,5.967598,7.071841,3.839912,3.403179,1.877840,2.776097,4.776666,3.997495,8.601517,6.307749,1.908539,3.104353,6.417704,10.643624,1.845994,5.831717,
3.905807,2.397712,3.498689,11.845201,3.277663,8.266251,6.061415,5.965838,7.066870,3.839610,3.404949,1.872076,2.823573,4.798327,4.004511,8.597569,6.303902,1.902816,3.124843,6.424965,10.627379,1.843923,5.832310,
3.914778,2.401560,3.521573,11.845551,3.284550,8.277437,6.059231,5.964205,7.063575,3.833494,3.405368,1.868076,2.865811,4.821448,4.016650,8.593669,6.305992,1.897153,3.145247,6.434503,10.612115,1.845732,5.829213,
3.925436,2.403555,3.542254,11.845848,3.298503,8.286372,6.056849,5.962452,7.058871,3.828669,3.406823,1.862906,2.908730,4.842358,4.019516,8.589699,6.307427,1.891385,3.156852,6.436864,10.590997,1.846409,5.827235,
3.944730,2.403449,3.560731,11.846319,3.311167,8.291945,6.055101,5.960885,7.049322,3.827867,3.406952,1.859613,2.953313,4.860974,4.022336,8.586208,6.304135,1.886533,3.168982,6.438129,10.568152,1.843090,5.827025,
3.959893,2.409079,3.572688,11.845787,3.321945,8.300672,6.055583,5.959438,7.043111,3.826877,3.407451,1.856007,2.991820,4.873691,4.029930,8.584629,6.301941,1.881306,3.172518,6.436357,10.544877,1.840773,5.825488,
3.981903,2.418253,3.582289,11.845211,3.329309,8.310730,6.054472,5.957980,7.035542,3.821709,3.412014,1.848869,3.029828,4.882118,4.042956,8.581894,6.303093,1.873036,3.175662,6.430921,10.516949,1.840809,5.820523,
4.002793,2.428586,3.587463,11.844701,3.342628,8.316155,6.053654,5.956552,7.027375,3.816351,3.413970,1.844523,3.066610,4.886908,4.054486,8.579285,6.302586,1.866591,3.177679,6.426045,10.488381,1.839113,5.816844,
3.995628,2.444839,3.590856,11.845461,3.350467,8.320042,6.053349,5.958375,7.012281,3.811300,3.416695,1.838929,3.097291,4.888719,4.065973,8.577521,6.299272,1.860098,3.171120,6.416536,10.463462,1.834881,5.817439,
3.982854,2.462609,3.588153,11.846281,3.351952,8.323032,6.054782,5.960941,6.992878,3.813020,3.419208,1.833523,3.132323,4.884783,4.075858,8.577091,6.287887,1.854597,3.159663,6.405554,10.449466,1.824079,5.822417,
3.977735,2.470756,3.583976,11.847055,3.348868,8.329344,6.056655,5.964037,6.979370,3.816255,3.418469,1.831698,3.167761,4.881570,4.088374,8.577150,6.275876,1.851584,3.145222,6.396877,10.433558,1.813665,5.826450,
3.968978,2.474577,3.573432,11.847581,3.343446,8.337880,6.054898,5.967632,6.968179,3.816308,3.418909,1.829112,3.198539,4.872955,4.108628,8.574503,6.267848,1.847271,3.124476,6.384648,10.413310,1.805737,5.828148,
3.959840,2.470776,3.558555,11.849365,3.336222,8.344431,6.051489,5.970849,6.962818,3.816777,3.416987,1.829538,3.214127,4.859751,4.130961,8.570276,6.258346,1.843968,3.100095,6.373579,10.386273,1.797948,5.829063,
3.954128,2.462059,3.552627,11.857363,3.330727,8.347489,6.047386,5.973268,6.961235,3.813309,3.414549,1.831084,3.230570,4.855265,4.148230,8.565478,6.253005,1.840404,3.082727,6.372282,10.358156,1.792568,5.827169,
3.974228,2.450831,3.541564,11.865891,3.336549,8.343129,6.042773,5.976509,6.962521,3.809906,3.411446,1.833035,3.233968,4.846431,4.159905,8.560361,6.247929,1.838714,3.058447,6.366096,10.336722,1.787737,5.829069,
3.987949,2.449038,3.535238,11.870965,3.342328,8.341505,6.040382,5.981733,6.961104,3.802593,3.405916,1.837655,3.232360,4.842899,4.168443,8.557095,6.246424,1.837918,3.038185,6.358148,10.311096,1.785801,5.828453,
3.985429,2.455594,3.537490,11.878436,3.347580,8.334138,6.041812,5.985330,6.962230,3.791787,3.401544,1.842195,3.225660,4.849698,4.173613,8.556607,6.247462,1.835627,3.016085,6.355852,10.278040,1.785809,5.823774,
3.978574,2.450203,3.526256,11.889871,3.351840,8.327304,6.041967,5.989871,6.961286,3.780703,3.395061,1.848858,3.219016,4.847463,4.173590,8.555257,6.250184,1.835121,2.994986,6.355782,10.247946,1.788547,5.820097,
3.988281,2.438054,3.526547,11.886997,3.358107,8.335891,6.040925,5.991106,6.966226,3.757454,3.380388,1.864542,3.219504,4.850093,4.184858,8.552978,6.268719,1.837868,2.970742,6.361154,10.206802,1.806756,5.803107,
4.003317,2.418324,3.525857,11.886701,3.369940,8.343082,6.043111,5.992104,6.977706,3.738830,3.366269,1.879643,3.225014,4.850954,4.194482,8.552978,6.283856,1.841156,2.948521,6.363965,10.174419,1.821311,5.790724,
4.006717,2.396892,3.544811,11.885775,3.378733,8.350619,6.039304,5.991032,6.999752,3.711262,3.347276,1.900114,3.220209,4.866838,4.210727,8.548835,6.310745,1.844245,2.937010,6.371568,10.135758,1.844707,5.770210,
3.992472,2.392098,3.566051,11.887794,3.380889,8.358273,6.043414,5.992042,7.007495,3.687818,3.331489,1.917920,3.209607,4.884495,4.228492,8.550355,6.325846,1.845841,2.924274,6.373139,10.120884,1.857948,5.756134,
3.956444,2.409065,3.583870,11.894082,3.376524,8.365959,6.054591,5.997045,6.994968,3.670435,3.317525,1.934341,3.187587,4.896518,4.248775,8.556799,6.324684,1.846088,2.909285,6.367552,10.134134,1.856150,5.751448,
3.927541,2.423210,3.590743,11.894512,3.377399,8.372988,6.063430,6.001872,6.992505,3.659139,3.301532,1.951548,3.178317,4.892954,4.267469,8.561241,6.323841,1.850135,2.884339,6.357763,10.150451,1.854340,5.752005,
3.896688,2.437784,3.596663,11.896697,3.378680,8.379134,6.075359,6.006141,6.997716,3.650845,3.287338,1.965427,3.173182,4.885699,4.282920,8.566838,6.320108,1.854953,2.854252,6.344792,10.166794,1.850742,5.756849,
3.857093,2.458982,3.594774,11.903915,3.378537,8.384200,6.088592,6.012152,6.995502,3.644111,3.274039,1.978384,3.165276,4.872574,4.297321,8.573861,6.311321,1.859421,2.829544,6.331057,10.187917,1.842546,5.764191,
3.821681,2.485100,3.592547,11.894355,3.385486,8.387674,6.101247,6.021969,7.006891,3.645649,3.258192,1.990586,3.157969,4.861617,4.309337,8.581567,6.298814,1.868601,2.799266,6.311665,10.207639,1.830427,5.781708,
3.779020,2.515947,3.590732,11.901556,3.398401,8.394245,6.116245,6.032185,7.010155,3.651744,3.244850,2.000976,3.149051,4.850016,4.319265,8.591149,6.282337,1.876520,2.776345,6.293425,10.231282,1.814416,5.801525,
3.734419,2.548176,3.584360,11.915392,3.410838,8.399351,6.132228,6.041758,7.007318,3.660982,3.234273,2.009057,3.141291,4.836835,4.328583,8.601268,6.263414,1.882057,2.763420,6.275868,10.251370,1.796253,5.820305,
3.686688,2.576657,3.580095,11.929840,3.418158,8.402957,6.149840,6.051610,7.001572,3.670356,3.225139,2.015843,3.132264,4.826068,4.337483,8.613095,6.244870,1.886874,2.750573,6.256076,10.267250,1.778379,5.837743,
3.638500,2.607303,3.579476,11.948974,3.419479,8.407157,6.168568,6.059963,6.989018,3.681200,3.217396,2.021985,3.116299,4.818229,4.341301,8.625637,6.226503,1.890682,2.739993,6.235815,10.277597,1.759880,5.854073,
3.599872,2.632213,3.583509,11.965705,3.415066,8.413576,6.187827,6.067486,6.975762,3.685258,3.206783,2.030976,3.099889,4.812283,4.343603,8.638340,6.217447,1.897385,2.727767,6.218585,10.269105,1.749232,5.862966,
3.561212,2.628344,3.613311,11.984442,3.411878,8.420581,6.210124,6.076129,6.962089,3.688240,3.211652,2.024701,3.061286,4.832958,4.358793,8.653976,6.209906,1.892023,2.730609,6.190140,10.251769,1.747530,5.864990,
3.524341,2.625425,3.648217,12.001536,3.403692,8.425156,6.229065,6.084786,6.947277,3.692570,3.214791,2.020866,3.024771,4.854524,4.369086,8.666408,6.201880,1.888485,2.723683,6.166035,10.228754,1.745091,5.866890,
3.500910,2.623544,3.683055,12.019688,3.397601,8.427480,6.247580,6.094951,6.933621,3.698218,3.216769,2.018103,2.990986,4.872055,4.373346,8.678365,6.193904,1.886193,2.712206,6.148070,10.203639,1.743107,5.868576,
3.476201,2.631586,3.706964,12.040289,3.403595,8.425202,6.265143,6.107499,6.924099,3.691771,3.210042,2.025134,2.960112,4.879651,4.379798,8.689900,6.196445,1.889695,2.724396,6.128376,10.165012,1.748236,5.864104,
3.447172,2.655246,3.739502,12.065850,3.406193,8.424959,6.279559,6.117570,6.916078,3.678400,3.219705,2.017496,2.919917,4.901105,4.391852,8.699182,6.205969,1.878144,2.727990,6.105569,10.120874,1.762352,5.852190,
3.419817,2.674145,3.748707,12.106023,3.410463,8.425640,6.293261,6.130555,6.909450,3.663504,3.224629,2.012739,2.882093,4.903488,4.395888,8.708405,6.218288,1.871478,2.745431,6.086678,10.083563,1.779122,5.842174,
3.397298,2.691180,3.760239,12.148244,3.418583,8.428731,6.301193,6.144139,6.911608,3.652182,3.228612,2.008186,2.848325,4.909709,4.398774,8.713647,6.228439,1.866872,2.767318,6.073313,10.053233,1.792996,5.837231,
3.374986,2.704842,3.764516,12.188889,3.423728,8.431125,6.303897,6.158179,6.917644,3.639430,3.233005,2.003230,2.821873,4.909647,4.401283,8.714270,6.239404,1.862467,2.783615,6.058223,10.025210,1.807366,5.831619,
3.351306,2.710529,3.762825,12.228080,3.428522,8.433397,6.304419,6.169887,6.927003,3.628761,3.235194,2.000562,2.801931,4.904147,4.403169,8.712786,6.248604,1.860543,2.797199,6.044235,10.000580,1.819219,5.829816,
3.325382,2.709335,3.749836,12.265830,3.435125,8.437587,6.302265,6.180354,6.935576,3.620774,3.236913,1.997858,2.793088,4.887966,4.403687,8.708916,6.254932,1.859367,2.820981,6.032016,9.983701,1.827509,5.830782,
3.292937,2.696928,3.728719,12.295362,3.436839,8.437460,6.303333,6.179523,6.943202,3.616401,3.238970,1.996315,2.782245,4.875677,4.402920,8.700616,6.258326,1.858214,2.846168,6.022890,9.978970,1.832513,5.836611,
3.256058,2.674538,3.698157,12.318553,3.437327,8.437656,6.302918,6.179041,6.947816,3.616447,3.240765,1.996249,2.776980,4.857946,4.402460,8.691673,6.258152,1.857431,2.876691,6.012582,9.978750,1.833543,5.844658,
3.240058,2.656004,3.672844,12.337762,3.439114,8.436784,6.307589,6.177108,6.955546,3.621212,3.239727,1.998108,2.779046,4.843036,4.403493,8.685578,6.256003,1.859765,2.910315,6.000772,9.984338,1.832481,5.855235,
3.219432,2.637420,3.652327,12.349620,3.432161,8.434867,6.304631,6.172251,6.959563,3.630416,3.236644,2.001910,2.787548,4.832821,4.404123,8.672990,6.249952,1.864006,2.937772,5.988543,9.994598,1.827584,5.867353,
3.202578,2.618777,3.634609,12.361227,3.422658,8.434944,6.298083,6.167729,6.962835,3.638453,3.232004,2.007455,2.800969,4.826310,4.404279,8.658351,6.244079,1.869249,2.965881,5.976172,10.005301,1.822348,5.878951,
3.204184,2.616352,3.624752,12.370713,3.418747,8.428994,6.290843,6.163405,6.981266,3.645536,3.226102,2.013321,2.817301,4.828727,4.401458,8.643571,6.239375,1.877816,2.963988,5.958590,10.015812,1.817272,5.898012,
3.198869,2.607051,3.624165,12.377212,3.409767,8.423207,6.282671,6.159317,6.990629,3.654995,3.220620,2.018942,2.838666,4.839227,4.398402,8.628522,6.232540,1.885133,2.955691,5.941365,10.031041,1.809050,5.917388,
3.199659,2.600367,3.624686,12.386065,3.397280,8.417901,6.278741,6.161161,7.001523,3.662511,3.216456,2.023259,2.856015,4.851966,4.398259,8.617675,6.227691,1.891141,2.943808,5.921911,10.039363,1.802345,5.932997,
3.201815,2.600638,3.631475,12.392179,3.378464,8.411042,6.277724,6.162930,7.013505,3.669153,3.214132,2.025779,2.864511,4.870163,4.397547,8.610176,6.223425,1.895222,2.930914,5.903376,10.040750,1.796519,5.945994,
3.197136,2.609499,3.635662,12.408221,3.364839,8.405357,6.285977,6.173110,7.033695,3.673478,3.207009,2.034464,2.878976,4.888237,4.401410,8.611372,6.226844,1.902623,2.924781,5.887392,10.048286,1.799181,5.948665,
3.199319,2.617763,3.642719,12.420640,3.353601,8.396981,6.293530,6.187700,7.055679,3.675078,3.196971,2.046292,2.887274,4.910507,4.409261,8.613717,6.233101,1.912310,2.921438,5.868129,10.047193,1.804582,5.947989,
3.204122,2.633916,3.650480,12.430928,3.343493,8.384381,6.298178,6.204454,7.077232,3.675977,3.190925,2.054240,2.883662,4.935365,4.421808,8.614133,6.240115,1.918038,2.910362,5.846259,10.039094,1.810598,5.944819,
3.196575,2.651471,3.659738,12.438010,3.328416,8.370290,6.300031,6.219092,7.090810,3.678596,3.185650,2.060957,2.886510,4.960754,4.432018,8.613953,6.246267,1.922752,2.898760,5.831697,10.031384,1.815762,5.941432,
3.197245,2.665351,3.669091,12.445809,3.314551,8.360316,6.302592,6.232772,7.106892,3.683781,3.179351,2.069149,2.890977,4.988090,4.442192,8.615757,6.250475,1.928317,2.891217,5.821701,10.023407,1.819684,5.937361,
3.204908,2.677128,3.688537,12.449697,3.298595,8.347136,6.302079,6.246801,7.116904,3.690022,3.173031,2.076576,2.878455,5.023011,4.450704,8.615567,6.254926,1.934161,2.883742,5.807553,10.007165,1.823080,5.934259,
3.217873,2.686382,3.706762,12.453262,3.283757,8.340337,6.302699,6.263185,7.136131,3.695730,3.166637,2.084090,2.866860,5.059138,4.461604,8.616923,6.260258,1.940276,2.883672,5.798116,9.992545,1.827386,5.930370,
3.229621,2.693009,3.716052,12.458797,3.271617,8.334543,6.303854,6.276821,7.155098,3.699498,3.160644,2.091882,2.857396,5.086984,4.470798,8.618164,6.265739,1.945964,2.889298,5.792586,9.979059,1.831594,5.926206,
3.244527,2.697977,3.717154,12.453107,3.271180,8.324594,6.307384,6.290369,7.171670,3.702298,3.153678,2.098354,2.862450,5.104372,4.474583,8.616216,6.272014,1.953186,2.902776,5.789805,9.964703,1.836840,5.923538,
3.256044,2.696136,3.715665,12.447427,3.272150,8.318150,6.308278,6.303856,7.188013,3.704203,3.144578,2.109081,2.865099,5.115282,4.479359,8.615398,6.280155,1.961725,2.922728,5.788721,9.950886,1.844812,5.916746,
3.251513,2.682884,3.699349,12.422428,3.269750,8.311200,6.320688,6.319378,7.198169,3.707933,3.136004,2.118520,2.877399,5.110388,4.476089,8.608093,6.285859,1.970138,2.950426,5.793590,9.943201,1.849885,5.913455,
3.235358,2.661583,3.675059,12.391532,3.262209,8.309275,6.335183,6.328893,7.199479,3.720147,3.128466,2.126435,2.902371,5.091300,4.469305,8.602633,6.284138,1.978088,2.981069,5.802223,9.942772,1.848483,5.914414,
3.211912,2.644789,3.649745,12.365586,3.250399,8.309309,6.349738,6.336681,7.199006,3.735160,3.123495,2.131645,2.920427,5.074972,4.464941,8.598744,6.280363,1.983284,3.015660,5.809655,9.942476,1.847319,5.914189,
3.181477,2.634305,3.618916,12.341290,3.242381,8.315011,6.361083,6.343937,7.200101,3.747658,3.116699,2.138997,2.935438,5.052980,4.465101,8.594355,6.280789,1.989900,3.049309,5.820658,9.942980,1.850306,5.910498,
3.144991,2.617246,3.603995,12.309519,3.231859,8.315295,6.374463,6.342920,7.193911,3.767177,3.109445,2.146178,2.957693,5.040674,4.462754,8.591318,6.274618,1.996979,3.081737,5.831791,9.940950,1.848195,5.910723,
3.124568,2.603023,3.605322,12.276891,3.220418,8.316880,6.386972,6.338443,7.180953,3.790214,3.103589,2.150396,2.973636,5.037541,4.462133,8.586876,6.265013,2.002808,3.109476,5.839440,9.931532,1.843008,5.912660,
3.105686,2.580986,3.611857,12.249034,3.212478,8.316779,6.397093,6.333128,7.168573,3.808607,3.095745,2.153828,2.983192,5.036999,4.465666,8.582196,6.259322,2.011330,3.122046,5.845173,9.920879,1.839993,5.916259,
3.093335,2.562498,3.619528,12.228845,3.205193,8.312717,6.408202,6.328459,7.154678,3.827188,3.087921,2.156226,2.988935,5.042550,4.470763,8.579274,6.253003,2.019898,3.122637,5.847182,9.901740,1.836580,5.919605,
3.080819,2.546566,3.627627,12.212305,3.192768,8.310682,6.415174,6.323305,7.139640,3.842101,3.082945,2.159181,2.997116,5.048438,4.474393,8.573739,6.248307,2.024781,3.123575,5.850834,9.883277,1.833781,5.921247,
3.067911,2.546965,3.638152,12.206233,3.176612,8.309236,6.424716,6.314109,7.127428,3.851935,3.075315,2.164639,2.998454,5.062008,4.481844,8.572325,6.250069,2.032682,3.112877,5.857040,9.866034,1.836561,5.914680,
3.049183,2.562061,3.657790,12.202747,3.158604,8.304282,6.433982,6.309375,7.112630,3.862839,3.071322,2.164902,2.991580,5.084334,4.492133,8.573314,6.249383,2.037400,3.113518,5.859472,9.846072,1.839528,5.908830,
3.034965,2.579428,3.681302,12.200481,3.141952,8.298252,6.436912,6.311792,7.100558,3.870349,3.069673,2.166896,2.983380,5.110204,4.502186,8.573628,6.250962,2.038595,3.117679,5.862132,9.820732,1.843545,5.902751,
3.033142,2.603738,3.707524,12.205159,3.125785,8.295011,6.447085,6.310808,7.086491,3.879909,3.066426,2.170724,2.967556,5.134181,4.510483,8.579643,6.249405,2.041577,3.111262,5.865505,9.793775,1.842290,5.899936,
3.022478,2.629301,3.728701,12.223247,3.108462,8.295283,6.460571,6.304054,7.068475,3.892396,3.063789,2.175429,2.950206,5.152451,4.515464,8.587278,6.242699,2.043777,3.103654,5.868641,9.779426,1.834569,5.903971,
3.018885,2.653164,3.748717,12.240687,3.091087,8.295549,6.471671,6.299885,7.050697,3.903362,3.060996,2.180781,2.937534,5.169985,4.519613,8.593260,6.236052,2.045681,3.096837,5.868316,9.768095,1.826165,5.908269,
3.017907,2.662567,3.767405,12.257400,3.074849,8.297055,6.478715,6.297628,7.038518,3.908859,3.055633,2.188570,2.936227,5.183889,4.525934,8.596071,6.231840,2.049832,3.105744,5.868375,9.764754,1.817762,5.910734,
3.015297,2.669539,3.766279,12.288704,3.061459,8.302025,6.478805,6.301784,7.026142,3.910819,3.049059,2.196359,2.932458,5.189176,4.531783,8.595616,6.230301,2.054686,3.123345,5.865882,9.756077,1.811266,5.910734,
3.014161,2.677755,3.758359,12.315640,3.051274,8.302628,6.476717,6.303011,7.010233,3.910207,3.042533,2.205512,2.932686,5.180897,4.542121,8.592703,6.233554,2.059293,3.128791,5.861173,9.742292,1.808275,5.911347,
3.011092,2.676602,3.741702,12.342910,3.038463,8.299047,6.471982,6.301221,6.996076,3.909363,3.039970,2.211337,2.917732,5.163533,4.553658,8.586374,6.238168,2.059563,3.132228,5.853225,9.727345,1.809419,5.910485,
3.008869,2.672383,3.722042,12.379937,3.029081,8.295054,6.465762,6.300590,7.000533,3.903835,3.038149,2.215000,2.902664,5.154416,4.567393,8.580800,6.246530,2.059976,3.120806,5.848924,9.713516,1.813214,5.910591,
3.018533,2.668413,3.710548,12.414529,3.023163,8.287784,6.454653,6.303623,7.009483,3.894621,3.032663,2.221663,2.887858,5.152393,4.582347,8.572107,6.259148,2.064799,3.095323,5.843977,9.696451,1.820295,5.911147,
3.036465,2.657114,3.699928,12.438422,3.013318,8.281844,6.431476,6.310254,7.017484,3.885517,3.028210,2.228779,2.876144,5.146312,4.593367,8.552652,6.270304,2.068137,3.077236,5.839618,9.680316,1.825130,5.912131,
3.063776,2.644144,3.689560,12.462669,3.001681,8.281647,6.410501,6.315074,7.023408,3.875400,3.023393,2.238647,2.877100,5.136594,4.602361,8.534290,6.280794,2.071393,3.081481,5.834892,9.669816,1.827594,5.914534,
3.095586,2.622575,3.685611,12.477732,2.992324,8.277841,6.394304,6.314709,7.039638,3.867363,3.016193,2.248497,2.882912,5.132141,4.612046,8.517331,6.289218,2.078184,3.085438,5.833595,9.665503,1.826576,5.923076,
3.125359,2.596305,3.678759,12.491913,2.983569,8.274213,6.379967,6.312240,7.055484,3.854580,3.009123,2.261847,2.895239,5.124679,4.620688,8.501172,6.302206,2.083876,3.090366,5.834421,9.659871,1.828138,5.927135,
3.163062,2.581188,3.677835,12.505778,2.979750,8.269600,6.367138,6.308056,7.084660,3.846473,3.008574,2.266051,2.898015,5.133484,4.633089,8.489251,6.313212,2.084097,3.084523,5.842686,9.652491,1.831509,5.938165,
3.172576,2.560399,3.681042,12.504668,2.972803,8.265847,6.361585,6.298797,7.108298,3.840057,3.007175,2.272615,2.911247,5.142502,4.635688,8.481989,6.322038,2.085365,3.087105,5.856073,9.658903,1.830136,5.952844,
3.179204,2.533621,3.687887,12.499049,2.966171,8.260612,6.365989,6.283800,7.128368,3.835397,3.007754,2.279740,2.915207,5.150257,4.634517,8.478505,6.328943,2.084580,3.087597,5.870423,9.664858,1.825963,5.968870,
3.170567,2.506308,3.678572,12.492639,2.958072,8.255414,6.376642,6.264040,7.143847,3.831388,3.011573,2.284162,2.919743,5.139385,4.631821,8.479133,6.335433,2.079917,3.091533,5.885222,9.671872,1.822159,5.982839,
3.149810,2.481766,3.666663,12.494053,2.947376,8.253352,6.382984,6.251785,7.150606,3.828538,3.015288,2.290142,2.924394,5.126148,4.623853,8.477922,6.338889,2.075088,3.106860,5.899313,9.690716,1.814117,5.998603,
3.127749,2.477811,3.657710,12.493803,2.936166,8.255697,6.392210,6.241212,7.154018,3.828822,3.017980,2.297796,2.926842,5.115157,4.614632,8.480314,6.340389,2.071028,3.116867,5.912854,9.711473,1.802601,6.013078,
3.100437,2.478272,3.653567,12.494846,2.919610,8.255659,6.403039,6.237055,7.156383,3.827880,3.018204,2.308456,2.926153,5.110276,4.604937,8.486135,6.343347,2.069055,3.116683,5.923152,9.727570,1.792453,6.022127,
3.086547,2.483999,3.645958,12.508091,2.903094,8.252674,6.415297,6.236165,7.158858,3.831028,3.018877,2.317822,2.921201,5.107411,4.598526,8.494207,6.343592,2.066800,3.116014,5.930678,9.732067,1.779569,6.032658,
3.071591,2.500778,3.646002,12.508760,2.888118,8.248305,6.433842,6.237543,7.158173,3.835241,3.018362,2.327386,2.916250,5.104035,4.597263,8.509652,6.343889,2.065699,3.100962,5.934842,9.731788,1.767137,6.040718,
3.068269,2.518046,3.634955,12.507467,2.874463,8.241114,6.458089,6.237150,7.156306,3.837074,3.020947,2.335532,2.912365,5.102164,4.600807,8.532057,6.346981,2.060783,3.082299,5.934991,9.722332,1.758089,6.042841,
3.070386,2.536848,3.624401,12.506897,2.863184,8.235349,6.484403,6.234257,7.154957,3.840516,3.024423,2.341698,2.914179,5.095035,4.606427,8.554680,6.348679,2.054756,3.058547,5.931650,9.713197,1.748048,6.043156,
3.071161,2.556247,3.617419,12.496359,2.845958,8.228999,6.497269,6.236621,7.149776,3.843817,3.028932,2.346235,2.916673,5.086574,4.610237,8.564449,6.351352,2.047131,3.030405,5.924441,9.703496,1.738799,6.042248,
3.066980,2.564775,3.602954,12.490213,2.827684,8.219311,6.509686,6.239513,7.144775,3.843497,3.034918,2.351048,2.925857,5.072684,4.621268,8.572691,6.358753,2.036219,3.014828,5.913017,9.692724,1.734566,6.028708,
3.060157,2.546132,3.575988,12.484545,2.813208,8.209437,6.502467,6.241842,7.135342,3.838537,3.041562,2.352724,2.950231,5.046178,4.632036,8.564292,6.371279,2.025310,3.012952,5.914131,9.695219,1.734772,6.017165,
3.045098,2.532532,3.560106,12.470772,2.797470,8.202232,6.503859,6.241395,7.123954,3.838798,3.045928,2.355898,2.978482,5.025566,4.636434,8.563612,6.379387,2.017164,3.005824,5.917182,9.704793,1.729333,6.010168,
3.035104,2.519266,3.547872,12.463275,2.781693,8.199788,6.493506,6.250924,7.115217,3.832268,3.050591,2.355751,3.003092,5.014651,4.637957,8.554535,6.390098,2.008842,2.993825,5.920723,9.712226,1.725382,6.006673,
3.020582,2.525061,3.555434,12.451646,2.761241,8.195017,6.477933,6.257963,7.106438,3.826101,3.066122,2.344580,3.001690,5.026728,4.643633,8.539929,6.399637,1.988946,2.971368,5.916750,9.721388,1.726413,6.004346,
3.012387,2.524624,3.563661,12.441491,2.744477,8.194975,6.457993,6.274528,7.094658,3.821967,3.078908,2.334037,2.987227,5.038163,4.646949,8.523093,6.407661,1.972696,2.950536,5.910223,9.723440,1.726878,6.005631,
3.017392,2.519007,3.573072,12.435944,2.734969,8.200931,6.435839,6.291498,7.086336,3.816801,3.091235,2.323946,2.970302,5.051043,4.655224,8.502507,6.415417,1.956944,2.933479,5.901406,9.725758,1.725093,6.009127,
