-0.000577224025957,0.000062099677379,-0.004831987305654,0.001210273450497,0.021052462095785,0.033335980022106,0.075026742917164,-0.189500072102814,-0.008194311533230,-0.133421374291622,0.000278048563915,-0.003328085788021,0.288497221425420,-0.124276071886864,0.002443334196825,0.015200626978677,0.013652416561444,0.156197921141693,-0.201342060445838,
-0.000577615545377,0.001096536558096,0.000232464668476,0.000821455493315,0.021178157479993,0.020959023172284,0.137410411189366,-0.316580841917374,-0.011694557539385,-0.163143069315691,-0.000607817522593,0.000909424834721,0.416102405939748,-0.151904680882137,-0.001330936414953,0.001585018555855,0.018644400022731,0.207209752495600,-0.281786126057470,
-0.000720187795312,0.001608633491109,-0.003957633376259,0.000248512100843,-0.010628246383089,-0.001166349540058,0.055194180856552,-0.124471667521419,-0.017276308468204,-0.102960235065835,-0.001011701096089,-0.003510247933695,0.135123099534833,-0.075803504001839,0.002855424398219,0.013899254137241,0.006100048055494,0.015338225367206,-0.046498926854803,
0.000506274545344,-0.005155779960736,-0.039674980428143,0.015173280664083,-0.123020779302960,-0.027174330692565,-0.133611431375984,-0.068911597346942,0.038455748274832,-0.646321834718867,0.004825680565575,-0.025966642053467,-0.121213829299768,-0.629246019326241,0.022549995687963,0.116985993454472,0.023430374141630,-0.301182682690682,-0.207880152721354,
0.000600640963559,-0.004026666114294,-0.007588691507569,-0.000643552699909,-0.000628570152011,0.003087927937782,0.136023589001822,-0.241364183715904,-0.006363103768982,-0.100704933854247,0.002637048771517,-0.006923176941168,0.277958695408617,-0.097037424239367,0.005266764427828,0.019639424828555,0.012992248876662,0.111011691069513,-0.192034045084582,
-0.000721388210343,0.002603457227985,0.009883529622122,-0.002011035168457,0.028517643368898,0.013910705304522,0.162999026977887,-0.172373807425103,-0.027682825607856,-0.170664079095167,-0.002116837564276,0.008180116705746,0.246248982542549,-0.131351054960885,-0.006792351226971,-0.027937850615866,0.002504876997213,0.064099149171736,-0.049248216552714,
-0.000366765751217,0.000705689275529,-0.001301141818574,-0.000446426321829,-0.013542086421793,-0.023942503489702,0.036915541243726,-0.135148821213155,-0.022980287616776,-0.079839242746412,-0.000448008596780,-0.001809389276587,0.117847709788298,-0.055432035517939,0.003421299728476,0.007152306344361,0.011818431121894,-0.017457416684614,-0.060662833429921,
-0.000900264070444,-0.000888346241102,0.000451481516807,-0.000509224055078,-0.010714728969110,-0.040277399362030,-0.013068827426080,-0.145148635611300,-0.005156109495645,-0.012185737738381,0.002351055191585,0.000685760295328,0.089126592645066,-0.012701053546200,-0.002438551532656,-0.005151640603296,0.002334099341180,0.001802545800300,-0.120642685373861,
-0.000406310607651,-0.001708438814016,-0.007249212653308,0.000333768603524,-0.026701450920782,-0.025698089022039,-0.005143650217084,-0.126942189834375,-0.000040920548447,0.000094292321776,0.002477325443459,-0.006429461002196,-0.005117367312860,-0.001062322403393,0.005094068472477,0.015003316546132,-0.018816215542695,-0.041798151612918,-0.040560672629256,
0.000358089084291,-0.000686787873022,0.001456557604577,0.000099509590654,0.006388825238881,0.001467612062416,0.100585817196966,-0.132992038122135,-0.002127850004027,-0.027389740272531,0.000104352350218,0.001423850708712,0.150884883379474,-0.027028044118714,-0.001482998487560,-0.005275704505304,0.009438058872016,0.069692167594485,-0.096995781421776,
-0.000024618610813,0.000321492378756,0.004481559908357,-0.000868709451960,0.011167798647346,0.002909396171537,0.066611291065394,-0.094594659222721,-0.018726898681709,-0.068523928405681,-0.000571362767237,0.004158974644764,0.097474144524382,-0.046147467355772,-0.002289978162438,-0.014664671854935,0.001832891855667,0.019293132198822,-0.015648571076781,
0.000500740032684,-0.001733124490638,-0.002736717969901,0.000250633048465,-0.026393139432144,-0.039039604084799,-0.026347025904949,-0.066005091864171,0.001465556277881,0.032906067548562,0.000635068671343,-0.002057774215003,-0.000635823967919,0.029087669326914,0.001094497616803,0.008572582400636,0.003151150829409,-0.014926955953993,-0.049273120794937,
-0.000051789707639,-0.000878419508398,-0.001987357655175,-0.000667536092770,0.002619550943367,0.009508164230103,0.022931775429426,-0.075659586612232,-0.001898937296421,-0.011659154392760,0.001070470291917,-0.001895142777499,0.064259225251011,-0.012086356990503,0.001113338438544,0.007616814193602,0.000351803332671,0.024297116721662,-0.043663393315677,
0.000547699059728,-0.001362851819170,-0.000768372816985,0.000110171444993,0.014961975639006,0.023006876982699,0.075453199771323,-0.088084579284815,0.000615330317294,-0.026182313632662,0.000601032755681,-0.000557898560314,0.090081605770552,-0.025782913247179,-0.000317815235066,0.003734398539689,0.000458348129096,0.045427066297456,-0.030544035855490,
0.000819506860328,-0.004659430312508,-0.003572054533607,-0.000508720616007,-0.000595577376142,0.019691461145455,0.108275314624868,-0.092221421723170,-0.000667576469945,-0.029917742726120,0.003504578586028,-0.003359443154646,0.138696765839528,-0.030738622167548,0.001868760436358,0.009603787992333,0.016827032242402,0.059369591001832,-0.085423213907789,
0.003963340182545,-0.012996492371984,-0.024185082664024,-0.002949560500788,-0.107130672194308,-0.093829770301494,0.112263484451514,-0.137965409275555,0.003968796133964,0.004329702015610,0.007719443970599,-0.023395620127942,-0.024046379874330,-0.002616816834048,0.017440482909881,0.089080872262854,0.014525798610666,-0.095492871807636,-0.100239827019349,
0.000473084783359,-0.000685965962263,0.004614429532199,-0.003497203702921,-0.005482102893829,-0.026944453618569,0.043331969507583,-0.046441883983518,0.002334899854006,-0.009879938719551,-0.000441144100183,0.003721059755542,0.007181416635938,-0.012804298362596,-0.002261271601620,-0.016417056852675,0.007406046942355,-0.035548642940775,-0.023137284748136,
-0.000395956074037,0.001543016730828,-0.000359922681309,-0.000193359004484,-0.071208907881159,-0.043440686426440,-0.123165164365710,0.047318075863072,0.000863295717757,0.106336421614498,0.000791129227115,0.000119036528993,-0.174161068805564,0.105907390232620,-0.001336252314128,0.004342901619069,0.003369714695286,-0.109976899429604,-0.005534882012347,
-0.000782659446347,0.003825596612791,0.003421679514405,0.001285709644295,-0.006033771024940,0.017817288842611,-0.048947902960362,-0.094501653601148,0.001404197292583,-0.015950950914890,-0.001822916268517,0.003463527755271,-0.007552828488652,-0.015104527473878,-0.001413934854186,-0.009493117423422,-0.014894177279310,-0.038937622462706,-0.010207413086923,
0.000449364949546,-0.005938543409679,-0.012333354302917,-0.000973052435554,-0.007194210249767,0.066069941353096,0.074473380392241,-0.073743431520175,0.000689238933392,-0.035358932144221,0.001927108035730,-0.012348820224665,0.084366236935541,-0.033852149942264,0.010411841657482,0.038120098040404,-0.010610778998406,0.043832907870629,-0.023062719761037,
-0.000372238214473,0.000283288802442,-0.006654760500271,-0.001507981895656,-0.032415303539011,-0.007944381308650,0.000347197220027,-0.049052828451485,-0.003735872800782,-0.034225677715188,0.001271242875123,-0.006950340185027,-0.011781553289021,-0.029094295847003,0.006932657691091,0.018884188369861,-0.010686769933151,-0.028306611971890,-0.014466287504019,
0.000506146818552,-0.009001910387431,-0.018273332171752,0.000661364094772,-0.118129409577552,-0.102933792880730,0.016095162232315,-0.120024428579334,0.007474195957655,0.032695888591723,0.007390274083012,-0.018029469961443,-0.084750507137306,0.025857629368563,0.013558238341167,0.063772225789177,-0.015260654042079,-0.135653261763767,-0.089531402340150,
0.000014436010644,-0.001190526784251,-0.011378345020301,0.004116652535557,-0.069428360242609,-0.054501856508930,-0.045119224956558,-0.015846156561166,-0.001912645407934,0.015606948795059,0.001594821306633,-0.011481932317488,-0.052302176183848,0.018236112877566,0.011640414656242,0.045592977854407,0.012909807325403,-0.093973911736373,-0.081110442125453,
0.000958482908765,-0.006006790171439,-0.008316601995500,-0.001384320208959,-0.038942708358627,-0.007425326941192,0.041738822681947,-0.050876835749352,0.000759288959578,0.005089019554199,0.004214844651688,-0.008443610936599,0.003985275545627,0.004035001414919,0.005734602344272,0.030746138256133,0.005215725242554,-0.036113985947411,-0.058531323093997,
0.000045316648060,-0.002094612397062,-0.009360040664934,-0.000461451872808,-0.008216910819027,0.026475640995950,-0.013388636419306,-0.015237238175797,-0.001865937539459,-0.003262229335678,0.003229638946426,-0.009193928834216,0.028759107153380,-0.001493968527380,0.006657362058667,0.033482099308734,-0.000674045059188,0.019710926101285,-0.026117246568244,
0.000126612460892,-0.000093634873074,0.001792710738778,0.001828203225904,-0.002361763730847,0.005899488559250,-0.012673537533623,-0.006456924401583,-0.004346002475345,0.022871564190440,-0.000158308639346,0.001667539311109,-0.004926371511266,0.026340316314022,-0.000674785132206,-0.004422521134478,0.004016131914577,0.001485136056443,0.006945177633816,
0.000113551845431,0.000620034791056,0.007819194107189,0.000197372266542,0.016823220768604,0.008430486683564,-0.005036066245877,-0.009165579952125,-0.007900549727684,-0.016831417309368,-0.001582412794061,0.007360415569864,0.006537915913478,-0.004704604527140,-0.005349005629567,-0.029421436235692,0.006075259331863,0.014093561595433,0.020024372001154,
-0.000388645654448,0.000594551850827,0.012543761294484,-0.000493463059410,0.045201000190771,0.034692971845827,0.028543972614454,-0.008245455313628,-0.011784793180018,-0.052855300344551,-0.000872313421753,0.011664255338501,0.019845938616620,-0.039520665151039,-0.008642367038168,-0.047372107715826,0.002411352030471,0.074917291159737,0.090611075755210,
-0.000443239939778,0.001383153483115,0.007805524768369,-0.001665238026995,0.021518589095275,-0.008953467641535,0.025540759836980,-0.019409563204735,-0.001952717603671,-0.025169099261844,-0.001315365116199,0.007086863801408,0.022091729850918,-0.018139808177921,-0.005299733862569,-0.032522419854785,0.013695575473028,-0.024282392053332,-0.024235018452481,
-0.000119536224805,0.000978407293831,0.004481168351707,0.001884375078193,0.043204079068652,0.033334412008334,-0.011660483932108,0.030241430068379,-0.002603478899809,-0.018529897444500,-0.001654308738074,0.004692067243782,0.090432235349923,-0.016344130519769,-0.002982483583529,-0.020542608884271,0.023115513639460,0.059342756187350,-0.042494724657488,
0.000874149376449,-0.002098386178126,0.003834159804030,0.000594889885369,0.051257199866488,0.034070435452402,0.058116443325289,0.017744361372278,-0.001102916580264,-0.018832345615449,-0.000067184432352,0.004004510027613,0.060970747366440,-0.015948277943219,-0.004886998532440,-0.020348513187053,0.015031130241266,0.046016768189680,0.005070496969903,
-0.000072844190222,-0.000647675652435,-0.001333822532161,0.000715682986510,0.019306922722093,0.033079984286752,-0.021832828022714,-0.000100396066037,-0.004044398819915,-0.002549293002556,0.000233032350357,-0.001275051404452,0.023450064765584,-0.001733742691997,0.000269063431385,0.004441654577028,0.001896549160403,0.021642825813256,-0.001162028779478,
-0.000191127227654,0.000247206192462,0.007075680541292,-0.001317834216442,0.041803402586127,0.040293790222768,-0.015937874710270,0.017447385603281,-0.001180748255370,0.017784456398035,-0.001261485336208,0.006785335815139,0.066570024631341,0.020328081144470,-0.006084797597639,-0.030461385144897,0.014150814848304,0.052403195051854,-0.015888724878047,
-0.000446789401294,0.004275633340802,0.012361348455343,-0.001708155925215,0.057293710798675,0.030716384851269,-0.009906079323643,0.015755985686156,-0.009718726467071,-0.039790678393902,-0.004203843067556,0.011146399270240,0.019755623805636,-0.026618222903320,-0.008555361368656,-0.058922428484507,0.001609709333462,0.068669880391099,0.083332805610852,
-0.000082249437504,-0.001448860699408,0.001542619348022,-0.001407435822186,0.023705729857872,0.028674543856618,0.008315011990359,-0.001658235069932,-0.001784288480565,-0.008300265024610,0.001243914891525,0.001176787460731,0.080268149699846,-0.007911274967144,-0.001076975320659,-0.009226602908491,0.011745053985827,0.043511142964471,-0.050523094549567,
-0.000240198221715,0.000900598976749,0.001568368606511,-0.000553627128429,0.056939007102247,0.051804727455592,-0.000708775123757,0.047861158164046,-0.004472798575601,-0.033788241556798,-0.000693938665568,0.001179670816754,0.083993258526806,-0.028484527491133,-0.001187378849249,-0.011190704986521,0.016580552197447,0.084358593233405,0.008245031452378,
-0.000315651957105,-0.000664058013668,-0.018999296101720,0.005568758502820,-0.047108550722633,0.023010729045434,-0.052115425539833,-0.023837283347148,0.009028075516558,-0.063803274170782,0.000905285555402,-0.017334346820632,-0.064480042923525,-0.060629725042595,0.016479161898984,0.091068610530651,-0.020075611317308,-0.010569868964790,0.019937523617749,
0.000209121704642,-0.001102908854480,-0.002668024673980,0.000483220447487,-0.018457703435189,0.004039480230490,-0.044072428788020,0.011255701941828,-0.002361278980068,0.024308214576028,0.000733511750108,-0.002858079725139,0.010108079337288,0.026367252162492,0.002687077379297,0.010666350523517,0.007632069968714,-0.011463379966417,-0.052509959522904,
-0.000507209581842,0.001702959037855,-0.009864983754754,0.004275689588614,-0.084504927649316,-0.034569103588683,-0.062243962746014,-0.020762059686997,-0.001992111263521,0.013145485105006,-0.000388056313051,-0.009888292830264,-0.066951493937141,0.017257925809164,0.010261297835393,0.049083682273359,0.000233491174570,-0.087834047288687,-0.077201068969084,
-0.000958165800856,0.001869409419101,-0.019076527565124,0.011512673290687,-0.174866891326505,-0.050872028392417,-0.197367769731546,-0.026434942996837,-0.016557435907599,0.123163235486232,0.001981127955311,-0.016555600478759,-0.194087456729456,0.117300654057430,0.015539562491424,0.105730399119208,-0.002138793470759,-0.176728733798195,-0.118545875541097,
-0.000478519916245,-0.002137806327473,-0.005624526319349,-0.000684443528182,0.018280550446996,0.041447375543760,0.013317326258076,0.008782764745341,-0.001495774121189,-0.018772955078076,0.001484946136061,-0.005846688433962,0.076864175931780,-0.016703544570271,0.005615536464527,0.024778176951497,0.003948195557278,0.066118975179953,-0.029669261295315,
-0.000326669445337,-0.001487378682555,-0.008827001920511,0.002496082427828,-0.050731194312597,0.004893650903309,-0.044318007248254,-0.009850768757863,0.000818495812713,0.024307958855441,0.003052944191229,-0.008395290348212,-0.047114395713317,0.021517737548725,0.007351124627696,0.045591381413554,-0.004284916824946,-0.050524599987145,-0.038512647230047,
0.000133155468319,-0.001084450472480,0.002523965063728,-0.001041549029221,-0.004895653781100,-0.009897029637049,-0.001212924221644,-0.005702403186145,0.001847710181270,0.024058481766843,-0.000247737462159,0.002131932036570,-0.011229340219059,0.027702254398347,-0.001754553216382,-0.014977809620963,0.004101137076144,-0.017504672854101,-0.011169308820655,
-0.000579708732182,-0.000105809414508,0.004545531778784,0.000451593393509,0.026114185029930,0.033698626926214,-0.005195101317124,0.035612259143337,-0.002385523541937,-0.000861791084212,0.000805834961640,0.004424139630836,0.030748645178767,-0.000025973885261,-0.004551283620698,-0.023155495661468,0.020661084310259,0.006779614843595,-0.021864591267810,
0.000099860394127,-0.003738247718901,-0.006726781431989,0.000574066407087,-0.064557200382703,0.001576857050748,0.028497723985145,-0.008009870760370,0.005915273079444,0.024070220655332,0.002778089480077,-0.006327612432385,-0.068470141645745,0.017187582109216,0.003635945445491,0.040517413675870,0.004249847612461,-0.075121166646796,-0.041119865868718,
-0.000158191197657,0.002058029136710,-0.007202606609588,0.000684919010994,-0.033140516814648,0.017398514690210,-0.044524577191098,0.010725079965001,0.000002359006622,0.018879075363080,-0.000340198621907,-0.007252780649296,-0.055188360965056,0.020167657349380,0.006759817453137,0.038848123977321,-0.007871201777386,-0.026936914968315,-0.003824798051986,
0.000344728303527,-0.007281092482892,-0.019908672081233,-0.002915917589522,-0.138063479302839,-0.053312626613746,0.004444520418776,-0.051970094032878,0.002605682847496,0.034653317485642,0.004383915486288,-0.019938188696503,-0.064382798303374,0.029695024743145,0.018058734852673,0.101042369483636,-0.014537443696207,-0.107664603326842,-0.109201584431285,
0.000185942157242,-0.000105536619833,-0.000385066697275,0.001408734498753,0.000614359659632,0.002400855913179,-0.007552264470355,0.008608933982084,-0.002641591797007,-0.023399338925463,-0.000781058706220,-0.000612711576413,-0.002579537212453,-0.015588756745859,0.001341274029695,-0.002022455907042,0.008011952655793,0.006634483190202,0.010244725737691,
-0.000004894402752,0.000780947821653,0.010570788178419,-0.002251017096022,0.055135671099002,0.010182832490873,0.018935011512615,-0.016176544948769,-0.005277124139029,-0.040712618790555,-0.001994740087278,0.009773785283494,0.028438442072454,-0.031284072301963,-0.008282923616597,-0.064220068806852,0.011649960608938,0.047749791646600,0.065318671124654,
0.000329464257257,-0.001907880510358,-0.007239649416581,-0.000006059949516,-0.129348174572741,-0.044804827313216,-0.035797058504407,-0.025697492697778,0.006088501188497,0.097842155285548,0.003069917915661,-0.006928365821621,-0.108452680157513,0.093638621112938,0.005201964297826,0.043237211230217,0.000400631340770,-0.133150394243952,-0.105375076140484,
-0.000141162263473,0.000850463482940,-0.004051503717451,0.000531243346999,-0.044719488204182,-0.022731969841622,-0.035251974939666,0.002598993258598,0.005031901000267,0.074710455090757,-0.000609582143190,-0.004202113027663,-0.042665062251355,0.071881087385200,0.003988168681734,0.021560593256564,0.001599559468614,-0.051724669575471,-0.041653464384679,
0.000145609548089,-0.000025223039203,0.002555545774895,-0.000423818977763,0.042790862859972,0.062579699145921,-0.032925239767079,0.031518526439929,0.001061174503725,0.004538162449405,-0.000821460449327,0.002390469368013,0.047814840029907,0.004855335043717,-0.002189756647137,-0.019089424010575,0.019965574139945,0.037501281400896,-0.011349586551747,
0.000156765076244,0.000219997953224,0.005489102789882,-0.000696076486484,0.038046092396987,0.016809342003307,0.006530723012826,-0.012563976335158,-0.007691503104467,-0.028863862160674,-0.001354906951127,0.004931743015908,0.008869989584879,-0.011778876815766,-0.003433609518194,-0.037793968782669,0.004745415519838,0.057263150386661,0.067943205337769,
0.000100093072710,-0.000588068520288,0.002002741059017,0.000315057133732,0.002809153127218,-0.002198818913772,-0.000243138697345,-0.011917202179823,-0.003557173647369,0.023792533121748,-0.000145836723901,0.001914789246620,-0.000128621918383,0.026785180394227,-0.001535188634464,-0.014024362637573,0.003422379225965,-0.006872424739123,-0.000639791941540,
0.001339076694566,-0.004781911733219,-0.007492596545571,-0.001215310052021,-0.069104069576054,-0.026288562719907,0.046681414000208,-0.014674479359215,0.003119552918549,0.020076853864410,0.001170523244556,-0.007325148930574,-0.029549211214114,0.011984672951895,0.006246367013486,0.047536748735346,0.011516931335203,-0.062915697366725,-0.068976233267828,
-0.000074138349918,-0.001175609309554,0.002488184479980,0.000255804721680,0.034121660167430,0.027353350660717,0.006914482879139,-0.004388319985048,-0.001436113001259,-0.003156572662204,-0.000238441092693,0.002458869155292,0.063435723224127,-0.001003163915161,-0.001659158824719,-0.020004417435856,0.012638946651708,0.040421561313333,-0.016099107393078,
0.000101418501858,-0.000373169643942,-0.000089778752399,0.001928240949455,-0.009384606660516,-0.001897656507222,-0.014160608361156,0.008955492755278,-0.008704741567121,0.061528483901139,-0.000356282634700,0.000114041602700,0.002827874292086,0.064874724030819,0.000554182407018,0.001327815880302,0.006813245690963,-0.027619234542887,-0.032337206536450,
0.000164858911155,-0.001157789845935,-0.002907447049462,-0.001708032090551,-0.030901146321815,-0.022079017455411,0.003895668616748,-0.017541344830754,-0.001056111723228,0.023858303548706,0.000934159311113,-0.003267808355659,-0.012609309984567,0.024732079716814,0.003227484967288,0.014385689854473,0.006854604692628,-0.033087095721575,-0.026443072728076,
0.001057256673609,-0.002333576303322,0.008836014313289,-0.002762087152822,0.083297021418310,0.027147295196382,0.052802774264302,-0.045058196200932,-0.012196604240452,-0.125765421177740,-0.001855957170675,0.008325535304124,0.065082727260909,-0.107304618416435,-0.005567693654717,-0.070029607464254,0.005030467909780,0.110824638844855,0.116845917567044,
0.000314994351799,-0.001152673107655,-0.000700757028985,-0.000841347072149,0.034597220827295,0.014788513087360,0.021762722149447,0.001100447734525,0.000017549045380,-0.032418761002195,-0.000897812953088,-0.000876029548600,0.081371100737391,-0.032232752668270,0.001024569190356,-0.002717857857777,0.009314739650158,0.048603357630265,-0.038413120959257,
0.000494111831303,-0.002152954381377,-0.000036981260825,-0.000878671714570,0.040810308817382,0.018930919598939,0.047549827515063,-0.006364602696834,0.000806462865790,-0.037792473384775,0.000237405772161,-0.000437753270086,0.073783163104600,-0.035898244051695,0.001058570971846,-0.006565651750506,0.009227814914000,0.047550640187680,-0.006279824912432,
0.000134219636610,-0.000186133641725,0.002324165953266,0.000772854851194,0.038470376297661,0.015212167676804,0.015583987175854,0.010656126949050,-0.001673233516528,-0.017635789244912,-0.001248775579000,0.002489579221587,0.059196196652378,-0.015572331649327,-0.002149694047273,-0.021077577723739,0.015145851284445,0.040475955676262,-0.027697390408538,
0.000302089948340,-0.000932406243876,-0.003249467924750,0.003843244086724,-0.040931094999499,-0.015318594767815,0.000551960829387,0.000287665372373,-0.019268477766030,0.082281168010831,0.000266535978575,-0.003395328808786,0.022496903466621,0.087502265867788,0.003954640440970,0.032732229067240,0.007303602474934,-0.069926879088237,-0.083672105088373,
0.000054248768419,-0.000348830200864,-0.001343899942634,-0.000479878197450,0.011011958561164,0.006468151681708,0.002375431191112,0.014650186219575,0.000382736338344,-0.004981034618106,-0.000170112059266,-0.001505245839537,0.057364777420432,-0.005330025145449,0.001538280248457,0.005535226458095,0.011426432660860,0.024436823901310,-0.055683216835320,
0.000057112785917,0.000304446044816,0.001864946296491,-0.001893331678798,0.015866238296872,-0.002010720435526,0.020708642560309,-0.030740939751439,-0.005939821169221,-0.052505620084941,-0.000802781331272,0.001659164438777,0.010657314777777,-0.047342000745598,-0.000629317224164,-0.022223684911485,0.006553242362583,0.012262709905515,0.019442586627573,
0.000346540715161,-0.000622083883275,0.006961557613594,-0.000532173243701,0.074546853850238,0.024961608210646,0.014626764286392,-0.013266810034619,-0.009030717553282,-0.051760631505209,-0.002085680775605,0.006427700322066,0.050474267402941,-0.038827076430766,-0.004678553521048,-0.075087890030312,0.019415283414115,0.063650043187156,0.070269727800275,
-0.000023676487791,-0.000516984503960,-0.000878845572415,0.000216776597233,0.012600879217549,0.049091793708596,-0.032971833528928,0.026853122701545,-0.003899300464087,0.005916201379451,-0.000221420931546,-0.000970527064834,0.018849917154823,0.008973755293484,0.001014981494870,0.002241858378836,0.002264361591566,0.022055292923371,0.003519009205258,
-0.001015404211105,0.008116938080958,0.006377872889239,-0.000136045999176,-0.009980396768687,0.098369026791730,-0.087223161207977,-0.013464796196873,0.009698175954595,0.056637747433249,-0.003798414398218,0.006284843392458,-0.100404969160062,0.050740070486342,-0.006453378583957,-0.042192073347631,-0.013556507078485,-0.053923334122124,0.058564976059067,
0.000309768985067,-0.001178624411616,0.004981486606890,-0.001141567116172,0.069515913276011,0.022931581596920,0.025381668196054,-0.014644227308208,-0.008971758194899,-0.074022239975773,-0.000824543248218,0.004580501099943,0.040259451304918,-0.057725474729344,-0.003610699301217,-0.065404707671299,0.009072613078873,0.072605614290168,0.085545447254976,
0.000627724840230,-0.003326598751983,-0.006089741531203,-0.001515776898547,-0.096739076597598,-0.021017331850522,0.045511985686910,-0.036231681976993,0.007378648216260,0.015598486471326,0.001979333575382,-0.006010768277556,-0.037311605203803,0.010328646743621,0.004846289441446,0.075885618475557,-0.002013407555409,-0.065934144604671,-0.079561963988533,
-0.000027251118001,-0.002652006940072,-0.001187276236081,-0.000589317090043,-0.032389727496528,0.015612990761590,0.047524093538298,-0.021877934878624,0.004038957860287,0.006989704048952,0.001142470304072,-0.001180133668143,0.010681688023054,0.002541030743099,0.000965355807237,0.016385090189727,0.012187381989691,-0.024744174777786,-0.059854295235988,
0.000243316846107,-0.000908199484962,0.001958947893925,-0.000159974362196,0.071163527123928,0.043426951057267,0.030377982021278,0.011753422640629,-0.003095059575969,-0.009946786535959,-0.000426916821493,0.001825435153704,0.089545697353836,-0.008230261611660,-0.001319678594180,-0.030874127667979,0.012700087284795,0.059030187481247,-0.002624923412345,
-0.000007749637093,0.000112202715980,0.000547906895604,0.000412200164867,-0.004864687896505,-0.009931088231989,-0.025756473565129,0.009376612078820,-0.012711052042096,0.045250821739062,-0.000734292156953,0.000519199831643,-0.012760200010330,0.049921706381593,-0.000149662186171,-0.009348103213126,0.006909501414988,-0.015221361772309,-0.002564862105825,
0.000217439293542,-0.000740873379557,0.000173715078955,0.000110500414103,-0.014456992013222,0.015290398888820,0.005542089850712,-0.007247157754287,0.000396971104693,0.023085884377498,-0.000662488534517,0.000095408103320,0.012124530175498,0.021698996869805,0.000384605170962,-0.006988270059208,0.007240852086976,-0.014361338828943,-0.033299859651150,
-0.001396294907462,0.003705899642122,0.005590181126361,0.001523357307040,0.080709873767764,0.046197539668626,-0.050633266713461,-0.013067657583166,0.006594308038946,0.011454221574880,-0.000671817260004,0.005498325079228,0.031900759392310,0.003273536145498,-0.004720963018788,-0.108130147220920,-0.022512783976442,-0.010427848829842,-0.016446669762494,
0.000323529926086,-0.000957598346926,0.000368567102032,0.000081629150288,0.014129540477232,0.006760945342766,0.009831199621376,-0.019991001458740,-0.010242347527326,-0.057377666798286,-0.000539716584472,0.000291535393584,0.007835040953614,-0.045515841400657,0.000391243937387,-0.011865142902736,0.000313075529237,0.028074383067431,0.035315375801380,
-0.000159831324900,0.000019969809802,0.001183686960527,-0.000002356252884,0.018040190804490,0.036424798669547,0.008206963425918,-0.004860598974202,0.001345722362422,-0.015115838969444,-0.000682477929315,0.001159772767781,0.034076808314928,-0.014298453614423,-0.000836076502009,-0.022190619545142,-0.000069242205721,0.006377630529214,-0.034593817564075,
0.000033672904589,0.000078651209277,-0.000871125444636,-0.000269276013982,-0.049496360972740,0.001203149586527,-0.037566334849412,-0.018037057328726,0.003865651984537,0.034316103463959,-0.000009775681668,-0.000899563168161,-0.038395867268119,0.031529074987050,0.000707346301020,0.015432065927663,-0.008582815630768,-0.049829113342958,-0.033705334106728,
0.000129738426263,-0.000409173855226,0.000676797950584,-0.000592985392092,0.008710717423038,-0.004646948927345,0.004708827646987,-0.012026403595928,-0.000783686758928,-0.005598369216955,-0.000420527134137,0.000547432964334,0.004131930150930,-0.002410871077476,-0.000320527676032,-0.017008152854633,0.004915165797115,0.006183492974724,0.014175921840886,
0.000115594861598,-0.000100122848252,0.000551974961858,0.000339360368666,-0.004302451964402,-0.011285784733868,-0.014839224788626,-0.003291568980770,-0.010925213433786,0.010892540594346,-0.000584030819157,0.000517049640974,-0.016918220609877,0.016599779670576,-0.000248756719229,-0.011371589905712,0.006845300058273,0.005360769632118,0.019733083443059,
0.000262633716553,-0.001348857108349,-0.001840850612908,-0.000207228193640,-0.003662025654868,0.060720218646905,0.030345754642085,0.007847993046877,-0.001395673497249,-0.008670786398260,0.000353589522949,-0.001836067531607,0.011411792198077,-0.007973410319462,0.001404284796400,0.040220173815081,-0.000354095271722,0.014049751284808,-0.002427338661082,
0.000068888864574,-0.000340810391850,-0.000464090200267,0.000001061273939,-0.006836157271393,0.021076990511280,0.002013899757472,-0.001790886183510,0.001990510586689,-0.002645144938924,-0.000105765337167,-0.000416091144531,0.003346233005036,-0.002900910789801,0.000439992030912,0.007729827787524,0.001074112421419,-0.003988413709087,-0.010554069188293,
0.000109739847908,-0.000360277346851,0.001988906206984,-0.000500151487699,0.052174628972230,0.011184232355248,0.020212263516397,-0.008097237440258,-0.004569840317591,-0.040025632841843,-0.000535955598288,0.001751585667523,0.031786215491901,-0.033864188980928,-0.001193184876835,-0.054690987934748,0.014119708688049,0.047790514641217,0.063913897606954,
-0.000031067829888,-0.000369874156852,-0.000421863974995,-0.000670533309849,-0.027642213959801,-0.009751833907278,0.008889855622508,-0.019839630578257,0.004789838357009,-0.001975367748207,-0.000026364385521,-0.000489602490429,-0.020602453087601,-0.005931547184770,0.000475652725364,0.007460087442231,0.001163225804374,-0.032041669907684,-0.022902215002749,
-0.000020006127879,0.000151948416834,-0.001265251136832,-0.000114023699366,-0.078221424295163,-0.057050964227818,-0.015071655358949,-0.023479492181125,0.011279621863977,0.042515566368001,-0.000187934413748,-0.001287360626807,-0.034637356316446,0.033828555979457,0.001238969006927,0.027402497761373,-0.006587399547131,-0.119877211161114,-0.127034115798960,
0.000103928024615,-0.000676583867594,-0.001725897987009,-0.000190815087208,-0.071338278324748,-0.047609815017046,0.001110844202949,-0.034629843045914,0.002038504646662,0.031799145751195,0.000257803297315,-0.001770390117405,-0.030897848463801,0.033317003262782,0.001873017520952,0.038209652973639,-0.002791712209233,-0.059856625234935,-0.061780533801137,
0.000229926767787,-0.000796074733420,0.003384388759908,-0.000672674659399,0.122381447682406,0.040015417693654,0.045930650072773,-0.010612825097053,-0.012260852766127,-0.097644123962185,-0.000588896106575,0.003292160223646,0.069556659962596,-0.084032002379098,-0.002683678141038,-0.104777805418330,0.019868254360593,0.130691395488026,0.154630339307351,
0.000030488236358,-0.000057098862244,-0.000077989198264,0.000140535275719,-0.002940921136023,0.012712879549108,-0.018536659066690,0.003135123619381,-0.007912154141667,0.001279947433474,-0.000348772973870,-0.000109222611046,-0.018685935415478,0.005599760903287,0.000302733858039,0.001017518879963,0.003842121895154,0.017639777209364,0.032196963694246,
0.000095865187862,-0.000312867846740,0.000447426775779,0.000263721325113,0.022537834677385,0.010800053318528,0.000860963229666,-0.000235042731610,-0.007122414066381,-0.037892124674849,-0.000307626433610,0.000486022900515,0.001866795016191,-0.025896566629734,-0.000318893376600,-0.016605898651032,0.004517181491556,0.047391253090758,0.057073259491563,
0.000079886909970,-0.000332577146450,0.001528325731959,-0.000324475996117,0.077456483345223,0.022887813507149,0.013945514799649,0.012686511650776,-0.007176524461613,-0.071167592005335,-0.000593174592298,0.001409934070004,0.045085138201675,-0.055310007900800,-0.000998451997384,-0.067633897235958,0.014744017840991,0.080356890662125,0.097511334905331,
-0.000026674495457,0.000024378900492,0.000330301026460,0.000101635566775,0.024403410806647,0.045239645753570,-0.012543186952195,0.036288895805195,-0.002563851174751,0.016508817416746,-0.000185231822625,0.000328018977245,0.016980862512916,0.015733156684559,-0.000323660150012,-0.010184486028119,0.006238455747977,0.007198379943820,-0.001693859947896,
0.000037887510861,-0.000121694718606,0.000844342020159,-0.000085775815707,0.038629069931342,0.002627895710761,0.003753642558523,-0.000696838784395,-0.004742974312452,-0.011645837107030,-0.000262673883125,0.000777171569129,0.020836144569585,-0.004221514230358,-0.000602651791722,-0.048598457753761,0.011916908112832,0.028022479862819,0.044356637263395,
0.000034532504100,-0.000300084536643,-0.000071756229317,-0.000098792983160,0.042676144284515,0.057345077848143,0.035207362650194,0.035389032279540,-0.001725294869989,-0.023718397670927,0.000014362524819,-0.000041399399433,0.042262165481091,-0.020163517244927,0.000004110570008,0.010651189637142,0.009172569311323,0.051490232965641,0.025902219469898,
0.000002948164704,-0.000150225809856,-0.000027824805596,0.000082642003359,0.048260953263903,0.047596233608764,0.009447332944541,0.034809381845680,-0.001679575638249,-0.015135682268532,-0.000043402871314,-0.000009522725260,0.052836942173804,-0.011576926803124,0.000016020801819,0.003112958006727,0.004484377317784,0.064778619075335,0.028449594763759,
0.000011985368023,-0.000048899783353,-0.000189786530450,0.000019706380671,-0.026272746442805,0.015213870459834,-0.012142117493407,0.005783858151054,0.001536186177645,0.016345720101070,0.000013779763353,-0.000190148867434,-0.009795550825496,0.013897745490552,0.000156442316821,0.028277415598725,-0.003346845242450,-0.025467853500917,-0.039430191318720,
0.000006118065162,-0.000024259913585,0.000038602550564,0.000004312219363,0.019163309733916,0.013818567447245,0.006086413157762,-0.007677922226940,0.000049215682728,-0.019243134909557,-0.000039212957355,0.000039667158430,0.002445390226108,-0.014237422293011,-0.000025061049367,-0.015638641973930,-0.003926656677712,0.033048967063505,0.041279961736595,
-0.000000234590570,0.000000246034432,0.000000603275011,-0.000000251653251,-0.005244947093971,0.003435895110847,-0.010924856704348,0.002992169181742,-0.006195001838140,-0.013644088814537,0.000000604269616,0.000000657437690,-0.009786567750413,-0.007569637508713,-0.000000885269710,0.005594577334275,0.002749374941778,0.019425857313723,0.027177938228600,
0.000006215323638,-0.000008420856860,0.000012268027537,-0.000011992521984,-0.017069331179943,-0.011264999977107,-0.022870971632247,0.009804577012813,-0.002642843494480,0.014485094453446,0.000009310318188,0.000015742465791,-0.013015434985608,0.017004240759587,-0.000019404161672,0.000425209343592,0.005196543313573,-0.017971487779633,-0.011977385768746,
-0.000012698971008,0.000018028037471,-0.000105062699108,0.000027366916877,-0.010038518054367,-0.023239870656870,-0.004486757470069,-0.019292362053762,-0.000806604333647,0.005182562416405,0.000059639541249,-0.000093981867073,-0.017248520445220,0.010284309814625,0.000059520810604,-0.020374561336117,0.000712332497830,-0.041144084136264,-0.026841731831957,
-0.000022103098928,-0.000027198513281,0.000315514599431,-0.000044448764640,-0.093234855062817,-0.013506889039695,-0.038776621075176,-0.043684382333223,0.002666108259306,0.028429592271022,0.000012905362240,0.000311831090013,-0.096760931891239,0.026081037751421,-0.000282326097059,0.034598293805926,-0.010245750656405,-0.100672347649314,-0.064793901437410,
0.000002609992761,-0.000016603780294,-0.000078823454336,-0.000064437052233,0.018983610859310,0.020815666059934,-0.021446254939118,0.044178952883114,0.002457465701371,0.007770761133590,0.000105656999513,-0.000075071632813,0.037763915176830,0.006993709027937,0.000037538647126,-0.008642546036045,0.005425838956212,0.018117736162768,-0.021792964660494,
-0.000026448778663,0.000053584849865,-0.000107173437590,-0.000069648401856,0.002824563331818,-0.002645300115389,-0.000866834348231,-0.009660969602914,-0.004892643562722,-0.014402326681937,0.000110112259924,-0.000098858358908,0.000591010008826,-0.006301777860890,0.000016914243869,-0.012656334546760,0.003956102650531,0.010189822725400,0.023252124385855,
-0.000067951843825,0.000261849818517,0.001319766808630,0.000154641816085,-0.116509271913378,-0.049915776269371,-0.013894793293351,-0.017720187047791,0.002651322197916,0.050114092738262,-0.000156758284931,0.001348613635894,-0.060674685475057,0.049551009553103,-0.001273427866903,0.082669750948524,-0.003588790984268,-0.098347039292133,-0.111304473746974,
-0.000020917114195,0.000002951746097,0.000169311960005,-0.000107054793248,-0.005358910983417,0.022113753999584,-0.028896987868774,0.023435692065855,-0.001278400280654,0.011964968301157,0.000109843961975,0.000133317552792,-0.010326296264261,0.012953206860009,-0.000150886399861,0.014365267452730,-0.000092922018610,-0.006304506529827,-0.008250493174856,
-0.000028291680631,0.000084363678537,-0.000622092212191,0.000156542334038,0.033928087506396,0.010104165302905,0.012066217080948,-0.010020043492947,0.000340639816370,-0.030140816430561,0.000271400112561,-0.000566712909123,0.015613498850243,-0.027876041478704,0.000432667100142,-0.039339103889835,0.003298605340630,0.026482314243088,0.043260549273444,
-0.000057170762995,0.000088347403401,-0.000439987495368,0.000309191635429,-0.044700252294855,-0.009354055103043,-0.005564155375711,-0.030452221345729,0.001548335106292,0.010237515804692,0.000177855061031,-0.000428958184094,-0.028693272891380,0.007991661415013,0.000450209490266,-0.022980419810990,0.000770458474161,-0.057192693213062,-0.052719756641662,
-0.000093554906855,0.000228238927313,-0.000039628700643,0.000133159174807,0.007555738156786,0.013218163776007,0.005252485833483,-0.003706332279941,-0.005278831715551,-0.025887015472340,0.000217865782359,-0.000001712247886,0.006305073534918,-0.018812160790913,-0.000102102249345,-0.005898953678834,0.008900309081996,0.032429954973715,0.045349652513251,
0.000025297873182,-0.000255561414483,-0.000480884306003,0.000005517393964,0.002548005815826,0.060158817424006,0.009972855627044,0.001921545292625,0.000964136757530,0.005776859521746,0.000437659812972,-0.000497456259300,-0.011624405769661,0.004994730256282,0.000435106632017,-0.017321009660796,0.003029567702199,-0.003499589007596,0.005963210202415,
-0.000159889430837,0.000436544482723,-0.000894123934629,0.000123913859881,0.047946432539208,0.028315403056996,0.007364006885689,0.006645334859729,-0.006282608795597,-0.054955177488095,0.000417746667288,-0.000819553906348,0.025573160016672,-0.042871399659519,0.000507019913551,-0.040945170149269,0.012903145486669,0.068925266622340,0.092049161879030,
0.000049213964130,-0.000168303353585,0.000357630900103,0.000090465776881,0.021239629894992,0.056507557188862,-0.018626576261332,0.011608413187248,0.001662416734436,-0.002769019844736,0.000173926147357,0.000361957823871,-0.002504933340621,-0.003789149235701,-0.000273956713884,0.012592850907002,-0.008644583141162,0.003028854806934,0.014687574117382,
-0.000136117489607,0.000252020475872,0.000839965810479,0.000143939792595,-0.032699414592730,-0.009204342264109,-0.006645998505434,0.000657268989813,-0.000550539824945,-0.004648284726628,0.000070139025710,0.000891190815458,-0.025444434362037,-0.003178008597015,-0.000936763915159,0.024426576791448,0.004329845568892,-0.016382880696947,-0.010440615558952,
-0.000134090760150,0.000417360856696,-0.000420428743871,0.000390950561552,0.045625625352010,0.052606292859580,0.028975749415986,0.011020291666243,-0.000317108612899,-0.026153160707233,0.000275222512838,-0.000380643714748,0.056590168215028,-0.023444001383361,0.000345915081853,-0.013436167980215,0.005943432535965,0.055793831257196,0.029650889041135,
-0.000196089158008,0.000760862575132,-0.003170025290411,0.000662000343102,0.123042334505147,0.053583450924863,0.050898808299049,-0.007783376881899,-0.005687976596482,-0.117183614840137,0.000744964407487,-0.002992257044478,0.090763764706658,-0.104339108497500,0.002498904389317,-0.098867365588174,0.016410538383651,0.137913731451048,0.168873079865341,
-0.000161502097080,0.000185025443126,-0.000205128924922,0.000221808250696,0.008391040264029,0.000211912063521,-0.008748265211611,0.001140738765053,-0.001418059949401,-0.031565414105735,0.000461429339907,-0.000077967469588,-0.003429284768685,-0.021089906873073,-0.000065452298155,-0.012485617522905,0.003243635209486,0.032921165007144,0.055210163391133,
-0.000057611456319,-0.000192190611965,-0.000714325596323,0.000110990442720,0.007230605092056,0.006011566439301,-0.004695922920677,-0.007190799140828,-0.003112696026607,0.005649694578357,0.000642120669694,-0.000655511261956,0.000910325866564,0.009891569528826,0.000406814166610,-0.019801513447677,0.003931221025834,-0.002121084324174,0.014471538802324,
-0.000080109424587,-0.000104389260318,0.000204949056073,-0.000153384677841,-0.048406340698583,-0.029469237842576,-0.041222558907687,-0.006154571303037,0.001824449844117,0.034523595463201,0.000309474055606,0.000160870138180,-0.053274541220621,0.034476334827815,-0.000175116039595,0.006663709568155,0.003749116750800,-0.052114318127269,-0.039862392520867,
-0.000079001379602,0.000218921777925,-0.001895456433335,0.000042269206518,0.034395441600370,0.006074515264161,0.023956615154986,-0.006235983801049,0.003768395066367,-0.006875432899239,0.000657672507018,-0.001798434241566,0.032849989816581,-0.004566793469317,0.001526334493613,-0.041397728189598,0.003712872738428,-0.002646159695457,0.010804785752748,
-0.000083042316140,0.000205811585824,0.000512712994261,-0.000184368721224,-0.010007811731672,-0.007597814578157,-0.016805487198553,0.028235264158559,-0.005571441717269,0.037797878485885,0.000160849010638,0.000571582410029,-0.004885480125296,0.040208639218543,-0.000736017078370,0.007085045877796,0.004337266097134,-0.028045393838064,-0.019989194682001,
-0.000112350396856,-0.000519489268992,0.001124388312998,0.000175028504162,-0.015954294789342,0.008156720316174,-0.016885491185135,-0.013084268857634,-0.003338798166353,-0.034900097519897,0.000776622358329,0.001267637825860,-0.017981403251640,-0.022920155511378,-0.001370403844832,0.013152583261728,-0.004790102329596,0.013304365516771,0.028720655958729,
-0.000262788563506,0.000181447568904,-0.001617849005857,0.000777216392331,0.021017196431660,0.006185688215081,0.010634229220361,-0.012412913780201,0.000255345875504,-0.017420094556169,0.000937688448875,-0.001443373531995,0.026426663924876,-0.011718232858397,0.000964236666158,-0.033714599091328,0.008832851169053,0.009723981242134,0.035589474646191,
-0.000224464511493,0.001163595866315,-0.000988179899216,0.000975822146782,0.027024506198798,0.019531455696639,0.035584168869603,-0.017040296731357,0.000681087208186,-0.060503891291624,0.000150542971546,-0.000791176090442,0.038420078927298,-0.047815604054623,0.000552412736349,-0.023175166967719,0.011391337572813,0.055504610649457,0.079928178299184,
-0.000163136546952,0.000471475365726,0.001269622092348,-0.000518193925119,-0.053499330597423,-0.052323471403146,-0.039190875660671,-0.008849296579550,0.000979536194225,0.061781242712815,-0.000134022111360,0.001240337634642,-0.042717976282895,0.061919682321024,-0.001321811886266,0.017830141065255,-0.003405801437828,-0.063584802783252,-0.058782720624388,
-0.000261472095514,0.000556784479051,0.002181215093261,0.000456447971089,-0.055649621647156,-0.022952844171787,-0.007474964581335,-0.011176153211357,0.004458257964107,0.081609112679755,-0.000186053048743,0.002189609155264,-0.033195834729806,0.073538690930801,-0.002174751848002,0.029092662385624,-0.007979524884751,-0.082270100383137,-0.087505243003141,
-0.000215538339624,0.001557851647807,0.004061051892846,0.000556550612735,-0.076232777210453,0.005851444763872,0.020970657435504,-0.053049131326804,0.006137650419721,0.012188757310578,-0.000980499823307,0.003998669400665,-0.022361359035484,0.010278446718273,-0.003600427428896,0.053052020487963,-0.010004528368742,-0.067965565728654,-0.090731879652394,
0.000016436492401,-0.000571856559090,-0.000970695359462,-0.000607814631250,0.047197146834481,0.048057588968340,0.000316539609699,0.014350773947864,0.003130855318687,-0.020318028509010,0.000880988221438,-0.001137899001958,0.061958762765053,-0.018655966137245,0.000951790152623,-0.008737527899364,-0.008804084523799,0.048576260963129,0.005331753712440,
-0.000195448398538,0.001175147729437,0.002780839018448,0.002085428028726,-0.037699307520842,-0.044193827591542,0.033932184730375,-0.049031334073849,0.005339620323785,-0.036651607694069,0.000201185643848,0.002961154768502,0.014000119196779,-0.037897010030611,-0.003247458985615,0.028278796660700,0.001545525904205,-0.029873392991365,-0.016574568724285,
-0.000115306087515,0.000421882780535,-0.001332564247230,0.000348485474519,0.045431352018783,0.021700563211135,0.011354417932731,0.024343468836630,-0.006649087368041,0.010083066365946,0.000373945061519,-0.001195142432167,0.090132416423494,0.010075793307117,0.001001175694592,-0.020490133546549,-0.003272246667495,0.054688820597052,-0.009706836223881,
0.000200853135024,-0.000158488195684,-0.000981442273438,0.000189972317726,0.017456623518571,0.058014380479659,0.020899046128510,-0.012944423418311,0.005257855985978,0.010635470847560,0.000714015176224,-0.000952009190419,0.012666653805227,0.003693711422741,0.000962768931859,-0.011672011638594,-0.011170103686294,-0.004873458166475,-0.006816415418627,
-0.000265304937028,0.000987867670564,0.001279704211596,0.001283370292842,-0.024149004361021,0.002228252474312,0.020416352988151,-0.025006827524390,-0.001593203061851,-0.004617048115302,-0.000088183684964,0.001361058027753,0.005343434603130,-0.003894096206232,-0.001463069433604,0.014304243908530,0.004034247372589,-0.013718346854337,-0.009935674312341,
-0.000121243768855,0.000675546051418,-0.001899462177464,0.000159165721788,0.042947742693011,0.044942985247525,0.035753264800268,0.008867045660300,-0.001021011193195,0.002055091430217,0.000404508612207,-0.001814311791499,0.052405903810992,0.000785511280407,0.001434513303263,-0.030908905339140,0.006955853186000,0.036473634131082,0.024656538345039,
-0.000347245517667,0.001402856139214,0.004796247912777,0.000809184553317,-0.081364457235558,-0.022187964457111,0.009592795662935,-0.046286113491293,0.003662111354022,0.012642460713579,-0.000499148883968,0.004919178331993,-0.068286392944786,0.016457530437055,-0.004865713422183,0.067807431741161,-0.015315874001758,-0.030446996438675,-0.031851748161447,
-0.000150083680294,0.000244011637512,-0.001158035651017,0.000467436244595,0.029534974916938,0.054186947456242,0.015764814961487,0.023890677917802,-0.003657882344470,-0.006429796963536,0.000850674833381,-0.001060355795002,0.067537432678519,-0.002987483412763,0.000456862879809,-0.017486312454645,0.001496850510371,0.050602801823015,0.004631622483032,
-0.000142079704097,0.000526470523720,-0.003012703738793,0.000840359987707,0.057212858269276,0.030452628769744,0.023019115177297,0.003974444988073,-0.005969316970432,-0.059652616589585,0.000810409682685,-0.002720111708907,0.056470058788587,-0.046871745007790,0.001955166555863,-0.050380700468418,0.015893053259389,0.066283995060319,0.091425216459005,
-0.000363436699620,0.001935481744308,-0.001707566427678,0.001696739230055,0.032172415995456,0.021427217307615,0.046261414365730,-0.013649391468105,-0.004348599268239,-0.070614508905745,0.000188029695262,-0.001438979499659,0.026130482150461,-0.052545564772271,0.000810862836666,-0.030579107992069,0.019337455995007,0.082258080435739,0.113670376024428,
-0.000063246629783,0.000139689063840,-0.003128678886588,0.000108991234615,0.027156132267841,-0.005710120178182,0.002362525498006,-0.004614297214262,-0.001069041292973,-0.004097396805512,0.000602233245300,-0.003014551832186,0.013936899618254,-0.000157584736767,0.002465400463907,-0.046151167808045,0.008106047235107,-0.000547716720329,0.020735552445954,
0.000045694008150,0.000513372285803,-0.000978325441459,-0.000177481547456,0.010222666668134,0.027619145914175,-0.004525783960952,-0.016022633300659,0.000420251223143,-0.014588647630902,0.000213219329748,-0.001146472090772,0.027051975740181,-0.010498178763458,0.001098145245262,-0.009515659744466,-0.000673215137633,0.006975310121671,-0.017611482827485,
0.000062784834168,-0.000147310992344,-0.002091504291236,0.000335321588423,0.047455289639076,0.096243282495163,0.006796259388988,0.023947518366104,-0.000936431779464,-0.019286316860536,0.001201393964303,-0.002170866605328,0.056725822843908,-0.014894754804647,0.002272939154209,-0.022827848961237,-0.002302982093584,0.052109216107875,0.020177865400696,
-0.000084487435034,0.000116482482233,0.000132599987443,0.000236313858227,-0.012451248480625,0.005728295443340,-0.019104632720270,-0.004741787027042,-0.006061931980830,0.024906040626755,0.000525953135361,0.000153960944049,-0.010519729494076,0.023847273777326,-0.000146348607918,0.000841959218587,-0.006575850718817,-0.024379330861813,-0.028247925123424,
-0.000259651918379,-0.000374125353468,-0.000769156060044,-0.000205848631823,-0.029640571488436,-0.012933973637253,-0.014981086147880,-0.022074702938747,0.003747061636860,0.014403712248533,0.000506200785314,-0.000727505831657,-0.020183525345047,0.013203277015536,0.000363388859387,-0.014265190552023,0.007049666488957,-0.053135575422093,-0.052536082312135,
-0.000142575231529,0.000154721041303,0.002709805562365,0.000107550842676,-0.109023254049242,-0.056146506446672,-0.067533521966237,-0.045278157756058,0.003508325100194,0.057614619088962,0.000048825259418,0.002764498868821,-0.110653360791589,0.056844441068905,-0.002668792476175,0.028810064455880,-0.010791526207463,-0.122680951937096,-0.105719696210766,
0.000265279589138,-0.000915916370944,-0.000417661887840,-0.000600514815600,-0.039130943511585,0.053541508162262,-0.015422082802946,0.031990428679095,0.005373555112611,0.048317085719590,0.001471960696416,-0.000466077120861,-0.040526789015404,0.039233691051585,0.000182251800018,-0.000127905012754,0.004607788746925,-0.054219485413451,-0.053171468882190,
-0.000012869385440,-0.000539713839150,0.001580975878940,-0.000090929953541,-0.034143440505718,-0.020404311244701,-0.032613799135447,0.012035481735939,-0.000630984509046,0.015462652135848,0.000633986627889,0.001734592272674,-0.024224936820035,0.018675312494761,-0.001938753183861,0.012809867287423,0.000715943702604,-0.043751301774892,-0.039279915418785,
-0.000829165475450,0.003883527020489,0.006134301475118,0.000421608913617,-0.169253762594789,-0.102302047845306,0.034844906450558,-0.127329494689199,0.002044925565824,0.032652081867324,-0.002159700222629,0.006095405433889,-0.158720230457526,0.031965690092995,-0.004833098266902,0.069394635692480,0.022720508234615,-0.164615588386865,-0.118209908114423,
-0.000088676249369,-0.000397364329293,-0.000963727103461,-0.000240578150551,0.000100124805582,0.000061639796268,-0.026397437131555,0.018559186994745,-0.003569850496823,0.013238552872190,0.000844068248885,-0.000829660155023,-0.014196586689636,0.020011018682183,0.000287944912465,-0.015134378319951,0.008359544493217,-0.000898159621638,0.015662183929610,
0.000283889646758,-0.000929716399699,0.002484733765255,-0.002666132993626,-0.034942671269234,0.017310827106045,-0.049616449213685,0.035721937804972,-0.015126736311227,0.022412342711283,-0.000026838377067,0.002514284829673,-0.031137552285002,0.024652263737699,-0.003006363980652,0.034267299938028,0.013831770749779,-0.024890067677458,-0.024365440782332,
-0.000151214500788,0.000201349420121,-0.000072755171799,0.000730072433455,-0.122621485722138,-0.174678001118170,-0.075928504838171,-0.070134951087024,0.000798110393091,0.030900091769836,0.000288160799984,0.000052064445534,-0.127738830461117,0.030581503965253,-0.000096451452296,-0.008155633331053,0.014862220660177,-0.134808254985029,-0.085394532450430,
-0.000003070035705,-0.000152723718703,0.000880519385639,0.000931056205795,-0.006045426173041,-0.003145088180240,-0.000757129639872,-0.003098575896491,-0.002846618144022,-0.046292524815193,0.000822053458297,0.001024913580080,-0.006817870864603,-0.036631497406378,-0.001575727981667,0.000990241944999,0.002424214177785,0.018472218774420,0.030671010464793,
0.000048478447252,-0.000718281578128,0.000224027962255,-0.000604895183453,-0.001843593593824,0.051901588856069,-0.024808607379095,0.024186595573406,0.000200514049559,0.008229982490205,0.000580063507099,0.000135765740400,0.013319865961055,0.008817209918139,-0.000464031974761,0.004904316222367,-0.002927850605500,-0.004386636884285,-0.029622805270727,
-0.000731580121305,0.004650123566427,0.007245578547503,0.001289204257989,-0.103459039245984,0.012519608299423,0.047438691007275,-0.026928999142797,0.002645062508157,0.033811713750529,-0.000898592887849,0.007051158454764,-0.062773589772187,0.030502445283668,-0.005549258513884,0.077315547707053,0.017524496793484,-0.083292873194075,-0.079437935201005,
0.000076155028454,-0.000610525625429,0.000844274935508,-0.001315692672258,-0.004420231805951,-0.005505857586005,-0.014137112773647,0.003267490005654,-0.009361879333585,-0.003867956029816,0.000610947535079,0.000961685775834,-0.012891373236840,0.004489116597976,-0.001495465177987,0.005799516946587,-0.001889105904097,0.018728017263426,0.023828245215528,
0.000046505958016,0.001730999700706,0.002215004386921,0.000669989799841,0.040188908410813,0.080182708207409,0.033639057047974,0.014386128718408,-0.000780486158668,-0.032169629188877,-0.000889159698707,0.002120478735873,0.064444906411763,-0.028296233334242,-0.001769508228029,0.022526094279056,-0.002971102066652,0.059649087886097,0.015058086570714,
0.000109167854599,-0.000596410725866,-0.003196772579258,0.000048364254068,0.046990866710456,0.051347263274343,0.015178531868835,0.014108265385292,-0.004627238151128,-0.006749942401623,0.000827575568384,-0.003160825235242,0.063664400874406,-0.006684911205326,0.003065505478384,-0.023383621441237,-0.011203732454618,0.035937735056624,-0.004412575081409,
-0.000229052694795,0.001048711430101,-0.004164757280588,0.000722617380785,0.038669588362010,0.010042058485598,0.019768115592985,-0.009130107446670,-0.003098412054885,-0.030224747915814,0.000908457438042,-0.003803757428435,0.042164751638201,-0.025448913831436,0.002877446410247,-0.039678647966988,-0.001024432092995,0.017745104006462,0.029549510209412,
-0.000003562139655,-0.000150190324068,0.001677351631721,-0.000612550986338,-0.017376015392950,0.001267914779164,-0.013364151191617,0.009043980577868,-0.000190238189775,0.065750336559416,0.000225704538346,0.001782002533830,-0.009088167125773,0.066906724721315,-0.001580048751524,0.012865785906924,-0.009568968476621,-0.039123335353390,-0.049463245064318,
0.000028309658939,0.000174655858671,-0.000191602494931,-0.000610371509493,-0.006025752302646,0.034472382174155,-0.000472701392767,-0.003687225604044,-0.000905735819584,0.048924291621422,0.000536444708483,-0.000077873847883,0.016631867376779,0.047486937605841,-0.000450228228734,-0.005073343119051,-0.005289476288126,-0.010696865475173,-0.025373151113899,
0.000192223858886,-0.000607306129175,-0.002661737831901,-0.000638484299701,0.052378941477423,0.052324530562325,0.007145556068045,0.015186872615843,-0.001384547617064,-0.013508732408003,0.000862924574815,-0.002625113419212,0.074380266936338,-0.013334036515039,0.001964268451688,-0.022273538451455,-0.014142444469025,0.051809455810728,-0.001399222606125,
-0.000102947731940,0.000166976756821,0.001471679790544,-0.000403682291197,-0.017697447098962,-0.011860475365858,-0.018388476054479,0.002156332373472,-0.000034787603345,0.006170775350299,0.000505060914688,0.001553414722461,-0.019880198493933,0.010149253585564,-0.001714744293364,0.006909147506301,0.007085042954335,-0.001096939908887,0.008812479342629,
-0.000174313205120,0.000569604488125,0.003855448378221,-0.000901764859868,-0.020763796380424,0.006990467173102,-0.013507213175893,0.000031798139429,0.002198373561582,0.009451914126526,-0.000423752988632,0.003542386880746,-0.011518381016344,0.011661746069511,-0.003114771424496,0.031852188185543,-0.007198331082885,-0.001079831610909,-0.023800555029243,
-0.000087123910962,-0.000756012269124,0.001349238797674,-0.001987943887321,-0.027527338285214,-0.021697436650277,-0.029423185831749,0.027056798752552,-0.019062919925878,0.086841172659477,0.001407147269388,0.001484893846284,-0.025534113287585,0.081448478910820,-0.001821528867645,0.014769292705464,0.009377824046617,-0.043821775676046,-0.037722828042264,
-0.000707762825749,0.002600316451564,-0.000690015229287,0.000718665412557,0.031749187148575,0.043994034785895,0.062390641286402,0.008403727621347,0.004805025719763,-0.019501261083888,-0.000343570028644,-0.000891065484268,0.071130641699012,-0.021597661156693,0.001402048718288,-0.000094826838980,0.003097456688383,0.049333745096804,-0.006388307723927,
-0.000316410285786,0.000324689345058,-0.001751728815005,-0.000133069649660,0.051015005535823,0.054005475037339,0.015107410018545,0.011006163039627,0.000361238170984,-0.011110483772872,0.000402457728918,-0.001730756556382,0.061708407617682,-0.008806249934958,0.001308380932564,-0.014554551132130,-0.003407834956239,0.053849929435714,0.017882231171944,
-0.000608437575972,0.003019956838017,0.011517583906998,0.000445737742498,-0.168367815586342,-0.013349609390706,0.010044993479383,-0.090599434435301,0.009752219154923,0.046780378331333,-0.002677317224652,0.011328988276620,-0.118932630584469,0.041136075124739,-0.009631443311895,0.087186060565759,0.007542248409358,-0.156911751368852,-0.129870261015481,
0.000125064484210,-0.001032009290093,-0.003120286095065,-0.000417776642254,0.048436273770116,0.090539303984629,0.009364545797000,0.023756894788540,0.004549131619652,-0.022499919983370,0.001492292024438,-0.003157371435395,0.051297728686959,-0.020008023287651,0.002544701612709,-0.022956381660203,-0.004618422624684,0.035918437241517,0.002875289152454,
-0.000225101678587,0.000889808780793,0.007986063058679,0.003659415814730,-0.071330388377760,-0.014584224104340,0.010761059126777,-0.024873935941120,0.017704889972815,0.036061004865480,-0.001654381887763,0.007524814104980,-0.033702201250690,0.013040555697415,-0.006663117669157,0.065160959344636,-0.004181979953594,-0.066635389353368,-0.067678790959142,
-0.000117610890553,0.000204878393647,-0.004590053412684,0.000475190073231,0.088320750452708,0.067589759241485,0.017730459567077,0.003750656076171,-0.001889942124719,-0.018294946346227,0.001153666912891,-0.004401294614914,0.101897637005326,-0.014500561296671,0.003602195225947,-0.039157651071262,-0.008219034468691,0.069899684262208,0.012835196037818,
-0.000209909932398,0.000700674104523,-0.005188823065540,0.000869848223338,0.082252683253014,0.068581536015358,0.035190358891556,0.029714464150849,0.000083964538722,-0.024907579506102,0.001031954059756,-0.004866686622791,0.125423369529705,-0.020893525802605,0.004294889503131,-0.039893255459441,-0.006781359350378,0.089330051052676,-0.011199697102612,
0.000128809065110,-0.001146114953991,-0.005099497994455,0.000275973802447,0.074068259649810,0.066034759706882,0.006798279152063,0.042559717186976,-0.000793143667175,-0.005487656223054,0.000825543763810,-0.005166159949752,0.066484613639693,-0.004116577554511,0.005029006891546,-0.038185660176589,-0.008426746004831,0.063208649415495,0.019070070331999,
-0.000409909979401,0.001064918844661,-0.003992648028974,0.000263952686705,0.082006066319676,0.067356525409607,0.019568731513473,0.046071743226283,-0.001357501678200,-0.019714374880774,0.001023140364167,-0.003936231185905,0.100177075782362,-0.017228544492135,0.003217961730353,-0.030032697500566,0.002018743789452,0.080208551803636,0.014957090377583,
-0.000130661727696,0.000160811424330,-0.001025951578616,-0.000639809515949,0.007105713998801,0.001456677948134,-0.018747446385131,0.018493956552602,-0.001317805456671,0.014983718639618,0.000989194356013,-0.000984714715545,0.028884302609860,0.016934885208891,0.000599929099839,-0.008428310045865,-0.001488905889202,0.002031227193804,-0.029126081559129,
-0.000198229316637,0.000333527633600,0.005173138149131,0.000161429904650,-0.064000831858718,-0.015743909064327,-0.022753944097745,-0.030289555285647,0.002155787357618,0.011573878882810,-0.000270074613847,0.005244298587658,-0.022060057587690,0.013424918730549,-0.005190206940229,0.035232345141401,0.001988803497938,-0.051307626163527,-0.065530845458494,
-0.000365494989036,0.001786540992349,-0.006113217134126,-0.000464289984430,0.065326857157374,0.035374242894991,0.013961214483373,0.012699959492550,-0.002026692923545,-0.042304206169311,0.000949391215345,-0.005707791282167,0.048937465523172,-0.035940606605781,0.004800446677214,-0.055562438905186,0.011548656791499,0.053029608916502,0.063770754577013,
-0.000145442391422,0.000835652552941,-0.004896785636082,0.000417134134826,0.095967748420651,0.109619687171821,0.032042771689815,0.011760367019493,0.001583522820291,-0.030152348761955,0.000912900120624,-0.004972979425064,0.092627069551155,-0.026502831842122,0.004577057436213,-0.039278637930887,-0.004842371256184,0.074570550603061,0.034374383674591,
-0.000181962170673,-0.000299719384594,-0.002042880271794,0.000638767271687,0.019691866827305,0.012785270333327,-0.004573325093550,0.009652749882137,-0.001552625197231,0.001154744984784,0.001026417515329,-0.001793644919639,0.010136188100094,0.004047275303511,0.001438182473412,-0.022435116494318,0.008494396086927,0.016541222720949,0.034151781988828,
-0.001208932578043,0.005902964683841,0.010010958514086,0.001316730109286,-0.091104107395850,0.025840846962968,0.045764274321114,0.017004045695973,0.004282160922454,0.012231055470952,-0.001850854299167,0.009491309514085,-0.042784578586499,0.008661718462744,-0.007197468332257,0.101488179588817,0.039229238479524,-0.022485576512181,-0.030932414257043,
-0.000389849302998,0.000941864786753,-0.008704581949321,-0.000271476639958,0.078849002786591,0.030194460638730,0.010387548698706,0.017510234699356,-0.005284814340637,-0.035088419255271,0.000981819821376,-0.008229950503940,0.037536652033897,-0.026547911052989,0.007202717750227,-0.073057896697059,0.017411138692638,0.053910004951192,0.081651207370418,
-0.000182236554201,-0.001166716563562,0.004543427187786,0.001968468164484,-0.056028711986796,-0.021634561521736,-0.014444672023437,-0.014584941687081,0.004654664115178,0.026650086901452,0.000554956157521,0.004607218686111,-0.034340656109787,0.024740085813319,-0.004305039762004,0.032562746758285,-0.004624932793082,-0.070168816657418,-0.067402168681015,
-0.000363510817650,0.000642982712600,-0.008963116125066,-0.000024027257928,0.064723813548643,-0.009688713313771,0.008169435824609,-0.001998872142583,-0.007113659137693,-0.032897694127175,0.001040114641943,-0.008537886770444,0.045014623955324,-0.020147047353851,0.007193332973074,-0.075200278874710,0.025961707523296,0.028413251798070,0.064694619457148,
-0.000328282179675,0.001516877782596,-0.007922405143874,0.001697278813424,0.124303209128388,0.074116915090057,0.048385639997996,0.008476486873255,-0.002808752910067,-0.036498590725406,-0.000828916512128,-0.007979500379534,0.158623171569826,-0.029431691539460,0.007508250515250,-0.057671013573122,-0.011980932824102,0.110625261425166,0.023128687404559,
-0.000817149582084,0.006877521718255,0.018791243454150,0.000949838278630,-0.171641765004629,-0.112072422295722,0.004960504501196,-0.051540022607346,0.005956713831117,0.023706128803750,-0.004425333679107,0.018841884999380,-0.073589650904573,0.019633670330586,-0.017176169991986,0.126696427822659,0.006268044706764,-0.078167435479026,-0.129078860382857,
-0.000099506570704,0.000168327217580,0.006403740556832,-0.001343923359248,-0.072249529668361,-0.035007788201810,-0.037916494562381,-0.021145051205271,0.001096402147571,0.019855456305794,0.000123679240891,0.006413448087154,-0.028152376016416,0.020970377830718,-0.006521913142518,0.036970946826933,-0.001867154783466,-0.055619852879089,-0.087046618151535,
0.000372550750922,-0.001274060991339,-0.000491406203990,0.000906097693397,-0.004876202337194,0.009240006229604,-0.018484325993891,-0.005627751491589,0.003134978728207,0.009708657148877,0.001071329933931,-0.000206910091273,-0.018597287620539,0.011039518412710,0.000070594981217,-0.009461818435178,-0.009686659274912,-0.014032320309040,-0.002469374179605,
0.000153318410328,0.000227300793526,-0.002503876297370,0.000734629631049,0.036002062540864,0.036210673193500,0.005323959451531,-0.000038177980390,0.002018883583060,-0.018262416231343,0.000568930054487,-0.002514414641738,0.058211108389634,-0.015194181076998,0.002069688124614,-0.018654012716026,-0.015080430490365,0.028552371492588,-0.014328829933508,
-0.000004404052069,-0.000160548765489,-0.005878746839900,0.001118008825617,0.019132865324920,0.016152956442776,-0.006600945829058,0.015264325892529,-0.001512252427552,-0.001514256042148,0.000890077256784,-0.005431284536443,0.047841691950067,0.003013237542016,0.004759455512003,-0.039004537474137,0.000419628670455,0.012684336223220,-0.024008979775195,
-0.000268028331613,0.000978871834114,0.003380605079002,-0.000425425981690,-0.007469176664044,0.017048567769269,-0.015314972216743,0.009256663040888,-0.000432469723300,-0.012357541615389,-0.000947439080695,0.003271412182544,0.001214603361550,-0.010146887130323,-0.003011698563738,0.022487302132238,0.008773649469003,0.012558105217826,-0.003129140434319,
0.000071644007793,0.000528343982096,0.006826894518290,-0.001519018351579,-0.060880382888304,0.035714171642794,-0.031149407490553,-0.021274581178959,0.001552972348899,0.002789951720374,-0.001282049869171,0.006618936111936,-0.070037446230436,0.002905293716902,-0.005925844672747,0.040564477084626,0.013663624055548,-0.040515825802488,-0.024443893930590,
-0.000143062730441,-0.000054730288747,0.013447030976501,-0.003809163547219,-0.154870589508946,-0.096500166227007,-0.054809384236177,-0.011479153294025,-0.001026001019941,0.042633009953252,-0.001539041330592,0.013379125101557,-0.092752560495687,0.042434709880496,-0.012839450309049,0.084176171968491,0.014112876060438,-0.116636944527082,-0.144395002362142,
-0.000051199566318,-0.000296175054066,-0.004736637721956,0.000370464946777,0.039128071764172,0.040951933515762,0.002429237341208,0.019214099365476,0.000977477461655,-0.006155401335025,0.001212619459375,-0.004663787244944,0.043439478897178,-0.004436638837262,0.004486356505306,-0.029467026820567,-0.003656353513662,0.017669178371830,-0.001360206361123,
-0.000033707976221,-0.000658387952231,0.005423885227050,0.000319579869304,-0.041209614707897,-0.028379455891297,-0.028591653327934,-0.008233025639855,0.001353318728837,0.007379059733670,0.000172432769159,0.006119578502156,-0.009375371145475,0.009445796499346,-0.006564155279311,0.016922393753106,0.004197976166916,-0.033722486820148,-0.040749747825713,
-0.000174352892586,0.000818045514094,0.002623709766987,-0.000967727695229,-0.030638541029780,-0.008466333341120,-0.007332660769060,0.015059528838293,0.002568264893538,0.000815731902616,0.000095159714841,0.002501128251187,-0.001503647603748,0.000833297486298,-0.002379443605920,0.019443194412974,0.005402041610898,-0.006815450819907,-0.030980663989327,
-0.000309239935182,0.000325408221082,-0.001499719907793,-0.000456004737903,0.015175473878710,0.001358832869873,-0.004880066096442,0.007005197405794,-0.000559071261884,-0.006533367674688,0.000761423421950,-0.001323490971211,0.013128824334325,-0.003960968357134,0.000695425717677,-0.013115531254180,0.007620650028461,0.014796005202880,0.018102889750125,
-0.000041009390282,0.003262425172828,0.009704308039676,-0.001584106329813,-0.096228673708940,-0.086275800620459,-0.038843917318450,-0.027306506008687,0.000967108587096,0.012716899759259,-0.003085330545339,0.009736444863881,-0.031175645960189,0.012177978427505,-0.009339335170407,0.048442443735341,0.011449791361245,-0.046467528057324,-0.096005176170517,
-0.001127534392069,0.009856056618577,0.021118403219270,0.001157385215374,-0.174538761578123,-0.073567090787870,0.006178297142510,-0.090012044231306,0.001968198700044,0.005056081905939,-0.007973525032511,0.021147620921873,-0.093674960444058,0.004794629717815,-0.018425465037836,0.111890638402262,0.027286488424858,-0.097683039521357,-0.128494528057273,
-0.000313926113806,0.002403116506537,-0.007355496799086,0.001494950015115,0.044005813492578,0.032380658686595,0.022042556164150,0.001617784309886,-0.002290457807948,-0.009564768141289,-0.000231313027014,-0.006991525764148,0.034335355950629,-0.007243917797978,0.006170204919774,-0.044057139734194,0.007069319954425,0.023352391304538,0.048724404207902,
