-0.350790,
-0.658743,
-1.080234,
-0.029776,
-0.333948,
-0.639925,
-1.062810,
-0.009000,
-0.326950,
-0.626838,
-1.056340,
0.008984,
-0.321540,
-0.617999,
-1.049742,
0.022733,
-0.328276,
-0.611445,
-1.054158,
0.028536,
-0.335858,
-0.605766,
-1.061489,
0.032371,
-0.349229,
-0.606838,
-1.072089,
0.030133,
-0.365965,
-0.612079,
-1.087918,
0.025179,
-0.385064,
-0.625167,
-1.107509,
0.015488,
-0.402201,
-0.624625,
-1.125612,
0.010828,
-0.421450,
-0.626678,
-1.147069,
0.001130,
-0.443220,
-0.634650,
-1.171120,
-0.013828,
-0.463340,
-0.640805,
-1.190975,
-0.027343,
-0.478496,
-0.637867,
-1.206390,
-0.032705,
-0.491269,
-0.630920,
-1.217313,
-0.033933,
-0.501626,
-0.621651,
-1.227505,
-0.033546,
-0.509143,
-0.609396,
-1.235998,
-0.029557,
-0.517477,
-0.599386,
-1.244409,
-0.027045,
-0.523914,
-0.588576,
-1.252800,
-0.023206,
-0.524652,
-0.572439,
-1.257643,
-0.013363,
-0.527705,
-0.558215,
-1.266631,
-0.008364,
-0.530932,
-0.544479,
-1.274164,
-0.003220,
-0.534810,
-0.531071,
-1.281798,
0.001255,
-0.538467,
-0.516516,
-1.289194,
0.006073,
-0.543258,
-0.499860,
-1.295504,
0.012343,
-0.545948,
-0.480461,
-1.298538,
0.021948,
-0.546028,
-0.456380,
-1.298622,
0.036611,
-0.546135,
-0.430568,
-1.295752,
0.053264,
-0.545674,
-0.405357,
-1.292892,
0.069931,
-0.544319,
-0.385916,
-1.293747,
0.083650,
-0.540312,
-0.365360,
-1.293447,
0.099846,
-0.540318,
-0.350909,
-1.297240,
0.112661,
-0.540772,
-0.335566,
-1.298305,
0.125451,
-0.541087,
-0.322624,
-1.300465,
0.137997,
-0.543131,
-0.311301,
-1.303745,
0.148268,
-0.552960,
-0.312360,
-1.311705,
0.148564,
-0.563497,
-0.316699,
-1.318137,
0.147653,
-0.577792,
-0.326344,
-1.332078,
0.140151,
-0.598439,
-0.342972,
-1.351036,
0.124496,
-0.623429,
-0.365309,
-1.375645,
0.102698,
-0.648407,
-0.387623,
-1.400322,
0.080822,
-0.669879,
-0.403447,
-1.420142,
0.064111,
-0.688966,
-0.414145,
-1.436151,
0.051743,
-0.703496,
-0.419023,
-1.445563,
0.046650,
-0.715698,
-0.417124,
-1.451991,
0.045956,
-0.729389,
-0.422397,
-1.462001,
0.040058,
-0.741295,
-0.424335,
-1.470502,
0.036895,
-0.748572,
-0.419317,
-1.472586,
0.041927,
-0.753265,
-0.408513,
-1.471182,
0.050297,
-0.757329,
-0.398337,
-1.469958,
0.057876,
-0.758252,
-0.387743,
-1.467430,
0.066049,
-0.763262,
-0.383424,
-1.469142,
0.067569,
-0.768450,
-0.379846,
-1.470196,
0.068078,
-0.773810,
-0.376657,
-1.474369,
0.067499,
-0.780168,
-0.372427,
-1.478826,
0.066778,
-0.783947,
-0.368144,
-1.481811,
0.068271,
-0.789971,
-0.370253,
-1.487310,
0.065070,
-0.791260,
-0.368709,
-1.486987,
0.066096,
-0.788783,
-0.365974,
-1.483100,
0.070028,
-0.788463,
-0.364770,
-1.480225,
0.072522,
-0.788471,
-0.363353,
-1.476099,
0.075326,
-0.787088,
-0.358864,
-1.469383,
0.080717,
-0.787099,
-0.355193,
-1.464474,
0.083958,
-0.788218,
-0.352299,
-1.460982,
0.085358,
-0.786962,
-0.347269,
-1.454038,
0.090008,
-0.786179,
-0.342403,
-1.447414,
0.094760,
-0.784747,
-0.338334,
-1.439406,
0.099108,
-0.782324,
-0.332928,
-1.430929,
0.104119,
-0.779548,
-0.327613,
-1.422407,
0.109167,
-0.780082,
-0.327064,
-1.418322,
0.110864,
-0.780143,
-0.326850,
-1.412837,
0.113170,
-0.779942,
-0.333440,
-1.409333,
0.109391,
-0.779296,
-0.339628,
-1.404995,
0.107986,
-0.777210,
-0.341239,
-1.401363,
0.107943,
-0.759814,
-0.332455,
-1.388135,
0.115949,
-0.745176,
-0.325645,
-1.379046,
0.121379,
-0.735830,
-0.321828,
-1.372905,
0.121088,
-0.737073,
-0.323094,
-1.370089,
0.117009,
-0.739039,
-0.325353,
-1.370400,
0.111806,
-0.742402,
-0.328012,
-1.373206,
0.106437,
-0.747399,
-0.330685,
-1.380309,
0.099192,
-0.758601,
-0.332532,
-1.386541,
0.094421,
-0.767985,
-0.332333,
-1.389300,
0.092266,
-0.774702,
-0.331802,
-1.391401,
0.091806,
-0.777851,
-0.327625,
-1.387128,
0.094687,
-0.781828,
-0.325339,
-1.386656,
0.093804,
-0.779396,
-0.313309,
-1.378963,
0.101367,
-0.780374,
-0.302036,
-1.372480,
0.106178,
-0.777183,
-0.288239,
-1.362202,
0.115554,
-0.770143,
-0.275542,
-1.352744,
0.125506,
-0.765951,
-0.264274,
-1.345599,
0.133475,
-0.760198,
-0.253984,
-1.339253,
0.140366,
-0.752511,
-0.243530,
-1.330794,
0.147150,
-0.749760,
-0.236105,
-1.323252,
0.151855,
-0.760866,
-0.238820,
-1.331120,
0.146455,
-0.769985,
-0.241435,
-1.335687,
0.143352,
-0.779828,
-0.247586,
-1.338834,
0.138136,
-0.792298,
-0.258382,
-1.349202,
0.127995,
-0.803692,
-0.267608,
-1.359516,
0.119006,
-0.812867,
-0.276053,
-1.366427,
0.110295,
-0.821303,
-0.282370,
-1.373068,
0.103163,
-0.830963,
-0.289907,
-1.382285,
0.095404,
-0.838139,
-0.295384,
-1.390261,
0.092281,
-0.842423,
-0.299117,
-1.397458,
0.093153,
-0.843406,
-0.297284,
-1.400516,
0.099488,
-0.843317,
-0.294400,
-1.403119,
0.107089,
-0.840755,
-0.291081,
-1.401339,
0.115951,
-0.833341,
-0.284687,
-1.392040,
0.128793,
-0.824146,
-0.276883,
-1.378556,
0.142873,
-0.812939,
-0.266682,
-1.361875,
0.158281,
-0.800867,
-0.255297,
-1.342273,
0.175487,
-0.788471,
-0.246084,
-1.326528,
0.190546,
-0.777952,
-0.238440,
-1.310213,
0.204278,
-0.765057,
-0.233073,
-1.290342,
0.218145,
-0.754017,
-0.230374,
-1.272118,
0.230572,
-0.750622,
-0.234831,
-1.263049,
0.232775,
-0.746946,
-0.238804,
-1.253130,
0.235791,
-0.744600,
-0.244097,
-1.246311,
0.236760,
-0.743503,
-0.248335,
-1.241450,
0.237158,
-0.729172,
-0.238277,
-1.233274,
0.245928,
-0.718763,
-0.228154,
-1.228855,
0.250564,
-0.710025,
-0.218598,
-1.223537,
0.256135,
-0.706464,
-0.211447,
-1.223044,
0.258020,
-0.702412,
-0.202251,
-1.220262,
0.261580,
-0.704321,
-0.200887,
-1.227676,
0.256664,
-0.708212,
-0.201559,
-1.237505,
0.250972,
-0.707727,
-0.199100,
-1.241595,
0.249955,
-0.709237,
-0.198874,
-1.247188,
0.247309,
-0.711051,
-0.195319,
-1.257050,
0.247280,
-0.710714,
-0.188686,
-1.265283,
0.249861,
-0.711659,
-0.183890,
-1.271229,
0.250032,
-0.713114,
-0.179265,
-1.276712,
0.249311,
-0.711665,
-0.170513,
-1.275422,
0.250513,
-0.717297,
-0.170705,
-1.280770,
0.241681,
-0.721726,
-0.171777,
-1.277137,
0.234866,
-0.726210,
-0.173558,
-1.271448,
0.230298,
-0.730226,
-0.175713,
-1.267113,
0.225249,
-0.741606,
-0.188251,
-1.276504,
0.208419,
-0.750778,
-0.198870,
-1.282348,
0.195461,
-0.753128,
-0.206419,
-1.280767,
0.192367,
-0.754586,
-0.211239,
-1.277732,
0.191430,
-0.757676,
-0.217507,
-1.275026,
0.189486,
-0.754866,
-0.221409,
-1.267799,
0.193004,
-0.747835,
-0.222709,
-1.257436,
0.199634,
-0.750703,
-0.231850,
-1.258080,
0.197124,
-0.748404,
-0.236756,
-1.249728,
0.200959,
-0.742574,
-0.236582,
-1.235264,
0.208787,
-0.736433,
-0.235612,
-1.219542,
0.216839,
-0.736349,
-0.238232,
-1.215382,
0.218998,
-0.737925,
-0.240643,
-1.213647,
0.220183,
-0.740527,
-0.244299,
-1.213169,
0.220240,
-0.749106,
-0.251293,
-1.217962,
0.213723,
-0.759507,
-0.257555,
-1.221818,
0.206998,
-0.768439,
-0.263064,
-1.223994,
0.201877,
-0.774693,
-0.267361,
-1.220002,
0.199602,
-0.779397,
-0.271952,
-1.215061,
0.197223,
-0.784999,
-0.274992,
-1.211591,
0.194914,
-0.789635,
-0.277994,
-1.209804,
0.192875,
-0.797271,
-0.281379,
-1.212101,
0.189062,
-0.803404,
-0.284132,
-1.212580,
0.186466,
-0.807763,
-0.286784,
-1.213079,
0.183409,
-0.811063,
-0.289290,
-1.212873,
0.182604,
-0.815697,
-0.293477,
-1.216347,
0.180059,
-0.819317,
-0.297858,
-1.215937,
0.179834,
-0.821671,
-0.301405,
-1.214976,
0.180661,
-0.820705,
-0.303708,
-1.210147,
0.184991,
-0.817487,
-0.304924,
-1.201425,
0.191446,
-0.816306,
-0.309875,
-1.198577,
0.193716,
-0.813043,
-0.305971,
-1.190088,
0.201182,
-0.810926,
-0.303161,
-1.181085,
0.209546,
-0.809754,
-0.301689,
-1.172941,
0.216980,
-0.809236,
-0.300465,
-1.167534,
0.222170,
-0.810318,
-0.300572,
-1.164724,
0.224473,
-0.809032,
-0.297820,
-1.159029,
0.228287,
-0.810569,
-0.305933,
-1.157518,
0.224698,
-0.808418,
-0.311983,
-1.154587,
0.224074,
-0.805905,
-0.317997,
-1.150896,
0.226274,
-0.802609,
-0.322909,
-1.148286,
0.228058,
-0.799709,
-0.326115,
-1.145907,
0.229292,
-0.798860,
-0.330369,
-1.146353,
0.227638,
-0.800923,
-0.335391,
-1.147119,
0.224218,
-0.803671,
-0.340857,
-1.147794,
0.219819,
-0.802020,
-0.346411,
-1.147893,
0.214964,
-0.801342,
-0.353070,
-1.146724,
0.211049,
-0.796431,
-0.360010,
-1.146495,
0.209610,
-0.789637,
-0.359718,
-1.140523,
0.212541,
-0.783325,
-0.358033,
-1.134540,
0.216434,
-0.770852,
-0.353857,
-1.121884,
0.224334,
-0.757780,
-0.348962,
-1.110032,
0.234271,
-0.744762,
-0.342222,
-1.096042,
0.244825,
-0.735879,
-0.339349,
-1.087459,
0.254435,
-0.725809,
-0.333476,
-1.075448,
0.265622,
-0.716223,
-0.326341,
-1.064677,
0.275970,
-0.709047,
-0.320341,
-1.056390,
0.285460,
-0.705182,
-0.317033,
-1.050193,
0.292808,
-0.702961,
-0.312461,
-1.042058,
0.299017,
-0.699591,
-0.308000,
-1.028252,
0.305511,
-0.697962,
-0.305128,
-1.015047,
0.309984,
-0.698201,
-0.305408,
-1.005923,
0.312794,
-0.702912,
-0.308752,
-1.002053,
0.310346,
-0.710320,
-0.315153,
-1.000763,
0.303532,
-0.719084,
-0.323107,
-1.004047,
0.295071,
-0.730019,
-0.331933,
-1.011275,
0.283420,
-0.734186,
-0.335912,
-1.009482,
0.279842,
-0.728208,
-0.333296,
-1.004902,
0.284362,
-0.706388,
-0.317055,
-0.985923,
0.299641,
-0.686760,
-0.301310,
-0.969225,
0.314247,
-0.667179,
-0.281935,
-0.951630,
0.331160,
-0.653238,
-0.263387,
-0.936327,
0.346594,
-0.644416,
-0.250015,
-0.928421,
0.355116,
-0.631363,
-0.236064,
-0.917423,
0.368873,
-0.622186,
-0.222843,
-0.908450,
0.380896,
-0.615855,
-0.214535,
-0.902666,
0.388812,
-0.614570,
-0.214135,
-0.904622,
0.390063,
-0.627578,
-0.223115,
-0.917065,
0.381804,
-0.644592,
-0.236718,
-0.933204,
0.368186,
-0.661904,
-0.250890,
-0.949945,
0.354694,
-0.679483,
-0.265215,
-0.967518,
0.341369,
-0.694190,
-0.278362,
-0.978871,
0.329420,
-0.708078,
-0.291334,
-0.990935,
0.318649,
-0.720897,
-0.304151,
-1.000554,
0.308825,
-0.730674,
-0.315060,
-1.006795,
0.303478,
-0.742691,
-0.325658,
-1.013461,
0.298636,
-0.755112,
-0.337636,
-1.021200,
0.290122,
-0.766172,
-0.348650,
-1.027319,
0.282440,
-0.776105,
-0.357742,
-1.032821,
0.275929,
-0.785144,
-0.364719,
-1.037593,
0.271114,
-0.791585,
-0.370205,
-1.040037,
0.268330,
-0.796221,
-0.374835,
-1.038999,
0.267726,
-0.797889,
-0.377673,
-1.037278,
0.268016,
-0.798598,
-0.379725,
-1.034726,
0.271160,
-0.796962,
-0.380773,
-1.027955,
0.276513,
-0.797637,
-0.384372,
-1.025362,
0.277866,
-0.799123,
-0.385670,
-1.023760,
0.278770,
-0.799522,
-0.387556,
-1.016550,
0.279672,
-0.804191,
-0.391440,
-1.011089,
0.278336,
-0.810389,
-0.396440,
-1.009794,
0.275335,
-0.818784,
-0.401999,
-1.012000,
0.270677,
-0.823681,
-0.406823,
-1.011342,
0.268585,
-0.832689,
-0.410684,
-1.012855,
0.267215,
-0.840711,
-0.412516,
-1.011281,
0.269042,
-0.844790,
-0.409738,
-1.008056,
0.274961,
-0.848965,
-0.407231,
-1.004798,
0.281118,
-0.847472,
-0.402008,
-0.993819,
0.292115,
-0.847436,
-0.397908,
-0.987152,
0.300530,
-0.844186,
-0.394064,
-0.978783,
0.312226,
-0.835888,
-0.388104,
-0.960500,
0.327586,
-0.826632,
-0.381220,
-0.942195,
0.343089,
-0.822478,
-0.379407,
-0.930223,
0.351215,
-0.821954,
-0.378384,
-0.922349,
0.355810,
-0.823561,
-0.378486,
-0.917770,
0.358332,
-0.826892,
-0.378791,
-0.917280,
0.359622,
-0.828677,
-0.376206,
-0.916572,
0.363288,
-0.826488,
-0.369399,
-0.913379,
0.369553,
-0.824091,
-0.362350,
-0.909254,
0.375595,
-0.822328,
-0.356894,
-0.905951,
0.380560,
-0.825148,
-0.354758,
-0.908333,
0.380919,
-0.828515,
-0.354668,
-0.912138,
0.379419,
-0.831715,
-0.355387,
-0.917096,
0.377132,
-0.832538,
-0.355240,
-0.919959,
0.377367,
-0.833068,
-0.354126,
-0.919233,
0.380470,
-0.831847,
-0.349249,
-0.915359,
0.385486,
-0.830664,
-0.343928,
-0.912821,
0.391760,
-0.828407,
-0.338520,
-0.910542,
0.398200,
-0.827967,
-0.334566,
-0.907640,
0.404046,
-0.826998,
-0.328997,
-0.904248,
0.411085,
-0.824561,
-0.325336,
-0.889574,
0.418589,
-0.817972,
-0.327020,
-0.870677,
0.421298,
-0.814262,
-0.329609,
-0.858477,
0.420298,
-0.812406,
-0.335376,
-0.853146,
0.418222,
-0.816445,
-0.343990,
-0.855613,
0.409220,
-0.818112,
-0.352961,
-0.854578,
0.402193,
-0.824641,
-0.365145,
-0.862774,
0.388145,
-0.830840,
-0.376930,
-0.870474,
0.374988,
-0.837752,
-0.387086,
-0.878957,
0.361746,
-0.845043,
-0.398522,
-0.889416,
0.348253,
-0.848321,
-0.407095,
-0.895285,
0.339271,
-0.852908,
-0.414965,
-0.904200,
0.329952,
-0.854521,
-0.420433,
-0.911558,
0.325304,
-0.859179,
-0.425925,
-0.920852,
0.319578,
-0.865075,
-0.428776,
-0.929495,
0.314876,
-0.873412,
-0.431068,
-0.938937,
0.309046,
-0.879116,
-0.429244,
-0.945796,
0.306951,
-0.882481,
-0.424412,
-0.947126,
0.308358,
-0.882088,
-0.419839,
-0.949969,
0.312638,
-0.883693,
-0.416327,
-0.955697,
0.312965,
-0.886820,
-0.413481,
-0.964455,
0.311113,
-0.890110,
-0.410853,
-0.968534,
0.308559,
-0.890053,
-0.398135,
-0.969480,
0.311835,
-0.890362,
-0.382705,
-0.970988,
0.316972,
-0.891281,
-0.368835,
-0.973564,
0.323130,
-0.887247,
-0.355117,
-0.969614,
0.332436,
-0.887013,
-0.346795,
-0.969363,
0.338516,
-0.886136,
-0.340456,
-0.967533,
0.344423,
-0.887724,
-0.338395,
-0.972545,
0.346412,
-0.890227,
-0.336410,
-0.978701,
0.347241,
-0.890154,
-0.335932,
-0.984696,
0.349561,
-0.889485,
-0.340248,
-0.994773,
0.349076,
-0.891923,
-0.346199,
-1.006572,
0.345786,
-0.895243,
-0.355761,
-1.019108,
0.337448,
-0.900680,
-0.365304,
-1.026798,
0.330327,
-0.902349,
-0.373768,
-1.029172,
0.328145,
-0.901982,
-0.378071,
-1.029217,
0.327525,
-0.898728,
-0.377415,
-1.025342,
0.332299,
-0.896267,
-0.375654,
-1.023434,
0.336795,
-0.891235,
-0.372083,
-1.017033,
0.346275,
-0.882625,
-0.364117,
-1.009033,
0.360197,
-0.875396,
-0.358629,
-1.003021,
0.371841,
-0.869476,
-0.350975,
-0.999317,
0.379878,
-0.863344,
-0.342758,
-0.994130,
0.388886,
-0.860462,
-0.340807,
-0.992225,
0.389480,
-0.857879,
-0.338425,
-0.990205,
0.388885,
-0.857396,
-0.339867,
-0.991561,
0.386011,
-0.857553,
-0.343850,
-0.993095,
0.380653,
-0.857124,
-0.346934,
-0.994301,
0.375657,
-0.852643,
-0.345632,
-0.992754,
0.372808,
-0.852023,
-0.344992,
-0.994691,
0.370656,
-0.852474,
-0.344868,
-0.990998,
0.367776,
-0.851108,
-0.344237,
-0.987286,
0.366940,
-0.850653,
-0.340993,
-0.984851,
0.367092,
-0.853185,
-0.339187,
-0.984174,
0.364356,
-0.855875,
-0.336194,
-0.983752,
0.363130,
-0.859713,
-0.335661,
-0.982908,
0.361034,
-0.863796,
-0.335936,
-0.983086,
0.358297,
-0.867095,
-0.335502,
-0.983895,
0.355977,
-0.868670,
-0.335094,
-0.983045,
0.356351,
-0.870885,
-0.334674,
-0.984337,
0.355523,
-0.877480,
-0.338871,
-0.991852,
0.347865,
-0.879431,
-0.339400,
-0.992492,
0.346769,
-0.878217,
-0.338879,
-0.987454,
0.351829,
-0.878268,
-0.337259,
-0.985909,
0.354434,
-0.879227,
-0.338205,
-0.986240,
0.355208,
-0.878956,
-0.336952,
-0.984633,
0.358749,
-0.878601,
-0.336640,
-0.980866,
0.361380,
-0.869258,
-0.328470,
-0.965205,
0.372060,
-0.848641,
-0.317501,
-0.942933,
0.389513,
-0.829925,
-0.307156,
-0.920925,
0.405386,
-0.807339,
-0.294188,
-0.897226,
0.426186,
-0.785531,
-0.282887,
-0.875003,
0.446221,
-0.760775,
-0.267533,
-0.846246,
0.469822,
-0.745976,
-0.259595,
-0.824557,
0.484928,
-0.737736,
-0.258246,
-0.813766,
0.492772,
-0.732944,
-0.257242,
-0.807514,
0.498999,
-0.739083,
-0.271401,
-0.820577,
0.489699,
-0.747804,
-0.292052,
-0.836414,
0.476050,
-0.753397,
-0.305956,
-0.846118,
0.467049,
-0.761247,
-0.320250,
-0.857805,
0.457540,
-0.794166,
-0.346191,
-0.879557,
0.437848,
-0.822967,
-0.369456,
-0.899418,
0.420952,
-0.847587,
-0.389226,
-0.917373,
0.407773,
-0.869424,
-0.407233,
-0.935142,
0.397172,
-0.891981,
-0.424846,
-0.955735,
0.385427,
-0.911505,
-0.441748,
-0.975477,
0.373209,
-0.926408,
-0.455173,
-0.993090,
0.364972,
-0.942301,
-0.471319,
-1.012794,
0.354799,
-0.957132,
-0.491309,
-1.032670,
0.342918,
-0.969417,
-0.508709,
-1.048733,
0.335591,
-0.978429,
-0.523316,
-1.059523,
0.332960,
-0.987024,
-0.535482,
-1.071021,
0.330712,
-0.993233,
-0.544519,
-1.079107,
0.331544,
-0.997799,
-0.550110,
-1.085492,
0.332921,
-1.001296,
-0.554086,
-1.090763,
0.335260,
-1.003307,
-0.555425,
-1.093609,
0.339154,
-1.005225,
-0.555717,
-1.097113,
0.343516,
-1.005072,
-0.554898,
-1.099465,
0.349827,
-1.005531,
-0.555982,
-1.102789,
0.353530,
-1.005542,
-0.555687,
-1.105375,
0.358153,
-1.004044,
-0.553629,
-1.105693,
0.364287,
-1.002938,
-0.550289,
-1.106289,
0.369605,
-1.000472,
-0.547216,
-1.106291,
0.374069,
-0.996722,
-0.542260,
-1.106577,
0.378917,
-0.993912,
-0.538090,
-1.108025,
0.382482,
-0.988746,
-0.533351,
-1.102049,
0.389023,
-0.987152,
-0.531278,
-1.100589,
0.390403,
-0.985531,
-0.530172,
-1.099271,
0.391715,
-0.983217,
-0.527939,
-1.097573,
0.395533,
-0.979780,
-0.522746,
-1.094043,
0.401193,
-0.979429,
-0.518759,
-1.095533,
0.402797,
-0.977084,
-0.512183,
-1.095872,
0.407670,
-0.974933,
-0.506599,
-1.097335,
0.411462,
-0.974836,
-0.503573,
-1.104379,
0.410228,
-0.972296,
-0.498517,
-1.106012,
0.412555,
-0.960146,
-0.492650,
-1.102031,
0.423465,
-0.944718,
-0.486351,
-1.090487,
0.437032,
-0.933955,
-0.483897,
-1.085561,
0.444043,
-0.926710,
-0.482725,
-1.085231,
0.445447,
-0.913848,
-0.479918,
-1.080245,
0.452222,
-0.904772,
-0.479933,
-1.078767,
0.453968,
-0.898532,
-0.480318,
-1.078601,
0.453899,
-0.891335,
-0.479077,
-1.077516,
0.457498,
-0.882149,
-0.474035,
-1.077853,
0.461417,
-0.872515,
-0.467237,
-1.077414,
0.467967,
-0.860831,
-0.459926,
-1.074699,
0.478258,
-0.849422,
-0.452338,
-1.069642,
0.491620,
-0.839902,
-0.445048,
-1.068014,
0.503115,
-0.829170,
-0.437767,
-1.065316,
0.512683,
-0.821221,
-0.434918,
-1.065417,
0.516964,
-0.812571,
-0.433521,
-1.065362,
0.518148,
-0.803903,
-0.431793,
-1.060811,
0.520442,
-0.794118,
-0.427288,
-1.055717,
0.524777,
-0.788572,
-0.423371,
-1.054946,
0.526135,
-0.783866,
-0.419518,
-1.054598,
0.529515,
-0.778303,
-0.415245,
-1.050570,
0.535282,
-0.776489,
-0.411851,
-1.048613,
0.539938,
-0.777164,
-0.411925,
-1.047773,
0.542690,
-0.778440,
-0.411437,
-1.046050,
0.543681,
-0.779385,
-0.410175,
-1.044252,
0.545416,
-0.783392,
-0.412150,
-1.047102,
0.542635,
-0.784509,
-0.407931,
-1.047146,
0.542955,
-0.784564,
-0.405162,
-1.046855,
0.544261,
-0.785054,
-0.404102,
-1.047324,
0.543789,
-0.785761,
-0.405739,
-1.047920,
0.542404,
-0.787996,
-0.409194,
-1.049634,
0.539934,
-0.796640,
-0.417484,
-1.061332,
0.527564,
-0.810163,
-0.429177,
-1.079105,
0.507989,
-0.825767,
-0.442033,
-1.098560,
0.487647,
-0.838340,
-0.453222,
-1.116445,
0.469260,
-0.838835,
-0.459556,
-1.122199,
0.464699,
-0.837118,
-0.462933,
-1.124672,
0.464368,
-0.834474,
-0.465177,
-1.128079,
0.463662,
-0.836515,
-0.468641,
-1.134077,
0.461736,
-0.836640,
-0.466591,
-1.135585,
0.463297,
-0.839454,
-0.467260,
-1.144484,
0.463383,
-0.837502,
-0.462461,
-1.147762,
0.468233,
-0.836161,
-0.458806,
-1.149530,
0.471466,
-0.834541,
-0.455261,
-1.148313,
0.477582,
-0.833291,
-0.452695,
-1.146696,
0.482767,
-0.833652,
-0.454592,
-1.146213,
0.482596,
-0.836000,
-0.458959,
-1.148591,
0.478636,
-0.847596,
-0.471953,
-1.162685,
0.460389,
-0.856951,
-0.480295,
-1.173675,
0.445032,
-0.865550,
-0.487894,
-1.184791,
0.431423,
-0.872393,
-0.493888,
-1.194913,
0.420742,
-0.873378,
-0.495828,
-1.200068,
0.417620,
-0.870919,
-0.487831,
-1.199153,
0.423915,
-0.868850,
-0.480388,
-1.199766,
0.430139,
-0.865892,
-0.471317,
-1.197247,
0.440247,
-0.863054,
-0.461742,
-1.194908,
0.450847,
-0.859744,
-0.452138,
-1.191923,
0.462464,
-0.855746,
-0.441056,
-1.188532,
0.475127,
-0.851732,
-0.429279,
-1.184985,
0.488561,
-0.849780,
-0.417862,
-1.184150,
0.499222,
-0.846918,
-0.407030,
-1.182932,
0.509934,
-0.843323,
-0.393188,
-1.180515,
0.521642,
-0.841191,
-0.378267,
-1.178781,
0.532338,
-0.841450,
-0.363136,
-1.179095,
0.540444,
-0.847229,
-0.354078,
-1.182583,
0.541896,
-0.853562,
-0.344750,
-1.186864,
0.544232,
-0.860948,
-0.338282,
-1.192018,
0.544644,
-0.868478,
-0.335094,
-1.200159,
0.543060,
-0.877536,
-0.335136,
-1.210635,
0.537673,
-0.888330,
-0.337995,
-1.223051,
0.530037,
-0.898146,
-0.342752,
-1.233866,
0.521904,
-0.908248,
-0.347828,
-1.242282,
0.515309,
-0.915949,
-0.349897,
-1.248187,
0.511043,
-0.920458,
-0.348605,
-1.251984,
0.511716,
-0.921797,
-0.344814,
-1.253439,
0.516833,
-0.920546,
-0.338277,
-1.249554,
0.526070,
-0.915281,
-0.326531,
-1.243873,
0.538202,
-0.914167,
-0.317972,
-1.240045,
0.549315,
-0.916364,
-0.313751,
-1.242286,
0.554997,
-0.919946,
-0.314419,
-1.251332,
0.555535,
-0.929918,
-0.320155,
-1.262954,
0.550497,
-0.938377,
-0.322623,
-1.274106,
0.547319,
-0.948990,
-0.328166,
-1.287545,
0.539492,
-0.961441,
-0.334731,
-1.299803,
0.532075,
-0.972339,
-0.342358,
-1.311318,
0.525013,
-0.980066,
-0.347135,
-1.318566,
0.523327,
-0.986583,
-0.349730,
-1.324472,
0.522868,
-0.991742,
-0.351767,
-1.329045,
0.525323,
-0.994630,
-0.352557,
-1.331000,
0.527550,
-0.998851,
-0.354552,
-1.333824,
0.528275,
-1.005390,
-0.357528,
-1.336647,
0.530064,
-1.010670,
-0.355644,
-1.337987,
0.534179,
-1.012672,
-0.351199,
-1.337947,
0.541120,
-1.014774,
-0.345993,
-1.337808,
0.546519,
-1.019746,
-0.341661,
-1.339115,
0.547991,
-1.025252,
-0.340258,
-1.342277,
0.546899,
-1.031076,
-0.341330,
-1.346212,
0.543224,
-1.037675,
-0.345066,
-1.349470,
0.537929,
-1.040248,
-0.345526,
-1.350330,
0.536050,
-1.045484,
-0.344596,
-1.351511,
0.536002,
-1.042547,
-0.327871,
-1.343701,
0.545172,
-1.042402,
-0.316054,
-1.339988,
0.549513,
-1.043466,
-0.306584,
-1.339123,
0.552589,
-1.045664,
-0.299672,
-1.338626,
0.554310,
-1.050218,
-0.295118,
-1.339368,
0.555098,
-1.055429,
-0.292616,
-1.341229,
0.554245,
-1.063148,
-0.292314,
-1.346059,
0.552262,
-1.069296,
-0.293673,
-1.350099,
0.550365,
-1.072730,
-0.296094,
-1.351882,
0.547972,
-1.075494,
-0.298758,
-1.353568,
0.546269,
-1.077934,
-0.299464,
-1.353670,
0.546563,
-1.090407,
-0.307468,
-1.355111,
0.543930,
-1.102196,
-0.315218,
-1.357076,
0.541378,
-1.113872,
-0.322967,
-1.359411,
0.538079,
-1.125657,
-0.332945,
-1.362879,
0.530750,
-1.144118,
-0.346759,
-1.374207,
0.517717,
-1.157694,
-0.355865,
-1.379447,
0.509951,
-1.172844,
-0.366771,
-1.385322,
0.498927,
-1.187609,
-0.378955,
-1.391780,
0.487166,
-1.200692,
-0.389714,
-1.396634,
0.477833,
-1.213621,
-0.400423,
-1.401988,
0.468429,
-1.224019,
-0.408018,
-1.403824,
0.462028,
-1.233764,
-0.415950,
-1.405962,
0.455329,
-1.242669,
-0.424096,
-1.408975,
0.448560,
-1.249963,
-0.430770,
-1.410731,
0.442558,
-1.255534,
-0.436383,
-1.411663,
0.438602,
-1.258808,
-0.438650,
-1.411695,
0.437821,
-1.262266,
-0.441331,
-1.411681,
0.435659,
-1.263425,
-0.441641,
-1.407882,
0.436610,
-1.263920,
-0.442376,
-1.404696,
0.436378,
-1.261111,
-0.429787,
-1.396292,
0.442652,
-1.258120,
-0.418296,
-1.388638,
0.448452,
-1.253429,
-0.407301,
-1.381111,
0.455587,
-1.249597,
-0.398113,
-1.373492,
0.460842,
-1.238908,
-0.387756,
-1.352644,
0.469651,
-1.229729,
-0.377718,
-1.334058,
0.476006,
-1.182057,
-0.332744,
-1.281712,
0.513300,
-1.144192,
-0.298029,
-1.240656,
0.537290,
-1.110742,
-0.267131,
-1.206211,
0.556461,
-1.086601,
-0.245316,
-1.178853,
0.567588,
-1.066185,
-0.227017,
-1.155185,
0.575800,
-1.048805,
-0.207315,
-1.130641,
0.584439,
-1.034091,
-0.190455,
-1.109544,
0.592438,
-1.021822,
-0.176312,
-1.092413,
0.598757,
-1.011670,
-0.163181,
-1.078230,
0.603814,
-1.002943,
-0.152624,
-1.066718,
0.607290,
-0.997529,
-0.146431,
-1.059917,
0.606716,
-0.993248,
-0.141878,
-1.054266,
0.607126,
-0.990058,
-0.138187,
-1.051182,
0.607026,
-0.987923,
-0.135601,
-1.050188,
0.606226,
-0.986867,
-0.133260,
-1.049669,
0.605782,
-0.990225,
-0.137393,
-1.054283,
0.598486,
-0.995574,
-0.141959,
-1.062961,
0.588647,
-1.000326,
-0.146683,
-1.071734,
0.580504,
-1.006929,
-0.154075,
-1.082001,
0.569999,
-1.011336,
-0.158082,
-1.091149,
0.563947,
-1.014248,
-0.159081,
-1.099512,
0.560634,
-1.016198,
-0.156628,
-1.105639,
0.560690,
-1.018796,
-0.156515,
-1.113349,
0.559019,
-1.020479,
-0.157422,
-1.117822,
0.557942,
-1.023135,
-0.159962,
-1.123637,
0.555328,
-1.029955,
-0.167867,
-1.134316,
0.545986,
-1.034993,
-0.173811,
-1.142827,
0.539747,
-1.041948,
-0.181566,
-1.151532,
0.532772,
-1.052124,
-0.191706,
-1.163210,
0.521384,
-1.060019,
-0.200382,
-1.172481,
0.513285,
-1.068046,
-0.208020,
-1.182388,
0.504734,
-1.074476,
-0.213463,
-1.190849,
0.498760,
-1.073731,
-0.210175,
-1.195714,
0.498582,
-1.073711,
-0.208153,
-1.201034,
0.498346,
-1.069829,
-0.185926,
-1.200755,
0.509004,
-1.064915,
-0.165667,
-1.198559,
0.521742,
-1.063071,
-0.148249,
-1.199447,
0.531869,
-1.062882,
-0.135668,
-1.203377,
0.537847,
-1.062821,
-0.126750,
-1.204574,
0.543122,
-1.064029,
-0.120532,
-1.207427,
0.546199,
-1.066034,
-0.115802,
-1.211403,
0.547994,
-1.066658,
-0.110792,
-1.216179,
0.550602,
-1.063657,
-0.100740,
-1.219792,
0.554694,
-1.060382,
-0.091996,
-1.223472,
0.560014,
-1.059463,
-0.085319,
-1.228249,
0.562606,
-1.058703,
-0.079544,
-1.234113,
0.563293,
-1.056993,
-0.072585,
-1.237701,
0.564983,
-1.055933,
-0.068630,
-1.241466,
0.565706,
-1.056279,
-0.066764,
-1.246416,
0.565215,
-1.056966,
-0.067579,
-1.253174,
0.562330,
-1.057431,
-0.068126,
-1.258501,
0.560675,
-1.057543,
-0.069272,
-1.260819,
0.559731,
-1.056711,
-0.067935,
-1.262124,
0.561538,
-1.058511,
-0.072470,
-1.266510,
0.557239,
-1.059766,
-0.076917,
-1.271255,
0.552840,
-1.060424,
-0.079788,
-1.275032,
0.550935,
-1.060024,
-0.082569,
-1.278136,
0.551401,
-1.061393,
-0.087063,
-1.283052,
0.550918,
-1.062690,
-0.090819,
-1.288528,
0.551149,
-1.065083,
-0.094093,
-1.293335,
0.551777,
-1.066350,
-0.098256,
-1.297014,
0.554394,
-1.071083,
-0.104187,
-1.305113,
0.553886,
-1.079044,
-0.111788,
-1.315205,
0.550829,
-1.088865,
-0.121202,
-1.326249,
0.545782,
-1.099612,
-0.131481,
-1.338042,
0.538719,
-1.111179,
-0.141573,
-1.350585,
0.530124,
-1.122936,
-0.153257,
-1.363315,
0.519209,
-1.139492,
-0.165879,
-1.383562,
0.507288,
-1.156422,
-0.179175,
-1.403694,
0.494743,
-1.169202,
-0.189796,
-1.420798,
0.484721,
-1.179986,
-0.198328,
-1.435008,
0.477593,
-1.188745,
-0.205904,
-1.447497,
0.472226,
-1.198244,
-0.213435,
-1.460249,
0.466069,
-1.206359,
-0.220221,
-1.471404,
0.461390,
-1.213862,
-0.226560,
-1.481840,
0.457474,
-1.221031,
-0.232726,
-1.491079,
0.454074,
-1.227181,
-0.237619,
-1.499408,
0.451328,
-1.232910,
-0.241792,
-1.506939,
0.449224,
-1.236802,
-0.241846,
-1.513010,
0.448616,
-1.242650,
-0.242513,
-1.520176,
0.447146,
-1.247330,
-0.242281,
-1.526095,
0.445796,
-1.251344,
-0.242214,
-1.531726,
0.444472,
-1.253446,
-0.242023,
-1.537669,
0.444021,
-1.255506,
-0.242442,
-1.543232,
0.443516,
-1.254724,
-0.240765,
-1.548101,
0.444402,
-1.254000,
-0.240155,
-1.554374,
0.444515,
-1.254701,
-0.241520,
-1.562673,
0.442928,
-1.240215,
-0.225259,
-1.568882,
0.451755,
-1.226211,
-0.209150,
-1.571777,
0.460006,
-1.212678,
-0.191516,
-1.572977,
0.468804,
-1.201334,
-0.176177,
-1.573609,
0.475245,
-1.195238,
-0.165711,
-1.577837,
0.474604,
-1.189920,
-0.157823,
-1.582113,
0.474287,
-1.187249,
-0.152157,
-1.586637,
0.473282,
-1.185106,
-0.147254,
-1.591215,
0.473095,
-1.183498,
-0.141780,
-1.594705,
0.472535,
-1.183811,
-0.138015,
-1.599829,
0.470047,
-1.183110,
-0.132108,
-1.602546,
0.470320,
-1.183936,
-0.125307,
-1.604717,
0.471374,
-1.185355,
-0.119728,
-1.606895,
0.472385,
-1.184606,
-0.109440,
-1.607137,
0.476937,
-1.184308,
-0.102697,
-1.608482,
0.478515,
-1.184556,
-0.094073,
-1.609227,
0.481947,
-1.186833,
-0.088194,
-1.611352,
0.483895,
-1.190778,
-0.086250,
-1.616043,
0.482515,
-1.194486,
-0.085725,
-1.620256,
0.481234,
-1.200139,
-0.090299,
-1.626874,
0.476102,
-1.204784,
-0.095181,
-1.632809,
0.471376,
-1.206678,
-0.099088,
-1.636920,
0.468935,
-1.208741,
-0.104866,
-1.641214,
0.465506,
-1.210671,
-0.110557,
-1.645177,
0.462200,
-1.212262,
-0.116949,
-1.649153,
0.458142,
-1.215365,
-0.123646,
-1.653682,
0.453432,
-1.216080,
-0.127920,
-1.655177,
0.452024,
-1.216014,
-0.130849,
-1.655352,
0.451581,
-1.215942,
-0.135383,
-1.653173,
0.451017,
-1.213866,
-0.135914,
-1.649013,
0.452475,
-1.210958,
-0.137430,
-1.643683,
0.454407,
-1.208403,
-0.139725,
-1.638732,
0.456173,
-1.205668,
-0.141546,
-1.634179,
0.458199,
-1.206536,
-0.148772,
-1.634656,
0.453901,
-1.207778,
-0.156447,
-1.635493,
0.448953,
-1.206833,
-0.161208,
-1.635407,
0.446651,
-1.207591,
-0.168519,
-1.636124,
0.442392,
-1.207755,
-0.171876,
-1.636295,
0.439666,
-1.206921,
-0.172493,
-1.633323,
0.440227,
-1.203885,
-0.167466,
-1.628609,
0.445839,
-1.200228,
-0.163682,
-1.622813,
0.452852,
-1.196280,
-0.160279,
-1.616370,
0.459699,
-1.193356,
-0.160968,
-1.609449,
0.463906,
-1.190192,
-0.162295,
-1.603578,
0.466008,
-1.187788,
-0.165901,
-1.598527,
0.466570,
-1.187005,
-0.171371,
-1.595070,
0.464640,
-1.186114,
-0.175030,
-1.592359,
0.463204,
-1.187157,
-0.176535,
-1.589942,
0.463660,
-1.187680,
-0.177126,
-1.586683,
0.465817,
-1.184714,
-0.169682,
-1.582654,
0.472828,
-1.180199,
-0.160363,
-1.575833,
0.479756,
-1.179208,
-0.155886,
-1.573404,
0.481060,
-1.179886,
-0.152283,
-1.572141,
0.482250,
-1.178387,
-0.145716,
-1.569602,
0.487066,
-1.178298,
-0.140861,
-1.567422,
0.492145,
-1.179621,
-0.138737,
-1.567466,
0.494334,
-1.181406,
-0.136526,
-1.567810,
0.496347,
-1.185713,
-0.139505,
-1.571620,
0.492587,
-1.190640,
-0.143099,
-1.576613,
0.487930,
-1.193767,
-0.147124,
-1.581890,
0.482522,
-1.197502,
-0.152037,
-1.587156,
0.476723,
-1.200680,
-0.156806,
-1.590259,
0.472759,
-1.202871,
-0.159764,
-1.592072,
0.471551,
-1.205904,
-0.162576,
-1.593738,
0.469859,
-1.206323,
-0.160217,
-1.592672,
0.472188,
-1.205841,
-0.156033,
-1.589145,
0.476398,
-1.207221,
-0.154801,
-1.588352,
0.476969,
-1.208896,
-0.153940,
-1.587824,
0.477654,
-1.208557,
-0.152860,
-1.585633,
0.480380,
-1.206115,
-0.151293,
-1.579027,
0.486340,
-1.204892,
-0.151505,
-1.574063,
0.489942,
-1.204580,
-0.153838,
-1.570140,
0.492522,
-1.203732,
-0.156408,
-1.566162,
0.496524,
-1.202716,
-0.160056,
-1.563304,
0.499876,
-1.202678,
-0.166086,
-1.559958,
0.500455,
-1.204644,
-0.174268,
-1.558870,
0.497196,
-1.206982,
-0.183390,
-1.555964,
0.493695,
-1.207207,
-0.189859,
-1.549343,
0.491999,
-1.207380,
-0.194026,
-1.542542,
0.491733,
-1.205227,
-0.197377,
-1.535267,
0.492442,
-1.204997,
-0.203210,
-1.530393,
0.491261,
-1.205713,
-0.210153,
-1.527624,
0.488690,
-1.206322,
-0.217722,
-1.526048,
0.486060,
-1.206452,
-0.223592,
-1.524452,
0.484845,
-1.207993,
-0.230700,
-1.524453,
0.481237,
-1.209153,
-0.236157,
-1.523064,
0.479306,
-1.208805,
-0.238541,
-1.519224,
0.480585,
-1.207105,
-0.240432,
-1.513495,
0.484481,
-1.206241,
-0.241325,
-1.506180,
0.488989,
-1.205218,
-0.242456,
-1.499753,
0.493735,
-1.206081,
-0.246310,
-1.495335,
0.495610,
-1.210556,
-0.253902,
-1.492302,
0.492294,
-1.214831,
-0.261617,
-1.490898,
0.488574,
-1.218235,
-0.269719,
-1.489754,
0.484644,
-1.222044,
-0.278071,
-1.489787,
0.480314,
-1.222687,
-0.285348,
-1.487128,
0.477656,
-1.222035,
-0.292758,
-1.481725,
0.475288,
-1.220721,
-0.298586,
-1.475026,
0.474647,
-1.219191,
-0.303271,
-1.468348,
0.474131,
-1.218226,
-0.308079,
-1.463303,
0.473691,
-1.216234,
-0.310922,
-1.457543,
0.474944,
-1.212907,
-0.312099,
-1.454456,
0.479100,
-1.211720,
-0.315069,
-1.454159,
0.479656,
-1.211230,
-0.318671,
-1.454729,
0.478869,
-1.210719,
-0.321817,
-1.456321,
0.477430,
-1.210647,
-0.325716,
-1.457836,
0.474990,
-1.208804,
-0.328897,
-1.456981,
0.474484,
-1.207295,
-0.332870,
-1.456930,
0.472956,
-1.205571,
-0.337374,
-1.457330,
0.469965,
-1.204675,
-0.342259,
-1.458388,
0.466459,
-1.202349,
-0.347702,
-1.458278,
0.464608,
-1.197023,
-0.347408,
-1.454530,
0.468621,
-1.190750,
-0.345686,
-1.450238,
0.474484,
-1.183606,
-0.339998,
-1.443640,
0.482114,
-1.175720,
-0.334104,
-1.434831,
0.491712,
-1.166991,
-0.327771,
-1.424915,
0.503156,
-1.157310,
-0.320819,
-1.413557,
0.515724,
-1.146738,
-0.314165,
-1.401072,
0.530030,
-1.138951,
-0.309030,
-1.390913,
0.540873,
-1.131793,
-0.305483,
-1.383396,
0.549393,
-1.127278,
-0.304939,
-1.377797,
0.553718,
-1.125994,
-0.305270,
-1.375871,
0.554099,
-1.126161,
-0.307145,
-1.375857,
0.552885,
-1.126537,
-0.309350,
-1.375071,
0.551921,
-1.126361,
-0.313379,
-1.375474,
0.549374,
-1.126764,
-0.317054,
-1.376266,
0.547615,
-1.128481,
-0.322950,
-1.376480,
0.543725,
-1.128726,
-0.325947,
-1.374759,
0.543780,
-1.130070,
-0.329836,
-1.374215,
0.541051,
-1.130613,
-0.333739,
-1.373988,
0.539355,
-1.132502,
-0.338887,
-1.374129,
0.535434,
-1.132665,
-0.342146,
-1.372887,
0.534242,
-1.132457,
-0.345086,
-1.370756,
0.533069,
-1.134213,
-0.349389,
-1.370480,
0.528963,
-1.134960,
-0.352469,
-1.368876,
0.527280,
-1.133765,
-0.352622,
-1.364179,
0.529219,
-1.129854,
-0.348831,
-1.358432,
0.533673,
-1.126141,
-0.346449,
-1.353098,
0.537581,
-1.119382,
-0.341596,
-1.346602,
0.544002,
-1.115159,
-0.339062,
-1.343920,
0.546807,
-1.112400,
-0.338761,
-1.342865,
0.546863,
-1.109928,
-0.336676,
-1.341652,
0.547291,
-1.106009,
-0.332900,
-1.338612,
0.549785,
-1.104502,
-0.333115,
-1.339953,
0.547188,
-1.101940,
-0.333956,
-1.338137,
0.545561,
-1.114321,
-0.340345,
-1.338985,
0.535208,
-1.123955,
-0.345831,
-1.337207,
0.527865,
-1.133447,
-0.352362,
-1.336040,
0.519948,
-1.141497,
-0.357235,
-1.334389,
0.513015,
-1.144467,
-0.356837,
-1.328666,
0.511921,
-1.146244,
-0.355302,
-1.322703,
0.511886,
-1.148800,
-0.355399,
-1.318782,
0.510120,
-1.152418,
-0.357419,
-1.316314,
0.506098,
-1.154574,
-0.359526,
-1.312996,
0.503306,
-1.156124,
-0.360586,
-1.309335,
0.501092,
-1.157256,
-0.360078,
-1.306806,
0.498412,
-1.156998,
-0.360793,
-1.304306,
0.495096,
-1.158035,
-0.362213,
-1.303179,
0.491197,
-1.159839,
-0.363982,
-1.302063,
0.486584,
-1.161457,
-0.365613,
-1.300902,
0.482821,
-1.162499,
-0.366449,
-1.299643,
0.480116,
-1.163105,
-0.366282,
-1.298016,
0.479101,
-1.161599,
-0.359930,
-1.286039,
0.484652,
-1.158717,
-0.353461,
-1.274467,
0.490931,
-1.156744,
-0.347985,
-1.265124,
0.495996,
-1.152913,
-0.341741,
-1.254562,
0.502628,
-1.148921,
-0.335419,
-1.243408,
0.509526,
-1.144202,
-0.329201,
-1.232897,
0.515831,
-1.142419,
-0.324576,
-1.224969,
0.519742,
-1.141690,
-0.321015,
-1.218934,
0.521377,
-1.143191,
-0.321136,
-1.216419,
0.518408,
-1.141300,
-0.320269,
-1.212452,
0.516903,
-1.138194,
-0.319767,
-1.208730,
0.515875,
-1.135591,
-0.322543,
-1.205619,
0.513003,
-1.133926,
-0.325842,
-1.203772,
0.509575,
-1.134278,
-0.330966,
-1.202878,
0.505420,
-1.133764,
-0.335875,
-1.202089,
0.501921,
-1.132586,
-0.339687,
-1.200386,
0.499873,
-1.131965,
-0.343322,
-1.198458,
0.497823,
-1.130975,
-0.346507,
-1.195642,
0.496496,
-1.132153,
-0.352233,
-1.194191,
0.492691,
-1.133513,
-0.357667,
-1.194287,
0.487877,
-1.135876,
-0.366366,
-1.196795,
0.480457,
-1.141612,
-0.374850,
-1.210448,
0.471071,
-1.152222,
-0.400316,
-1.234824,
0.449575,
-1.163160,
-0.424260,
-1.258251,
0.430040,
-1.173840,
-0.445757,
-1.282122,
0.410858,
-1.183485,
-0.464213,
-1.301429,
0.393422,
-1.189709,
-0.477942,
-1.316106,
0.380026,
-1.194586,
-0.490285,
-1.329470,
0.369598,
-1.196061,
-0.496745,
-1.339196,
0.363953,
-1.197609,
-0.503632,
-1.348314,
0.357936,
-1.198326,
-0.505813,
-1.355222,
0.355211,
-1.200224,
-0.507561,
-1.364517,
0.351331,
-1.202115,
-0.511439,
-1.373967,
0.346365,
-1.203994,
-0.515120,
-1.382825,
0.341647,
-1.204780,
-0.514461,
-1.390825,
0.339354,
-1.205210,
-0.517561,
-1.399439,
0.335517,
-1.205353,
-0.515527,
-1.404268,
0.334673,
-1.205187,
-0.513154,
-1.408327,
0.334627,
-1.204433,
-0.510856,
-1.412189,
0.335946,
-1.202609,
-0.505053,
-1.415357,
0.339522,
-1.202267,
-0.498068,
-1.419052,
0.344140,
-1.208348,
-0.496507,
-1.430958,
0.344852,
-1.213253,
-0.495264,
-1.441225,
0.347483,
-1.217578,
-0.496398,
-1.451227,
0.349181,
-1.221533,
-0.497840,
-1.459970,
0.350965,
-1.230073,
-0.508283,
-1.473648,
0.344958,
-1.235781,
-0.509047,
-1.479995,
0.343861,
-1.241973,
-0.511765,
-1.489137,
0.341372,
-1.249715,
-0.516193,
-1.497483,
0.336656,
-1.258055,
-0.521101,
-1.506055,
0.331147,
-1.266695,
-0.529299,
-1.515409,
0.323290,
