-1.053854,
-0.513942,
0.682459,
-0.029854,
-1.032625,
-0.492356,
0.705716,
-0.009831,
-1.007399,
-0.467864,
0.731419,
0.014684,
-0.982328,
-0.443496,
0.756412,
0.039109,
-0.960555,
-0.421569,
0.775177,
0.060316,
-0.941835,
-0.403847,
0.790719,
0.078977,
-0.921145,
-0.382318,
0.804237,
0.099452,
-0.903825,
-0.363191,
0.814583,
0.116821,
-0.889426,
-0.346899,
0.822218,
0.130823,
-0.874238,
-0.329118,
0.830956,
0.145584,
-0.865050,
-0.324681,
0.836956,
0.151314,
-0.859137,
-0.319837,
0.839479,
0.155680,
-0.854225,
-0.312615,
0.843335,
0.160008,
-0.852573,
-0.308265,
0.845869,
0.160155,
-0.851004,
-0.302004,
0.848416,
0.160511,
-0.841617,
-0.286276,
0.855504,
0.173079,
-0.830892,
-0.274317,
0.863686,
0.183384,
-0.813129,
-0.255967,
0.880221,
0.200972,
-0.794291,
-0.238025,
0.897144,
0.219147,
-0.778633,
-0.221162,
0.913173,
0.236499,
-0.763651,
-0.204317,
0.928303,
0.253312,
-0.752440,
-0.200516,
0.941965,
0.261311,
-0.739242,
-0.196133,
0.955894,
0.269845,
-0.724990,
-0.190298,
0.969458,
0.279665,
-0.712018,
-0.184066,
0.981491,
0.287945,
-0.697585,
-0.176599,
0.993089,
0.297805,
-0.685866,
-0.170621,
1.000789,
0.306151,
-0.670734,
-0.161711,
1.011075,
0.318318,
-0.658418,
-0.152604,
1.017393,
0.329645,
-0.662137,
-0.156332,
1.011397,
0.324605,
-0.664155,
-0.159097,
1.007059,
0.320830,
-0.667110,
-0.162272,
1.001447,
0.316734,
-0.669464,
-0.163507,
0.996191,
0.314319,
-0.673736,
-0.165221,
0.990241,
0.311275,
-0.678340,
-0.168171,
0.983725,
0.307740,
-0.686207,
-0.175097,
0.975645,
0.301248,
-0.694159,
-0.183680,
0.969902,
0.292630,
-0.700376,
-0.190808,
0.965552,
0.285373,
-0.705673,
-0.197473,
0.962291,
0.279159,
-0.708904,
-0.200928,
0.960129,
0.275983,
-0.713353,
-0.207635,
0.960488,
0.271032,
-0.721087,
-0.219124,
0.960051,
0.261895,
-0.729665,
-0.229719,
0.956407,
0.253358,
-0.738326,
-0.237291,
0.951541,
0.246452,
-0.745378,
-0.243416,
0.947671,
0.241140,
-0.753259,
-0.254063,
0.942924,
0.232166,
-0.760819,
-0.264384,
0.937468,
0.223880,
-0.775266,
-0.274871,
0.924400,
0.213068,
-0.785596,
-0.283055,
0.914598,
0.204755,
-0.790983,
-0.290184,
0.906007,
0.197054,
-0.798086,
-0.298675,
0.896187,
0.187815,
-0.804903,
-0.307949,
0.888787,
0.178723,
-0.807721,
-0.314660,
0.884031,
0.172975,
-0.810446,
-0.321151,
0.879608,
0.167218,
-0.826033,
-0.341819,
0.867958,
0.148320,
-0.839674,
-0.360369,
0.858818,
0.131710,
-0.855628,
-0.379249,
0.850367,
0.114163,
-0.867115,
-0.395753,
0.843698,
0.099839,
-0.877040,
-0.411079,
0.837692,
0.086890,
-0.886188,
-0.425467,
0.831867,
0.074818,
-0.891978,
-0.436740,
0.831566,
0.066064,
-0.896161,
-0.446338,
0.828654,
0.058946,
-0.901584,
-0.457340,
0.824765,
0.050393,
-0.906523,
-0.467748,
0.820623,
0.042385,
-0.912029,
-0.477744,
0.814288,
0.034584,
-0.916754,
-0.486308,
0.809448,
0.028473,
-0.920373,
-0.494075,
0.805934,
0.023331,
-0.923187,
-0.500935,
0.803660,
0.018922,
-0.926180,
-0.507294,
0.801399,
0.014847,
-0.929700,
-0.514004,
0.799143,
0.009584,
-0.933768,
-0.520895,
0.795092,
0.003982,
-0.936846,
-0.527262,
0.792042,
-0.001050,
-0.939515,
-0.533947,
0.790444,
-0.006585,
-0.943257,
-0.540641,
0.787538,
-0.012788,
-0.937420,
-0.537602,
0.795202,
-0.004952,
-0.931997,
-0.534492,
0.802423,
0.002412,
-0.930226,
-0.536711,
0.805502,
0.004560,
-0.920819,
-0.533454,
0.824503,
0.011857,
-0.912126,
-0.530549,
0.841535,
0.018550,
-0.907506,
-0.532743,
0.849146,
0.020687,
-0.902578,
-0.533796,
0.857016,
0.024940,
-0.897554,
-0.534221,
0.865739,
0.029425,
-0.892470,
-0.534310,
0.873987,
0.033950,
-0.886447,
-0.534284,
0.881792,
0.039097,
-0.881662,
-0.534578,
0.888088,
0.043158,
-0.882488,
-0.537032,
0.889667,
0.043848,
-0.883763,
-0.539656,
0.890882,
0.043949,
-0.883376,
-0.541864,
0.892680,
0.044600,
-0.884151,
-0.546021,
0.892470,
0.043258,
-0.882936,
-0.546512,
0.894385,
0.045074,
-0.882989,
-0.548791,
0.894726,
0.044632,
-0.885301,
-0.552514,
0.891229,
0.042092,
-0.889652,
-0.558078,
0.885487,
0.037249,
-0.895112,
-0.564789,
0.877724,
0.030326,
-0.903621,
-0.573550,
0.867429,
0.019190,
-0.913612,
-0.584260,
0.855167,
0.005935,
-0.925821,
-0.595106,
0.839048,
-0.007714,
-0.937864,
-0.607666,
0.823101,
-0.022285,
-0.949937,
-0.620814,
0.806852,
-0.036441,
-0.961488,
-0.633579,
0.791513,
-0.049849,
-0.972557,
-0.645104,
0.777802,
-0.062932,
-0.985024,
-0.656519,
0.759944,
-0.077139,
-0.996977,
-0.667338,
0.744021,
-0.090684,
-1.010209,
-0.677961,
0.725999,
-0.103992,
-1.023346,
-0.689195,
0.707163,
-0.117519,
-1.034893,
-0.699187,
0.690399,
-0.129506,
-1.042917,
-0.704522,
0.676861,
-0.136204,
-1.051231,
-0.709492,
0.661226,
-0.143414,
-1.056760,
-0.708878,
0.647545,
-0.146476,
-1.062373,
-0.708372,
0.634299,
-0.149666,
-1.069195,
-0.708776,
0.619172,
-0.156096,
-1.075940,
-0.709469,
0.603952,
-0.162812,
-1.082263,
-0.710355,
0.590005,
-0.169261,
-1.087172,
-0.709963,
0.577987,
-0.173662,
-1.092218,
-0.709194,
0.567623,
-0.177757,
-1.095881,
-0.704219,
0.559440,
-0.176852,
-1.100151,
-0.701681,
0.551883,
-0.178654,
-1.107906,
-0.700275,
0.542853,
-0.183002,
-1.114837,
-0.698767,
0.534913,
-0.186061,
-1.124261,
-0.698160,
0.525950,
-0.194397,
-1.132379,
-0.695859,
0.520778,
-0.199972,
-1.140479,
-0.694966,
0.515470,
-0.212460,
-1.145532,
-0.692964,
0.512580,
-0.222326,
-1.149227,
-0.685649,
0.511648,
-0.225858,
-1.153376,
-0.677937,
0.512297,
-0.229983,
-1.155636,
-0.668931,
0.513531,
-0.230951,
-1.154673,
-0.661387,
0.513548,
-0.228807,
-1.153270,
-0.647384,
0.513003,
-0.222929,
-1.150227,
-0.632748,
0.514188,
-0.215847,
-1.148511,
-0.622336,
0.517124,
-0.213394,
-1.147359,
-0.613824,
0.519894,
-0.212641,
-1.148765,
-0.608700,
0.517879,
-0.217487,
-1.152705,
-0.605610,
0.510849,
-0.225123,
-1.160883,
-0.605584,
0.497529,
-0.235944,
-1.170488,
-0.604821,
0.483476,
-0.246414,
-1.180542,
-0.603928,
0.468903,
-0.255522,
-1.191030,
-0.602113,
0.452335,
-0.266154,
-1.200230,
-0.599784,
0.437243,
-0.274920,
-1.213124,
-0.604156,
0.418417,
-0.290026,
-1.227465,
-0.610184,
0.399312,
-0.307321,
-1.239489,
-0.614434,
0.382362,
-0.322302,
-1.249740,
-0.617596,
0.368439,
-0.334474,
-1.260636,
-0.624467,
0.354049,
-0.349932,
-1.270819,
-0.630952,
0.340466,
-0.364600,
-1.280272,
-0.636526,
0.327929,
-0.377179,
-1.289940,
-0.641743,
0.314740,
-0.391476,
-1.300084,
-0.646171,
0.300817,
-0.403810,
-1.308188,
-0.648378,
0.288913,
-0.412942,
-1.316224,
-0.650690,
0.277281,
-0.421468,
-1.321790,
-0.650838,
0.270275,
-0.424844,
-1.327235,
-0.651207,
0.263439,
-0.427823,
-1.332635,
-0.651512,
0.256320,
-0.431050,
-1.337638,
-0.651736,
0.250072,
-0.433854,
-1.342263,
-0.651672,
0.244222,
-0.436738,
-1.347849,
-0.651135,
0.237496,
-0.439012,
-1.353226,
-0.650153,
0.229903,
-0.440817,
-1.353767,
-0.648775,
0.225982,
-0.439369,
-1.356743,
-0.652844,
0.221432,
-0.443302,
-1.359360,
-0.655952,
0.217920,
-0.446216,
-1.362818,
-0.659076,
0.213225,
-0.449894,
-1.358952,
-0.660802,
0.211388,
-0.443590,
-1.358019,
-0.662050,
0.208106,
-0.439516,
-1.357371,
-0.662604,
0.204555,
-0.435893,
-1.355579,
-0.662381,
0.203843,
-0.430844,
-1.353655,
-0.658860,
0.204556,
-0.423804,
-1.356745,
-0.657807,
0.203738,
-0.421256,
-1.358910,
-0.657063,
0.202534,
-0.418685,
-1.361369,
-0.655287,
0.200905,
-0.416324,
-1.363690,
-0.653520,
0.199473,
-0.413944,
-1.365137,
-0.652040,
0.198087,
-0.411556,
-1.371049,
-0.654056,
0.194796,
-0.416498,
-1.377112,
-0.656091,
0.190735,
-0.421614,
-1.372709,
-0.648732,
0.201859,
-0.417408,
-1.369499,
-0.642428,
0.211549,
-0.414524,
-1.367474,
-0.637806,
0.219868,
-0.412931,
-1.365393,
-0.633286,
0.228384,
-0.410520,
-1.364117,
-0.630033,
0.235216,
-0.408811,
-1.363232,
-0.626550,
0.240602,
-0.407228,
-1.364627,
-0.623949,
0.243774,
-0.409535,
-1.365834,
-0.620473,
0.246544,
-0.410516,
-1.365556,
-0.616028,
0.249212,
-0.410167,
-1.363990,
-0.609745,
0.253505,
-0.407409,
-1.361551,
-0.602629,
0.258799,
-0.402828,
-1.358747,
-0.594485,
0.265080,
-0.397330,
-1.356938,
-0.588261,
0.269528,
-0.393357,
-1.357043,
-0.584495,
0.272956,
-0.391336,
-1.354334,
-0.578258,
0.278864,
-0.386563,
-1.352677,
-0.573750,
0.283684,
-0.383969,
-1.353655,
-0.572048,
0.285588,
-0.384310,
-1.354328,
-0.570380,
0.286927,
-0.384473,
-1.356955,
-0.571814,
0.286135,
-0.387316,
-1.361589,
-0.576877,
0.283648,
-0.393983,
-1.367636,
-0.582214,
0.280222,
-0.402852,
-1.373458,
-0.587109,
0.277107,
-0.411011,
-1.376903,
-0.590355,
0.275598,
-0.416315,
-1.380557,
-0.593376,
0.274276,
-0.421745,
-1.385279,
-0.597009,
0.272200,
-0.428425,
-1.390921,
-0.601511,
0.269185,
-0.435946,
-1.395505,
-0.604332,
0.267485,
-0.442010,
-1.399616,
-0.606516,
0.265509,
-0.447247,
-1.403838,
-0.608644,
0.264117,
-0.452180,
-1.408698,
-0.613181,
0.262403,
-0.458997,
-1.414087,
-0.618590,
0.260182,
-0.466281,
-1.416998,
-0.623078,
0.260948,
-0.470846,
-1.421759,
-0.627938,
0.259948,
-0.476811,
-1.426768,
-0.632339,
0.258244,
-0.482641,
-1.433011,
-0.636699,
0.255347,
-0.488519,
-1.441116,
-0.641090,
0.250888,
-0.494905,
-1.449848,
-0.645442,
0.245215,
-0.502006,
-1.458959,
-0.650533,
0.238433,
-0.509644,
-1.467670,
-0.654528,
0.231296,
-0.516381,
-1.475550,
-0.657073,
0.224763,
-0.521584,
-1.481289,
-0.659131,
0.218783,
-0.524735,
-1.488044,
-0.661099,
0.212033,
-0.528826,
-1.492349,
-0.662620,
0.206188,
-0.530621,
-1.497260,
-0.664905,
0.199639,
-0.533611,
-1.501902,
-0.667439,
0.193673,
-0.537207,
-1.506004,
-0.669460,
0.188706,
-0.540446,
-1.509596,
-0.671087,
0.184236,
-0.543207,
-1.514321,
-0.672578,
0.179066,
-0.546517,
-1.520070,
-0.674195,
0.172503,
-0.550602,
-1.525123,
-0.675907,
0.166160,
-0.554730,
-1.530089,
-0.676068,
0.160492,
-0.557302,
-1.533930,
-0.676168,
0.155087,
-0.560125,
-1.540746,
-0.679320,
0.146800,
-0.567917,
-1.545838,
-0.681806,
0.140412,
-0.574496,
-1.551733,
-0.685270,
0.133398,
-0.581374,
-1.558006,
-0.688650,
0.126604,
-0.588753,
-1.563668,
-0.691509,
0.120476,
-0.594932,
-1.571442,
-0.698376,
0.113440,
-0.605549,
-1.578344,
-0.703758,
0.107261,
-0.614502,
-1.584799,
-0.708529,
0.101409,
-0.622959,
-1.591358,
-0.710115,
0.095715,
-0.629665,
-1.597696,
-0.711802,
0.090096,
-0.636169,
-1.605815,
-0.715647,
0.082823,
-0.644980,
-1.613426,
-0.719692,
0.075825,
-0.653782,
-1.620889,
-0.723425,
0.068948,
-0.662043,
-1.628788,
-0.727581,
0.062248,
-0.671375,
-1.636558,
-0.730902,
0.055708,
-0.679944,
-1.644326,
-0.734084,
0.049062,
-0.688526,
-1.650728,
-0.736621,
0.043798,
-0.694595,
-1.657094,
-0.739308,
0.038374,
-0.700813,
-1.663475,
-0.742171,
0.033110,
-0.706977,
-1.669592,
-0.744830,
0.028034,
-0.712623,
-1.675470,
-0.747575,
0.023096,
-0.718523,
-1.681298,
-0.750227,
0.018184,
-0.724418,
-1.686947,
-0.752751,
0.013338,
-0.730225,
-1.692432,
-0.755034,
0.008941,
-0.735398,
-1.697367,
-0.757273,
0.005040,
-0.740229,
-1.702658,
-0.759328,
0.000598,
-0.745444,
-1.710758,
-0.764181,
-0.005725,
-0.754427,
-1.718396,
-0.768837,
-0.011626,
-0.762990,
-1.725839,
-0.773096,
-0.017315,
-0.771331,
-1.732858,
-0.777312,
-0.023106,
-0.781542,
-1.739314,
-0.781166,
-0.028551,
-0.790685,
-1.745380,
-0.784717,
-0.033657,
-0.799286,
-1.750123,
-0.786623,
-0.037807,
-0.805722,
-1.756152,
-0.788740,
-0.042161,
-0.813386,
-1.762222,
-0.791081,
-0.046497,
-0.821024,
-1.767731,
-0.793229,
-0.050515,
-0.828060,
-1.773247,
-0.795476,
-0.054407,
-0.835166,
-1.778623,
-0.797636,
-0.058322,
-0.842053,
-1.783572,
-0.799715,
-0.062003,
-0.848606,
-1.787789,
-0.801546,
-0.065280,
-0.854209,
-1.792015,
-0.803159,
-0.068595,
-0.859744,
-1.796855,
-0.806863,
-0.073163,
-0.866474,
-1.801685,
-0.810587,
-0.077769,
-0.873098,
-1.806930,
-0.814466,
-0.082724,
-0.880133,
-1.812050,
-0.818288,
-0.087450,
-0.886897,
-1.816994,
-0.822000,
-0.091680,
-0.892951,
-1.821868,
-0.825229,
-0.095744,
-0.898556,
-1.826564,
-0.828323,
-0.099595,
-0.904124,
-1.831295,
-0.831197,
-0.103299,
-0.909386,
-1.835674,
-0.833736,
-0.106846,
-0.914239,
-1.839914,
-0.836003,
-0.110261,
-0.918754,
-1.844204,
-0.838379,
-0.113340,
-0.923239,
-1.848590,
-0.840617,
-0.116380,
-0.927997,
-1.852637,
-0.842623,
-0.119112,
-0.932407,
-1.856294,
-0.844434,
-0.121690,
-0.936274,
-1.858826,
-0.845954,
-0.123102,
-0.938242,
-1.861632,
-0.847557,
-0.124654,
-0.940674,
-1.864327,
-0.849033,
-0.126097,
-0.942977,
-1.867191,
-0.850619,
-0.127732,
-0.945829,
-1.869137,
-0.851925,
-0.129227,
-0.947350,
-1.871423,
-0.853647,
-0.130991,
-0.949517,
-1.874361,
-0.856068,
-0.133089,
-0.953037,
-1.877006,
-0.858448,
-0.135181,
-0.956656,
-1.880642,
-0.861806,
-0.138341,
-0.962269,
-1.884385,
-0.865092,
-0.141712,
-0.967784,
-1.889654,
-0.869152,
-0.145663,
-0.975313,
-1.894471,
-0.873140,
-0.149025,
-0.981944,
-1.899645,
-0.877333,
-0.152435,
-0.989225,
-1.904669,
-0.881064,
-0.155699,
-0.996137,
-1.909424,
-0.884317,
-0.158765,
-1.002500,
-1.914172,
-0.887524,
-0.162003,
-1.009119,
-1.918764,
-0.890439,
-0.165011,
-1.015700,
-1.922430,
-0.893012,
-0.167757,
-1.021509,
-1.926040,
-0.895519,
-0.170621,
-1.027130,
-1.930197,
-0.899431,
-0.173597,
-1.033918,
-1.933778,
-0.902857,
-0.176424,
-1.040080,
-1.937481,
-0.906327,
-0.179243,
-1.046669,
-1.941121,
-0.909411,
-0.181840,
-1.052913,
-1.944344,
-0.912168,
-0.183609,
-1.057728,
-1.947362,
-0.914878,
-0.185293,
-1.062361,
-1.950869,
-0.917710,
-0.187625,
-1.067476,
-1.954394,
-0.920817,
-0.190184,
-1.073077,
-1.958177,
-0.923986,
-0.193151,
-1.079093,
-1.962205,
-0.927337,
-0.196130,
-1.085641,
-1.966018,
-0.930379,
-0.198961,
-1.091896,
-1.969874,
-0.933385,
-0.201781,
-1.098504,
-1.973502,
-0.936287,
-0.204489,
-1.104761,
-1.976465,
-0.938847,
-0.206387,
-1.108954,
-1.979211,
-0.941184,
-0.208126,
-1.112859,
-1.981166,
-0.943165,
-0.209257,
-1.115178,
-1.983437,
-0.945405,
-0.210669,
-1.118149,
-1.985786,
-0.947394,
-0.211909,
-1.121124,
-1.987886,
-0.949100,
-0.213000,
-1.123347,
-1.989783,
-0.950750,
-0.214011,
-1.125443,
-1.991710,
-0.952700,
-0.215028,
-1.127940,
-1.993637,
-0.954571,
-0.216059,
-1.130381,
-1.995362,
-0.956210,
-0.216911,
-1.132541,
-1.996451,
-0.957544,
-0.216907,
-1.132812,
-1.997457,
-0.958835,
-0.216960,
-1.133102,
-1.998426,
-0.959875,
-0.217070,
-1.133456,
-2.000006,
-0.961260,
-0.217573,
-1.134941,
-2.001847,
-0.962584,
-0.218166,
-1.136529,
-2.003793,
-0.963905,
-0.218857,
-1.138102,
-2.004431,
-0.965146,
-0.218707,
-1.137966,
-2.005373,
-0.966527,
-0.218826,
-1.138931,
-2.006530,
-0.967892,
-0.219145,
-1.140142,
-2.007485,
-0.969047,
-0.219280,
-1.140695,
-2.008427,
-0.970059,
-0.219439,
-1.141245,
-2.009366,
-0.971067,
-0.219684,
-1.141968,
-2.010193,
-0.971875,
-0.219938,
-1.142616,
-2.011704,
-0.972637,
-0.220314,
-1.143540,
-2.013132,
-0.973342,
-0.220720,
-1.144341,
-2.014445,
-0.974055,
-0.221036,
-1.144941,
-2.016799,
-0.975364,
-0.222725,
-1.147334,
-2.019176,
-0.976793,
-0.224164,
-1.150030,
-2.021670,
-0.978125,
-0.225731,
-1.153232,
-2.024699,
-0.979844,
-0.227824,
-1.157419,
-2.028140,
-0.981883,
-0.230491,
-1.162428,
-2.032300,
-0.984337,
-0.233321,
-1.168332,
-2.037123,
-0.987122,
-0.236749,
-1.175846,
-2.041604,
-0.989903,
-0.239822,
-1.182833,
-2.046430,
-0.993181,
-0.243162,
-1.190628,
-2.050863,
-0.996196,
-0.246040,
-1.197763,
-2.055133,
-0.998977,
-0.248864,
-1.204347,
-2.058668,
-1.001475,
-0.251138,
-1.210110,
-2.061887,
-1.003707,
-0.253046,
-1.215398,
-2.064830,
-1.005799,
-0.254754,
-1.220174,
-2.067453,
-1.007594,
-0.256232,
-1.224124,
-2.070182,
-1.009561,
-0.257684,
-1.228336,
-2.072266,
-1.011312,
-0.258171,
-1.231226,
-2.074387,
-1.012998,
-0.258699,
-1.233884,
-2.076968,
-1.014755,
-0.259793,
-1.237412,
-2.079055,
-1.016393,
-0.260426,
-1.239655,
-2.081226,
-1.018455,
-0.261048,
-1.242055,
-2.083075,
-1.020224,
-0.261318,
-1.243659,
-2.086228,
-1.022079,
-0.263561,
-1.246619,
-2.087618,
-1.023076,
-0.264204,
-1.246641,
-2.088919,
-1.023991,
-0.264766,
-1.246774,
-2.090145,
-1.024950,
-0.265232,
-1.247097,
-2.091455,
-1.025937,
-0.265900,
-1.247960,
-2.093965,
-1.027229,
-0.266946,
-1.250427,
-2.096168,
-1.028120,
-0.267813,
-1.252320,
-2.098421,
-1.029162,
-0.268736,
-1.254593,
-2.100533,
-1.030223,
-0.269983,
-1.257003,
-2.102237,
-1.031212,
-0.270847,
-1.258929,
-2.103757,
-1.032281,
-0.271608,
-1.260750,
-2.105311,
-1.033222,
-0.272420,
-1.262443,
-2.106697,
-1.034125,
-0.272975,
-1.263888,
-2.109296,
-1.035824,
-0.274256,
-1.267079,
-2.111856,
-1.037452,
-0.275523,
-1.270173,
-2.114680,
-1.039046,
-0.276716,
-1.273586,
-2.116813,
-1.040425,
-0.277329,
-1.275504,
-2.118778,
-1.041767,
-0.277903,
-1.277272,
-2.120801,
-1.043114,
-0.278477,
-1.279240,
-2.123168,
-1.044357,
-0.279092,
-1.281718,
-2.125391,
-1.045420,
-0.279592,
-1.283697,
-2.127611,
-1.046436,
-0.280097,
-1.285710,
-2.129313,
-1.047111,
-0.280303,
-1.287245,
-2.132031,
-1.048103,
-0.281420,
-1.290956,
-2.134525,
-1.048856,
-0.282367,
-1.294013,
-2.137064,
-1.049620,
-0.283406,
-1.297065,
-2.139653,
-1.050401,
-0.284606,
-1.300378,
-2.142227,
-1.051450,
-0.285595,
-1.303737,
-2.144669,
-1.052592,
-0.286659,
-1.307078,
-2.147550,
-1.053754,
-0.287998,
-1.311199,
-2.150467,
-1.055360,
-0.289460,
-1.315508,
-2.153213,
-1.057070,
-0.290844,
-1.319669,
-2.155925,
-1.058695,
-0.292241,
-1.323675,
-2.158954,
-1.060561,
-0.294350,
-1.328672,
-2.161722,
-1.062179,
-0.296351,
-1.333146,
-2.164203,
-1.063537,
-0.298001,
-1.336826,
-2.166788,
-1.064894,
-0.299426,
-1.340323,
-2.169379,
-1.066325,
-0.300765,
-1.343919,
-2.171260,
-1.067605,
-0.301656,
-1.346022,
-2.174468,
-1.068970,
-0.302835,
-1.349741,
-2.176115,
-1.069828,
-0.303374,
-1.351845,
-2.177764,
-1.070778,
-0.304066,
-1.354109,
-2.179234,
-1.071631,
-0.304665,
-1.356111,
-2.180599,
-1.072281,
-0.305286,
-1.357892,
-2.183453,
-1.073045,
-0.307012,
-1.361492,
-2.186097,
-1.073813,
-0.308550,
-1.364844,
-2.188828,
-1.074537,
-0.310116,
-1.368018,
-2.191496,
-1.075199,
-0.311617,
-1.371240,
-2.194126,
-1.076034,
-0.313200,
-1.374469,
-2.196625,
-1.076820,
-0.314622,
-1.377524,
-2.199184,
-1.077641,
-0.316144,
-1.380704,
-2.201476,
-1.078408,
-0.317505,
-1.383443,
-2.203629,
-1.079079,
-0.318720,
-1.385917,
-2.205686,
-1.079618,
-0.319861,
-1.388065,
-2.207494,
-1.079994,
-0.320851,
-1.389842,
-2.209242,
-1.080271,
-0.321779,
-1.391506,
-2.210897,
-1.080676,
-0.322659,
-1.393206,
-2.212516,
-1.081072,
-0.323637,
-1.394792,
-2.213794,
-1.081099,
-0.324368,
-1.395569,
-2.215775,
-1.081408,
-0.325470,
-1.397710,
-2.217553,
-1.081728,
-0.326506,
-1.399583,
-2.219262,
-1.082145,
-0.327557,
-1.401652,
-2.221056,
-1.082837,
-0.328827,
-1.403956,
-2.222930,
-1.083458,
-0.330024,
-1.406241,
-2.224816,
-1.084136,
-0.331300,
-1.408551,
-2.226642,
-1.084839,
-0.332509,
-1.411009,
-2.231748,
-1.086539,
-0.335496,
-1.423440,
-2.236524,
-1.088163,
-0.338425,
-1.434850,
-2.241179,
-1.089786,
-0.341302,
-1.445638,
-2.245309,
-1.091260,
-0.343815,
-1.455276,
-2.248943,
-1.092486,
-0.346081,
-1.463750,
-2.252468,
-1.093776,
-0.348236,
-1.471801,
-2.256030,
-1.095118,
-0.350304,
-1.479523,
-2.259553,
-1.096134,
-0.352252,
-1.486554,
-2.262947,
-1.096977,
-0.354209,
-1.492869,
-2.266096,
-1.097715,
-0.356045,
-1.498601,
-2.269602,
-1.098319,
-0.358050,
-1.504440,
-2.273576,
-1.099236,
-0.360447,
-1.510851,
-2.277382,
-1.100146,
-0.362752,
-1.516948,
-2.280860,
-1.101003,
-0.364993,
-1.522646,
-2.284109,
-1.101835,
-0.367060,
-1.527798,
-2.287320,
-1.102669,
-0.369086,
-1.532746,
-2.290331,
-1.103464,
-0.371092,
-1.537350,
-2.293080,
-1.104209,
-0.372949,
-1.541588,
-2.296605,
-1.105199,
-0.374671,
-1.546749,
-2.299867,
-1.106089,
-0.376309,
-1.551446,
-2.302890,
-1.107042,
-0.377831,
-1.555832,
-2.305736,
-1.107934,
-0.379320,
-1.559906,
-2.308717,
-1.109252,
-0.380834,
-1.564399,
-2.311575,
-1.110516,
-0.382247,
-1.568749,
-2.314336,
-1.111720,
-0.383713,
-1.573056,
-2.316966,
-1.112766,
-0.384994,
-1.577025,
-2.319594,
-1.113767,
-0.386155,
-1.580960,
-2.322023,
-1.114690,
-0.387154,
-1.584569,
-2.324263,
-1.115560,
-0.388104,
-1.587880,
-2.326335,
-1.116388,
-0.388974,
-1.590837,
-2.328258,
-1.117174,
-0.389753,
-1.593659,
-2.330080,
-1.117911,
-0.390480,
-1.596383,
-2.331832,
-1.118642,
-0.391178,
-1.599017,
-2.333616,
-1.119239,
-0.391951,
-1.601598,
-2.335231,
-1.119769,
-0.392626,
-1.603879,
-2.337114,
-1.120275,
-0.393434,
-1.606237,
-2.339480,
-1.120989,
-0.394390,
-1.609256,
-2.341631,
-1.121472,
-0.395355,
-1.611913,
-2.343602,
-1.122030,
-0.396289,
-1.614308,
-2.345421,
-1.122510,
-0.397178,
-1.616449,
-2.347418,
-1.123049,
-0.398176,
-1.618701,
-2.349894,
-1.123635,
-0.399374,
-1.621711,
-2.352459,
-1.124217,
-0.400599,
-1.624861,
-2.354883,
-1.124758,
-0.401730,
-1.627723,
-2.357161,
-1.125339,
-0.402804,
-1.630495,
-2.359689,
-1.125885,
-0.404077,
-1.633488,
-2.362073,
-1.126513,
-0.405318,
-1.636331,
-2.364191,
-1.126963,
-0.406436,
-1.638839,
-2.366431,
-1.127489,
-0.407622,
-1.641495,
-2.368501,
-1.127981,
-0.408792,
-1.643956,
-2.370605,
-1.128511,
-0.410028,
-1.646412,
-2.372872,
-1.129050,
-0.411260,
-1.649002,
-2.375040,
-1.129598,
-0.412470,
-1.651468,
-2.377028,
-1.130115,
-0.413578,
-1.653708,
-2.378864,
-1.130633,
-0.414566,
-1.655806,
-2.380812,
-1.131178,
-0.415501,
-1.658063,
-2.382740,
-1.131770,
-0.416492,
-1.660362,
-2.384329,
-1.132131,
-0.417324,
-1.662269,
-2.385986,
-1.132505,
-0.418220,
-1.664160,
-2.387585,
-1.132844,
-0.419099,
-1.665950,
-2.389055,
-1.133176,
-0.419860,
-1.667534,
-2.390389,
-1.133494,
-0.420537,
-1.668964,
-2.391691,
-1.133844,
-0.421248,
-1.670442,
-2.392874,
-1.134198,
-0.421895,
-1.671797,
-2.394017,
-1.134533,
-0.422496,
-1.673115,
-2.395129,
-1.134832,
-0.423076,
-1.674365,
-2.396310,
-1.135160,
-0.423689,
-1.675647,
-2.397654,
-1.135509,
-0.424260,
-1.677160,
-2.398896,
-1.135900,
-0.424819,
-1.678678,
-2.399970,
-1.136215,
-0.425281,
-1.679915,
-2.400885,
-1.136468,
-0.425627,
-1.680919,
-2.401803,
-1.136716,
-0.426035,
-1.681894,
-2.402674,
-1.136974,
-0.426449,
-1.682813,
-2.403637,
-1.137600,
-0.426879,
-1.684061,
-2.404550,
-1.138274,
-0.427351,
-1.685330,
-2.405563,
-1.139301,
-0.427943,
-1.687068,
-2.406615,
-1.140500,
-0.428555,
-1.689153,
-2.407685,
-1.141607,
-0.429168,
-1.691167,
-2.408760,
-1.142695,
-0.429860,
-1.693288,
-2.409883,
-1.143711,
-0.430561,
-1.695384,
-2.411162,
-1.144901,
-0.431377,
-1.697490,
-2.412320,
-1.145963,
-0.432111,
-1.699381,
-2.413452,
-1.146957,
-0.432845,
-1.701199,
-2.414580,
-1.147968,
-0.433635,
-1.703031,
-2.415678,
-1.148876,
-0.434417,
-1.704790,
-2.417287,
-1.149838,
-0.435705,
-1.707595,
-2.418817,
-1.150758,
-0.436950,
-1.710296,
-2.420192,
-1.151572,
-0.438107,
-1.712718,
-2.421583,
-1.152326,
-0.439318,
-1.715134,
-2.422786,
-1.152902,
-0.440142,
-1.717072,
-2.423811,
-1.153490,
-0.440881,
-1.718449,
-2.424788,
-1.153991,
-0.441469,
-1.719525,
-2.425869,
-1.154540,
-0.442126,
-1.720749,
-2.427009,
-1.155064,
-0.442941,
-1.722114,
-2.428144,
-1.155601,
-0.443745,
-1.723495,
-2.429452,
-1.156203,
-0.444583,
-1.725112,
-2.431096,
-1.156859,
-0.445632,
-1.727274,
-2.432634,
-1.157524,
-0.446730,
-1.729411,
-2.434082,
-1.158180,
-0.447806,
-1.731472,
-2.435449,
-1.158769,
-0.448745,
-1.733124,
-2.436930,
-1.159415,
-0.449685,
-1.734965,
-2.438366,
-1.160019,
-0.450669,
-1.736824,
-2.439665,
-1.160580,
-0.451559,
-1.738114,
-2.441186,
-1.161112,
-0.452563,
-1.739699,
-2.442953,
-1.161642,
-0.453759,
-1.741594,
-2.444716,
-1.162121,
-0.454946,
-1.743508,
-2.446339,
-1.162637,
-0.456122,
-1.745409,
-2.448086,
-1.163221,
-0.457423,
-1.747640,
-2.449781,
-1.163770,
-0.458810,
-1.749749,
-2.451394,
-1.164277,
-0.460130,
-1.751710,
-2.452945,
-1.164862,
-0.461489,
-1.753719,
-2.454526,
-1.165387,
-0.462807,
-1.755713,
-2.456020,
-1.166034,
-0.464020,
-1.757826,
-2.457445,
-1.166646,
-0.465205,
-1.759816,
-2.458840,
-1.167226,
-0.466319,
-1.761761,
-2.460110,
-1.167736,
-0.467304,
-1.763521,
-2.461279,
-1.168246,
-0.468200,
-1.765145,
-2.462401,
-1.168715,
-0.469043,
-1.766683,
-2.463520,
-1.169129,
-0.469816,
-1.768142,
-2.464712,
-1.169629,
-0.470654,
-1.769817,
-2.465793,
-1.170037,
-0.471382,
-1.771285,
-2.467024,
-1.170497,
-0.472232,
-1.773125,
-2.468213,
-1.170952,
-0.473063,
-1.774885,
-2.469358,
-1.171417,
-0.473833,
-1.776778,
-2.470479,
-1.171913,
-0.474602,
-1.778608,
-2.471640,
-1.172451,
-0.475445,
-1.780620,
-2.472837,
-1.173058,
-0.476265,
-1.782756,
-2.474076,
-1.173716,
-0.477073,
-1.784986,
-2.475294,
-1.174368,
-0.477861,
-1.787139,
-2.476529,
-1.175038,
-0.478657,
-1.789337,
-2.477685,
-1.175750,
-0.479419,
-1.791457,
-2.478771,
-1.176398,
-0.480169,
-1.793400,
-2.479749,
-1.176958,
-0.480794,
-1.794808,
-2.480592,
-1.177395,
-0.481322,
-1.795842,
-2.481294,
-1.177708,
-0.481740,
-1.796710,
-2.481963,
-1.177983,
-0.482107,
-1.797543,
-2.482719,
-1.178288,
-0.482465,
-1.798596,
-2.483575,
-1.178622,
-0.482866,
-1.799723,
-2.484145,
-1.179059,
-0.483041,
-1.800344,
-2.484680,
-1.179455,
-0.483199,
-1.800875,
-2.485162,
-1.179833,
-0.483312,
-1.801321,
-2.485741,
-1.180295,
-0.483514,
-1.802003,
-2.486182,
-1.180664,
-0.483583,
-1.802365,
-2.486574,
-1.180984,
-0.483641,
-1.802593,
-2.486967,
-1.181251,
-0.483696,
-1.802682,
-2.487318,
-1.181465,
-0.483697,
-1.802690,
-2.487853,
-1.181726,
-0.483763,
-1.802950,
-2.488418,
-1.181888,
-0.484100,
-1.803208,
-2.489272,
-1.182139,
-0.484562,
-1.803970,
-2.490386,
-1.182503,
-0.484914,
-1.805226,
-2.491547,
-1.182851,
-0.485311,
-1.806513,
-2.492916,
-1.183306,
-0.486041,
-1.808372,
-2.494202,
-1.183856,
-0.486759,
-1.810221,
-2.495755,
-1.184519,
-0.487804,
-1.812858,
-2.497209,
-1.185277,
-0.488760,
-1.815375,
-2.498761,
-1.186054,
-0.489732,
-1.817933,
-2.500315,
-1.186810,
-0.490720,
-1.820596,
-2.501722,
-1.187531,
-0.491599,
-1.822298,
-2.502898,
-1.187990,
-0.492227,
-1.823588,
-2.504267,
-1.188603,
-0.492900,
-1.825116,
-2.505697,
-1.189226,
-0.493564,
-1.826919,
-2.507062,
-1.189753,
-0.494180,
-1.828654,
-2.508293,
-1.190294,
-0.494734,
-1.830173,
-2.509599,
-1.190909,
-0.495422,
-1.831959,
-2.510936,
-1.191475,
-0.496152,
-1.834012,
-2.512115,
-1.191987,
-0.496752,
-1.835823,
-2.513233,
-1.192466,
-0.497368,
-1.837562,
-2.514232,
-1.192906,
-0.497879,
-1.839099,
-2.514999,
-1.193197,
-0.498285,
-1.840016,
-2.515736,
-1.193574,
-0.498663,
-1.840998,
-2.516400,
-1.193898,
-0.498949,
-1.841835,
-2.516463,
-1.194150,
-0.499126,
-1.841994,
-2.516676,
-1.194475,
-0.499442,
-1.842152,
-2.516907,
-1.194757,
-0.499725,
-1.842338,
