0.001332,0.000913,-0.002879,-0.010850,0.022980,0.039613,0.007315,0.024552,0.001791,-0.024801,-0.099960,-0.069874,-0.020370,-0.176085,0.001297,
0.001791,0.002332,0.017714,-0.016641,0.032821,0.018331,0.018651,0.006424,0.003509,-0.035391,-0.086950,-0.083014,-0.029582,-0.130876,0.006204,
-0.000787,-0.002141,-0.003957,-0.008611,0.038818,-0.014810,-0.001668,0.017785,-0.002181,-0.004366,-0.053548,-0.058219,-0.013103,-0.083113,-0.011668,
-0.001124,-0.001794,-0.002946,-0.015704,0.013751,-0.018779,-0.005915,0.028994,-0.001864,-0.001540,-0.068194,-0.044822,-0.008400,-0.128273,-0.038416,
-0.000685,-0.000551,-0.014586,-0.001060,0.020217,-0.011488,-0.000739,0.063215,-0.000338,0.007175,-0.057064,-0.047934,0.000060,-0.032866,-0.002794,
-0.000106,-0.001208,0.010035,-0.008345,0.010260,-0.024403,-0.013231,-0.027313,-0.001088,-0.017324,-0.010773,-0.035476,-0.007230,-0.052711,-0.025188,
-0.000213,-0.002715,0.008191,-0.008055,-0.033509,0.029517,-0.003759,0.023815,-0.002304,-0.014347,-0.075181,-0.087584,-0.009159,-0.037433,-0.004582,
0.000390,-0.000352,0.034553,-0.006492,0.024972,-0.023928,-0.011858,-0.002389,-0.000314,-0.043376,0.035656,-0.140129,-0.040004,0.073340,0.007215,
-0.000724,-0.000412,0.005902,-0.010223,0.032543,0.002787,0.000145,0.026864,-0.000273,-0.013216,-0.041780,-0.057584,-0.016800,-0.013514,-0.012260,
-0.001482,0.000079,-0.001672,-0.013398,0.021557,-0.051004,0.018579,0.017812,0.000206,-0.007841,-0.026987,-0.038742,-0.007222,-0.026220,-0.023238,
-0.000457,-0.000838,0.010222,-0.002976,0.037702,-0.034394,0.009697,0.042004,-0.000648,-0.016101,-0.022277,-0.075746,-0.018344,0.015853,0.012713,
0.001299,-0.000090,0.006648,-0.013050,0.001701,0.035217,-0.023514,0.018883,-0.000323,-0.010688,-0.044788,0.024242,0.009673,-0.049696,-0.037657,
-0.000016,-0.002307,0.016347,-0.002975,0.002454,-0.033712,0.001638,-0.010387,-0.001992,-0.016468,-0.031298,-0.037593,-0.000158,-0.041064,-0.045787,
0.000333,-0.002249,-0.003334,-0.010502,-0.002909,-0.039124,0.008472,-0.003480,-0.002425,0.004637,0.042503,0.025889,0.001212,0.045758,-0.008259,
0.000448,-0.004190,-0.006638,-0.006287,0.006072,-0.016836,-0.006224,0.013570,-0.005327,-0.000899,-0.002111,0.004921,0.004253,0.034575,-0.004674,
-0.001705,-0.001793,0.000202,-0.013767,0.080150,-0.032527,0.033725,-0.059526,0.004501,-0.004615,0.085710,0.008292,0.000028,0.054731,-0.060260,
0.002478,0.000382,0.015726,-0.007409,0.020821,-0.062103,-0.022600,-0.062635,0.001129,-0.016855,0.106933,-0.001964,-0.005274,0.057496,-0.078084,
-0.000020,-0.002288,-0.013729,-0.007837,-0.013026,-0.018513,0.018062,0.033891,-0.003421,0.008227,-0.045001,0.010316,0.005620,-0.005194,-0.013335,
0.003367,-0.003282,-0.005012,-0.000012,-0.015607,-0.049189,0.002764,0.089349,-0.004254,0.002277,-0.023160,0.057820,0.012210,0.034122,0.002455,
0.000435,0.001307,-0.007828,-0.000212,-0.002928,-0.042216,0.027552,-0.000024,-0.000286,0.016085,-0.014561,0.019499,-0.003895,0.050601,-0.018457,
-0.004413,0.004986,0.028490,-0.007412,0.018471,-0.016596,-0.034294,0.021915,0.005620,-0.039990,0.026357,-0.034326,-0.035485,0.046754,-0.016978,
-0.002203,-0.002600,-0.035272,-0.017357,-0.073072,0.097343,0.025084,-0.076553,-0.018136,0.026593,0.162280,0.054286,0.017033,0.092913,-0.093888,
0.002617,-0.001034,-0.015653,-0.002038,-0.016983,0.014310,0.014587,0.000054,-0.000412,-0.004660,0.018639,0.027654,0.009187,0.022552,0.003359,
0.002557,-0.002124,-0.010507,0.000276,-0.003328,-0.037301,0.010276,0.025527,-0.003302,0.003986,-0.040418,-0.004104,-0.001800,0.018206,0.014125,
-0.002203,-0.000680,0.011024,-0.008299,-0.004043,-0.031991,-0.005915,0.060589,-0.000988,-0.005615,-0.032891,-0.048138,-0.015038,0.051861,0.028814,
0.007128,-0.003687,0.003191,0.003607,0.005797,-0.084140,-0.001204,0.009576,-0.003985,0.015691,-0.106759,0.007319,-0.000670,-0.031275,0.007541,
-0.001492,-0.000787,0.007283,-0.007236,-0.014084,-0.030756,-0.003364,0.036819,-0.001037,-0.006362,-0.031796,0.022993,0.002614,0.004971,0.005818,
0.004600,-0.001815,-0.004487,0.004440,-0.020690,-0.040695,-0.020149,-0.013641,-0.000297,0.003095,-0.056250,0.031030,0.004386,-0.009753,0.015736,
0.004634,-0.004186,-0.009886,-0.021109,-0.015813,-0.027600,0.006596,0.029118,-0.003514,0.013278,-0.041118,0.042226,0.001982,0.009135,0.022406,
-0.003020,0.009259,0.031160,-0.013035,0.008012,0.032597,0.002846,0.023875,0.013035,-0.028717,0.038978,-0.014080,-0.023872,0.016156,-0.009799,
0.004087,0.001220,-0.003610,-0.013603,-0.019233,-0.016693,0.002144,0.014024,0.002148,-0.009198,-0.024742,0.001097,-0.006855,0.026827,0.050251,
0.000561,0.001634,0.008986,-0.002820,-0.001026,-0.019456,-0.008284,0.036422,-0.002180,0.008327,-0.007834,0.002862,0.002692,0.035565,0.013302,
0.004603,-0.001036,0.000623,-0.020213,0.007318,0.004170,-0.006221,0.026138,-0.002270,0.016392,0.018645,0.024973,0.009878,0.058833,-0.008228,
-0.000805,0.004141,0.006063,-0.002389,-0.001188,-0.025832,0.000565,0.000950,0.002185,-0.000568,-0.014297,0.001003,-0.015379,0.028383,-0.016288,
0.004264,0.000299,0.002962,-0.001778,0.008286,-0.037649,-0.002421,-0.006017,-0.001767,-0.006194,-0.049830,-0.012970,-0.000385,0.037746,0.031124,
-0.003220,-0.002044,-0.001864,0.009574,-0.003222,-0.006201,-0.000122,0.004460,-0.001227,0.006026,0.027107,-0.005183,0.008316,0.037474,-0.005519,
0.002963,0.003169,-0.021243,0.005420,-0.055546,0.006774,0.012248,-0.036705,0.005131,-0.002303,-0.013542,0.016915,0.012929,-0.012163,0.016541,
-0.000742,0.003609,0.005533,-0.004574,-0.007231,-0.004163,-0.008854,0.018329,0.002659,-0.011747,-0.005240,-0.046300,0.000127,0.001371,-0.005447,
0.001697,-0.000032,-0.019146,-0.002789,-0.011721,0.004513,0.000341,0.016609,-0.000406,0.000770,0.013739,-0.002793,-0.002295,0.039134,0.014819,
0.001371,-0.002772,-0.009168,0.007761,0.005023,-0.017243,0.019770,-0.020505,-0.003987,-0.005701,-0.009522,0.016366,0.009612,0.031895,0.010375,
0.002956,-0.006071,0.003694,-0.006442,0.004867,-0.011361,0.006317,0.006261,-0.010910,0.025288,0.005061,0.043711,0.007920,0.013892,0.008799,
-0.004185,-0.002200,-0.030843,0.004682,-0.048320,0.028194,0.010147,-0.032421,-0.011365,0.028032,0.084188,0.000706,0.011704,0.045289,-0.035779,
0.003475,0.001686,-0.011717,0.011115,-0.019876,-0.038362,-0.000441,-0.012212,-0.004923,0.014176,0.006369,-0.002165,0.011623,0.033537,-0.000219,
-0.000689,-0.002211,0.001354,-0.007454,-0.000975,-0.033008,0.018563,0.021939,-0.011687,0.017938,-0.037043,0.011073,-0.010592,0.004692,0.007809,
0.000544,-0.003626,-0.004325,0.000623,-0.001324,-0.015914,0.001503,0.001935,-0.004800,0.008212,0.009534,0.019479,0.006946,0.020830,0.012047,
0.001130,-0.001301,-0.007702,0.005133,-0.035908,0.001667,0.018721,-0.032549,-0.009886,0.016907,0.008507,0.034451,0.008244,0.023865,0.009744,
0.000586,0.003098,-0.009405,0.006835,-0.016702,-0.020874,0.013279,-0.007971,-0.001418,0.022407,0.041169,0.023809,0.008546,0.033720,-0.004199,
0.000950,-0.001751,-0.012670,-0.000077,0.027247,-0.023721,0.007363,-0.019110,-0.003163,0.009126,-0.004477,-0.024816,-0.000199,0.019925,-0.012594,
-0.002766,0.003164,-0.001198,0.000598,0.013760,-0.036256,-0.012235,-0.028408,0.002073,-0.005721,-0.030987,-0.026465,-0.008871,0.011430,0.008708,
0.001000,0.000283,-0.006026,-0.000183,-0.024088,0.003234,0.018678,0.002856,-0.008158,0.011599,0.014723,0.024986,-0.000509,0.018852,0.023715,
0.001703,-0.003517,-0.013087,-0.002427,0.002198,-0.028420,0.005868,-0.004403,-0.002084,0.005340,-0.017112,0.025527,-0.000752,0.011004,0.004700,
-0.003838,0.002419,-0.004487,0.005081,-0.024564,0.004882,-0.013418,-0.020907,0.004101,-0.003245,0.039648,-0.028177,-0.010251,0.019083,-0.026093,
0.001990,-0.001987,-0.003511,-0.000068,0.013056,-0.041970,-0.007852,0.011746,-0.003842,0.001973,-0.040452,-0.008220,-0.003625,-0.000750,-0.004762,
-0.006949,0.006392,0.017171,0.002197,-0.006028,-0.029453,-0.016653,-0.017145,0.005413,-0.013642,0.010526,-0.042817,-0.012916,0.028479,-0.000131,
-0.001241,0.003963,-0.054962,-0.040333,-0.020676,0.138734,0.015781,-0.049921,-0.015868,0.035642,0.115949,0.022437,-0.030419,-0.029359,-0.108254,
0.000887,-0.001921,-0.005966,-0.000770,0.024181,-0.021551,0.009456,0.005910,-0.002122,-0.000389,-0.023465,-0.022509,-0.001496,0.015460,0.001947,
0.002321,-0.011732,0.004635,0.002171,-0.042076,0.034872,-0.019563,0.041954,-0.000004,-0.005681,-0.023007,-0.030854,-0.007838,0.010782,0.019946,
-0.000188,-0.007052,0.006683,-0.045293,0.032037,0.000377,0.016792,0.043824,-0.006355,-0.043107,0.056838,-0.089104,-0.041112,0.063507,0.017771,
-0.004052,0.004643,0.021224,-0.000320,0.027505,-0.053575,-0.011574,-0.022739,0.002602,0.000103,-0.035644,-0.018727,-0.018940,0.009381,0.003733,
-0.000522,0.001035,0.000349,-0.004905,0.046194,-0.055678,-0.014574,-0.014589,-0.001793,-0.005951,-0.038170,-0.003651,-0.009256,0.018287,-0.008285,
0.000313,0.001821,0.001660,-0.004009,0.008472,-0.027912,0.001454,-0.005026,-0.003271,0.000485,-0.023692,-0.000563,-0.004172,-0.007383,-0.017983,
0.000132,0.010688,0.000751,0.002390,-0.016160,-0.039023,-0.002237,-0.003015,-0.001357,-0.002274,0.003901,-0.010947,-0.000282,0.022842,0.008915,
-0.003446,0.004096,0.000854,0.011241,0.002402,0.032029,0.004256,-0.018045,0.002750,0.001472,0.066204,0.013400,0.006724,0.032659,-0.028001,
0.003562,-0.006707,-0.005849,-0.006564,0.046292,-0.055319,0.002063,0.022220,-0.010299,0.013736,-0.059897,0.032911,0.000455,0.009950,0.045409,
-0.002785,0.001446,0.017569,-0.002458,-0.008380,-0.007935,-0.024095,-0.009279,-0.002512,-0.008045,0.010692,-0.063582,-0.014560,0.004873,-0.018550,
0.001317,-0.001770,0.008859,-0.000605,0.006106,-0.020825,-0.005871,0.030031,-0.003877,0.005520,0.007070,0.011820,-0.000495,0.002563,-0.015965,
0.003555,-0.007503,-0.001312,0.002525,0.021421,-0.045357,0.005432,0.020271,-0.009459,0.004814,-0.048783,-0.017597,-0.002672,-0.005658,-0.019137,
0.002797,0.001461,-0.005500,-0.008408,0.015171,-0.068888,-0.002587,-0.013169,-0.004448,0.002904,-0.027570,-0.001626,-0.001850,0.017023,-0.000645,
0.003439,-0.005768,0.002816,0.007365,0.020478,-0.073068,0.000739,-0.005315,-0.007822,-0.001223,-0.097084,0.027377,-0.000207,-0.042340,-0.017476,
0.002729,-0.007013,-0.001558,-0.000723,-0.011050,-0.006792,0.004821,0.012488,-0.005499,0.003879,-0.003733,0.009494,-0.001360,0.005428,0.014354,
0.000016,-0.002632,-0.018602,0.000018,-0.003091,-0.011578,0.005168,0.012105,-0.001389,0.002442,0.016163,0.010538,0.000114,0.004599,-0.019092,
0.001102,0.002503,0.005856,-0.002110,-0.011657,-0.003390,0.009330,0.007461,0.001674,-0.000341,-0.000112,-0.035102,-0.012792,0.021511,0.015939,
0.003735,-0.003878,0.002872,-0.003316,-0.023329,-0.009201,0.007991,0.001602,-0.002659,0.008847,-0.016946,0.029849,-0.013350,0.002378,0.001242,
-0.001387,0.011598,0.007891,0.008488,-0.044899,0.044717,-0.002365,0.006809,0.012142,-0.010971,0.058623,-0.010704,-0.006504,0.019947,-0.004875,
0.000374,-0.004695,-0.008383,-0.015606,-0.165244,-0.056918,0.003965,0.036663,-0.011965,0.026133,-0.043093,0.014472,-0.028720,-0.004288,0.051312,
-0.005251,0.021456,-0.003007,0.013364,-0.034565,0.009576,0.003795,0.013903,0.022907,-0.012827,0.069106,0.006351,0.004840,0.049434,-0.042398,
0.002728,-0.005489,-0.008187,0.006040,-0.015991,0.033224,0.011503,-0.011395,-0.006281,0.000580,0.038339,0.022348,0.002997,0.020406,0.006533,
0.003402,0.004153,-0.003271,0.000799,-0.103042,0.082333,0.007325,0.016497,0.002049,0.002842,0.028622,-0.007988,-0.006029,0.001679,0.004554,
-0.000081,0.003133,0.005754,0.001574,-0.020570,0.035681,0.010646,0.024424,0.001384,-0.001409,0.069579,-0.000088,-0.002384,0.000125,0.026399,
0.001145,0.009644,0.005011,0.004018,-0.075562,0.065444,0.003788,0.003073,0.006907,0.003766,0.061353,-0.005327,-0.006495,0.054812,-0.039566,
-0.001265,0.006729,0.016982,-0.004919,-0.062263,0.004574,-0.022614,0.047668,0.004355,0.007918,0.018160,-0.049919,-0.017206,-0.010426,-0.021037,
0.000041,0.001778,0.007323,0.000776,-0.005964,-0.019605,0.003342,0.012827,0.000582,0.002963,0.014071,-0.009727,0.002145,0.017042,0.024685,
0.009387,-0.017618,-0.005263,-0.007588,0.034121,-0.048895,-0.004259,-0.012525,-0.017033,0.017629,-0.063268,0.006336,0.005116,0.009232,0.028084,
0.007084,-0.012848,-0.007635,-0.007945,0.027740,-0.069578,0.012842,0.001336,-0.010938,0.002147,-0.059877,0.010298,-0.006329,0.018835,0.029700,
-0.001982,0.001184,0.010828,0.000115,-0.010819,-0.016100,-0.002355,0.000226,0.005704,-0.006561,0.015098,-0.014792,0.002580,0.009963,0.008188,
0.001851,-0.000311,-0.001156,-0.000592,0.023610,0.010297,0.004789,0.007395,0.000041,0.002920,-0.004183,0.007010,-0.000515,0.021535,-0.005511,
0.002880,-0.001561,-0.000004,-0.002576,0.005514,-0.017714,-0.000027,0.012393,0.000503,0.000113,-0.020014,-0.020431,-0.002630,0.013699,0.024707,
0.000213,0.001087,-0.001433,0.001216,-0.009090,-0.018721,-0.020140,-0.003628,0.000538,0.002604,-0.015002,0.001076,0.005172,0.016431,0.019198,
0.005682,-0.013843,-0.008562,-0.000846,0.064172,-0.069322,0.000425,-0.008349,-0.006734,0.010010,-0.093293,0.004294,-0.001955,0.022402,0.012176,
0.002855,0.002599,0.010521,0.003227,-0.001568,-0.083132,0.005454,-0.006815,0.002702,0.011030,-0.058711,0.004376,-0.007954,0.024434,-0.005364,
0.000179,0.002113,0.013942,-0.001846,0.028085,-0.003733,-0.002388,0.011684,0.003460,0.010659,-0.018787,0.007766,-0.014011,-0.016596,-0.009319,
0.006655,-0.002846,-0.006553,-0.002103,0.044993,-0.049620,0.002928,0.007084,-0.001555,-0.003813,-0.040537,-0.000929,-0.002814,0.003031,0.027587,
-0.004826,0.008434,-0.012121,0.004183,0.018265,-0.004152,-0.002376,0.010827,0.012707,0.001836,0.017903,0.018594,0.000221,0.004962,0.005901,
0.002807,-0.006258,-0.004615,0.002408,0.035127,-0.047438,0.008469,0.002957,-0.005275,0.007803,-0.030633,0.003014,0.000020,0.006716,0.011053,
0.000265,0.004569,-0.004067,-0.000391,-0.034946,-0.013104,0.012263,0.020757,0.001071,0.007239,0.010886,0.000604,0.000351,0.020843,0.038952,
-0.005787,0.010094,-0.006159,0.006604,-0.012383,0.005013,0.006148,0.004308,0.017184,-0.006793,0.050071,-0.000015,-0.003780,0.048669,0.015328,
-0.001305,0.002395,0.002532,-0.000094,-0.041382,-0.037814,0.010424,0.007246,0.006516,-0.004982,0.000547,-0.008337,-0.001119,0.031896,0.039053,
-0.010824,0.025426,-0.005856,0.015467,-0.086439,0.032639,0.013780,-0.003412,0.018273,0.008924,0.112409,-0.006946,0.040447,0.071506,-0.016316,
0.008983,0.002097,0.027378,-0.007422,0.055160,-0.008509,0.013358,-0.011437,-0.016466,-0.032411,0.021790,0.025494,0.028420,0.055618,0.024831,
0.003628,-0.016127,-0.020707,-0.003721,0.069617,-0.027751,0.009285,0.011372,-0.007129,0.010571,-0.058981,0.000136,-0.006227,0.028876,0.026719,
0.000436,0.003526,0.001570,-0.000083,0.008354,-0.006297,0.002577,0.004738,0.003834,-0.005737,0.000045,0.001071,0.009287,0.003698,0.016788,
-0.002777,0.005959,-0.002386,-0.000359,0.034585,-0.015303,0.000327,-0.012391,-0.001977,0.001381,-0.006586,0.000724,0.003423,0.018632,0.048840,
-0.015399,0.014643,0.001459,0.008208,-0.085723,0.092436,0.000982,0.011545,0.012504,0.001401,0.082576,-0.003672,-0.014693,-0.017775,0.008724,
0.009562,-0.008082,-0.008976,-0.000871,0.136515,-0.117583,0.012439,0.000300,-0.007006,0.007383,-0.048991,0.007812,-0.012997,0.029622,-0.004313,
-0.004286,0.008941,0.000483,-0.002993,-0.005267,0.036960,-0.005152,-0.002836,0.007135,-0.006902,0.042841,-0.002189,-0.005851,0.040423,0.018320,
-0.003943,0.005342,0.004476,-0.002790,0.037307,0.024683,0.007261,-0.005584,-0.005293,-0.007027,0.061576,-0.000180,0.003630,-0.002380,0.012525,
-0.009866,0.003155,-0.002737,-0.001589,-0.221276,0.011939,-0.007981,-0.015134,0.001797,-0.005334,0.014383,-0.023054,-0.007905,-0.007573,-0.011531,
-0.003210,0.003848,-0.000405,-0.000208,0.016588,-0.021782,-0.011186,-0.003636,-0.004104,-0.008372,0.029971,-0.019434,0.002479,-0.019399,0.002745,
-0.019033,0.014804,0.012576,0.006006,-0.373035,-0.004553,-0.001457,0.033438,0.034262,-0.016322,0.035062,-0.014637,-0.001127,0.071150,0.020559,
0.002818,-0.004236,-0.004634,-0.000687,0.065589,-0.065869,0.010254,0.001961,-0.002980,0.000867,-0.054098,-0.000560,-0.001435,0.002771,0.038066,
0.001864,-0.002568,-0.002921,0.000182,0.028404,-0.012630,0.002221,0.004218,-0.001073,-0.002596,-0.013450,0.002111,-0.005936,0.013837,0.026532,
0.000258,-0.003375,-0.004567,0.001447,0.098554,-0.036411,0.007771,0.001542,-0.005876,-0.003047,-0.017176,0.004642,-0.002162,0.011094,-0.026936,
0.000828,-0.001374,-0.013842,0.001244,0.088439,-0.021727,0.005014,0.009278,-0.000878,0.001416,-0.029851,-0.005188,-0.004134,-0.018821,-0.016995,
0.005605,-0.006707,0.002895,0.002392,0.037509,-0.055317,-0.001763,0.006324,-0.003372,0.008998,-0.098094,-0.003072,-0.011080,-0.024521,0.042625,
0.000485,-0.000057,-0.002535,-0.003002,0.045683,-0.074836,0.005760,0.004533,0.004192,-0.000057,-0.038579,0.006853,-0.001281,0.003473,0.028876,
-0.003997,-0.001527,-0.029155,0.016820,-0.216930,-0.049959,-0.005182,0.022434,0.011462,0.012417,-0.046675,0.001799,0.006482,-0.030341,-0.006778,
0.004357,-0.001280,-0.003741,-0.000385,0.034232,0.011694,0.001056,0.003230,0.000340,0.006990,-0.003945,-0.012488,-0.002473,0.021350,0.053351,
0.004073,-0.003415,-0.012142,0.002110,0.034907,-0.013523,-0.000197,0.011151,-0.001120,0.001523,-0.000148,0.000479,0.001819,-0.004845,0.025971,
0.002452,-0.003322,-0.000360,-0.000306,0.022009,0.030883,-0.013355,-0.003788,-0.005305,-0.000539,0.001381,-0.009140,0.004821,-0.041503,-0.041709,
-0.003128,-0.002714,-0.012810,-0.002457,-0.075614,0.024011,0.002665,0.025049,0.002706,0.003175,-0.163453,-0.023249,-0.014480,-0.032287,-0.089897,
0.005902,-0.010089,-0.001948,-0.002345,0.072652,0.018827,0.002155,-0.003317,-0.010617,0.003261,-0.033401,0.006538,0.009059,0.007644,0.016950,
-0.002836,0.000376,0.006674,0.001130,0.015868,0.019793,0.010197,0.004030,0.002986,-0.008627,0.084259,0.014178,0.002239,0.054560,-0.066045,
-0.001576,-0.004348,0.001503,-0.001088,0.045264,0.041912,-0.008249,0.013403,-0.005434,0.002283,-0.129829,0.005041,-0.001435,-0.034345,-0.039662,
-0.003084,-0.015950,-0.017429,0.002107,-0.017570,-0.132669,0.005200,0.005738,0.010950,0.012374,-0.183377,-0.002332,0.003176,0.063727,-0.021800,
-0.000792,0.000684,-0.003856,-0.001543,0.002084,-0.039279,0.000806,-0.003192,-0.002269,0.003346,0.053820,-0.009200,0.002717,0.049606,0.036406,
0.003528,-0.006123,0.001239,-0.005015,0.003917,-0.037996,0.001174,-0.004439,-0.000588,-0.003938,-0.218352,0.032392,-0.006672,-0.041125,-0.060434,
-0.004044,0.008041,0.016148,-0.000684,-0.044839,0.048726,-0.001020,-0.023397,0.000137,-0.001224,0.061502,-0.017952,-0.021192,0.079781,0.015999,
-0.006385,-0.005771,-0.020263,0.004623,-0.335181,-0.036941,-0.008003,0.030782,0.007922,0.008963,-0.069324,-0.004259,-0.005506,-0.019502,-0.001702,
-0.004343,0.006952,-0.004079,0.000463,-0.109518,0.000227,0.003992,0.000832,0.008114,-0.007942,0.060182,-0.001485,0.003881,0.007842,0.019704,
-0.006842,0.010224,0.010895,0.001728,-0.078684,0.059533,-0.003148,0.008963,0.006341,-0.005902,0.017535,0.015661,-0.011315,-0.044769,-0.018918,
0.002274,0.004056,-0.003406,-0.000434,0.037570,-0.008838,-0.000668,-0.011335,0.006778,-0.004432,0.020722,0.000133,0.007559,0.019171,0.011639,
0.002068,-0.002726,-0.001165,-0.000987,0.047553,0.042744,0.005430,0.008596,-0.001757,0.002077,0.002574,-0.009036,0.003832,0.018741,0.049521,
0.001817,0.002375,0.015131,0.002711,-0.013480,0.005823,0.004345,-0.004905,-0.001815,0.007615,-0.047723,-0.007945,-0.011307,0.041396,0.023436,
-0.002822,0.006742,0.004152,0.002499,0.015785,0.025140,0.002499,0.005470,0.007776,-0.004093,0.030569,0.003049,-0.003427,0.022022,-0.050901,
-0.000696,0.001843,-0.002548,0.003147,0.013949,0.017065,-0.000129,-0.001587,0.000340,0.004484,0.022525,-0.003814,0.001143,0.003624,-0.000131,
-0.003924,0.008412,-0.008130,-0.002984,0.115384,-0.010468,0.004077,-0.004219,0.007848,-0.010444,0.013623,-0.006126,-0.015482,-0.045619,-0.032990,
-0.002372,0.005352,0.004052,0.001838,-0.018813,0.017230,-0.000919,0.000050,-0.000357,0.001369,0.036474,-0.010097,-0.004301,-0.014529,0.010640,
0.003221,0.000238,0.002855,-0.000719,0.007873,-0.005470,0.003984,-0.001864,-0.005402,-0.002348,0.015157,-0.001444,0.011313,-0.001923,0.002031,
0.000814,-0.005099,-0.006177,-0.000683,0.062640,0.073425,0.005672,-0.008140,0.001381,-0.002405,0.067396,-0.024378,0.001311,0.053628,0.006627,
0.002358,0.000119,0.010420,-0.000692,-0.006503,0.053073,-0.001794,0.003427,0.001254,0.002206,0.016320,-0.003148,-0.001622,0.011527,0.005410,
0.000901,-0.003803,-0.008149,0.000814,-0.010286,0.015089,0.001382,0.003319,-0.002763,0.000413,-0.047326,-0.009478,-0.006537,-0.005816,-0.000234,
0.001033,-0.000146,0.003210,0.003524,0.047653,0.023670,0.000232,0.003390,-0.000141,0.002045,0.056561,-0.011507,0.002211,-0.005300,0.001563,
-0.005746,0.005864,-0.007844,0.000337,0.051100,0.044559,-0.008118,-0.002707,-0.004868,-0.001895,0.071920,-0.020695,-0.009349,-0.018126,-0.038988,
0.002605,-0.001769,-0.002257,0.000893,0.005233,0.019022,0.005586,0.005315,-0.008598,-0.000017,-0.005278,0.002191,-0.001253,-0.021894,0.034283,
-0.003671,0.002354,0.002255,-0.000426,0.028020,0.015971,0.000491,0.001619,0.000402,-0.002568,0.027023,0.000053,0.000419,-0.020902,-0.034940,
0.001921,-0.000163,-0.004081,-0.000584,0.020391,-0.010811,-0.002441,-0.000324,0.004233,-0.000407,0.002937,0.001626,-0.002251,0.007551,0.030338,
-0.005096,-0.018590,0.011523,-0.001547,0.011159,0.030436,0.005838,-0.005897,0.034359,-0.008675,-0.037057,0.021490,-0.011164,-0.040250,-0.015537,
-0.004485,0.014561,-0.011394,0.003220,0.139493,0.052632,-0.030297,-0.024913,-0.007906,0.018718,0.099228,-0.035955,-0.014673,-0.030580,-0.030076,
0.002265,0.000392,-0.002264,-0.001175,0.049415,-0.013204,0.000404,-0.000283,-0.001031,-0.003211,0.018819,-0.005303,0.000094,0.003120,0.012916,
0.008524,-0.004337,-0.010831,-0.001819,0.032745,-0.022245,-0.013292,0.003349,-0.003982,0.004797,-0.081243,0.017983,-0.002837,0.022742,0.045684,
-0.002136,-0.001342,-0.004195,0.003157,0.017867,-0.003635,-0.003097,-0.000797,-0.003642,-0.000748,-0.040622,0.004016,-0.013651,-0.011930,-0.017848,
0.001104,-0.000059,-0.001632,0.000416,0.033976,-0.018497,0.005682,-0.000369,-0.004162,-0.001759,0.010269,-0.005411,-0.000522,0.019472,0.031300,
0.004254,-0.000962,-0.002988,-0.002020,0.031163,-0.035343,0.006433,-0.000474,0.000266,-0.003818,-0.000161,-0.012041,-0.009932,0.001820,0.036828,
0.006456,-0.012941,-0.005688,-0.001397,0.080263,-0.017845,0.001849,0.003374,-0.012034,0.000787,-0.082836,-0.001467,-0.005507,0.000624,0.084712,
-0.000990,-0.005614,0.002740,0.000951,0.029304,-0.054819,0.005198,0.018577,-0.003627,-0.002619,-0.018142,0.006846,-0.018431,-0.013621,-0.029110,
-0.004044,0.000939,0.002741,0.000226,0.022309,0.001224,0.003592,0.008074,0.003607,-0.005784,-0.008270,-0.003253,-0.002352,0.000190,0.005125,
-0.001035,-0.004138,-0.005958,0.003974,-0.095571,0.008117,0.000688,0.000205,-0.000296,-0.003492,-0.012402,-0.008048,0.005461,0.004266,0.008535,
-0.002638,-0.011808,-0.001950,-0.000153,-0.029342,0.130569,0.015250,0.027948,0.007253,0.005009,0.215981,0.030560,-0.024489,-0.027199,0.009824,
-0.006600,0.009226,-0.000336,0.002443,-0.061300,0.010482,0.003091,0.006145,0.004303,0.000697,0.036422,-0.002515,-0.005290,0.034070,0.026123,
0.004330,-0.000732,0.001570,0.000159,0.017164,0.014387,-0.004022,0.001903,0.001565,0.001640,-0.008333,-0.002047,-0.002199,0.010377,0.012409,
-0.007798,0.006034,0.002018,0.000710,-0.073331,0.011056,0.000142,-0.000105,0.008411,-0.007141,0.079228,-0.001032,-0.008261,0.005294,-0.029637,
-0.005433,0.003198,-0.008218,0.001482,-0.129646,-0.052047,0.007846,0.007761,0.012936,-0.001509,-0.019797,-0.005264,0.003111,0.027069,-0.037922,
-0.004566,0.003984,-0.005499,0.001610,-0.049970,-0.012692,0.000296,0.004435,0.002633,-0.000712,0.015493,-0.007072,0.000013,-0.000033,0.017724,
-0.004351,-0.003890,-0.001086,0.004604,0.067412,0.036073,0.003500,0.023225,0.014068,0.001208,-0.108022,0.001145,-0.002380,-0.040752,-0.077976,
-0.002772,-0.004358,-0.024940,0.018144,-0.078561,-0.062248,-0.002269,0.014381,0.003224,-0.007477,-0.039275,-0.013198,0.000347,0.007431,0.033503,
-0.014257,0.015037,0.001875,0.002475,-0.049145,0.031247,0.010878,0.017494,0.003889,-0.002843,-0.020892,0.007317,-0.012220,-0.014784,-0.057315,
-0.001279,-0.000903,-0.004027,0.001420,-0.073138,-0.001313,-0.001017,0.000755,-0.000728,0.001474,0.030193,-0.003934,0.002100,0.003030,0.000349,
0.000137,-0.001886,-0.000249,0.001488,-0.055464,-0.019869,-0.005813,0.003551,-0.000178,0.004006,-0.074374,-0.001592,-0.000009,0.025249,0.046027,
-0.001578,-0.000596,-0.003536,0.002726,-0.026587,-0.012118,-0.003050,0.005442,0.000003,-0.003316,-0.017283,-0.002124,-0.005614,0.002689,0.007681,
-0.003255,-0.003105,-0.005004,0.000859,0.033758,-0.018974,0.000084,0.002604,-0.001676,-0.005624,-0.003103,0.000158,0.006759,0.009598,-0.009872,
-0.000299,0.004116,0.002445,-0.003675,0.032192,0.024997,0.001818,0.000281,0.002532,-0.002665,-0.042042,0.001530,0.010988,-0.017576,-0.000489,
-0.007299,0.000366,-0.006004,0.000742,0.009998,-0.009111,0.003481,0.010212,-0.005708,0.000110,0.051512,0.003709,0.004321,-0.026903,-0.011454,
0.012375,0.102188,0.001345,0.000372,-0.701818,0.034735,-0.007504,0.011573,-0.030159,0.002812,-0.096068,0.011317,0.011888,0.021813,0.186742,
-0.007350,-0.000751,0.002450,0.000133,0.092360,0.000951,0.007391,0.007075,-0.000129,-0.005344,-0.023833,0.005166,0.001089,-0.039250,-0.023431,
0.003363,-0.003436,0.002251,-0.000733,0.098207,0.004839,0.017853,-0.000141,-0.003745,-0.004270,-0.023785,0.015332,0.002760,0.016896,-0.013572,
0.002910,-0.006807,0.001920,-0.000998,0.077968,-0.024552,-0.006442,-0.015691,0.003989,0.003783,-0.079363,-0.010516,-0.008756,-0.024550,0.018597,
0.005260,-0.003534,0.002892,-0.002213,0.063395,-0.027707,0.004635,-0.006022,-0.002565,0.000742,-0.009071,-0.010418,0.010941,0.014640,0.034610,
0.001002,-0.005385,0.000759,-0.001364,0.099328,-0.002448,-0.007872,-0.010103,-0.000798,0.000045,-0.074777,-0.004133,-0.001115,-0.022088,-0.003403,
-0.002311,0.004672,0.000727,0.000071,-0.090318,0.058788,0.002003,0.002251,0.002657,-0.002896,0.022887,0.008331,0.000165,-0.002964,-0.011800,
0.000718,-0.004982,-0.000622,-0.001120,0.153259,-0.019831,-0.005222,-0.000814,-0.002390,-0.000770,-0.022931,-0.009130,0.006543,-0.011112,-0.019984,
-0.001394,0.001314,0.019432,-0.004641,-0.070954,0.020879,0.038806,0.002876,0.009900,-0.013922,0.148385,0.045878,0.007392,0.019211,-0.002583,
-0.005092,-0.010574,0.007358,-0.004755,-0.070032,0.027042,0.016930,-0.001904,0.013996,0.000488,-0.020571,0.022031,0.001164,-0.030494,-0.066173,
-0.004757,-0.002244,-0.000272,0.000500,0.003799,0.048654,0.003824,0.005154,0.000420,-0.002098,0.031488,-0.003873,0.000150,-0.040434,0.001074,
0.002603,-0.000182,0.002244,0.000121,0.045948,0.011535,-0.003584,0.004095,-0.001425,-0.004000,-0.012905,-0.007431,0.001822,-0.006673,0.028731,
-0.006663,0.008858,-0.001367,-0.000607,0.029130,0.006637,0.005432,-0.001562,0.000572,0.000055,0.074184,0.005034,0.004604,-0.028979,0.049305,
-0.007506,0.002799,-0.000051,0.001965,0.012729,0.020032,0.013278,0.007109,0.007586,-0.006251,0.100533,0.012649,0.009909,0.002360,-0.053814,
-0.002143,-0.002521,0.003231,-0.001722,0.084592,0.033320,-0.005325,0.001751,-0.005756,-0.001105,0.032461,-0.006992,0.001913,-0.014784,-0.020621,
-0.003648,0.002079,0.001318,-0.000285,0.019648,0.043438,0.002885,-0.000334,0.001144,-0.001244,0.036133,0.005778,-0.001281,0.003734,-0.015647,
-0.004215,0.003342,-0.001090,-0.001458,0.084326,-0.003064,-0.000878,-0.011068,-0.001430,-0.000341,0.039215,-0.001898,0.000063,0.001115,-0.019194,
0.005216,-0.003339,-0.001890,0.001179,0.026656,-0.036021,-0.004762,0.000523,0.000731,-0.002572,-0.019788,-0.013301,0.002646,0.014269,0.024567,
0.004439,-0.000193,0.000314,-0.001142,0.097871,0.020945,-0.001433,-0.011054,0.004574,-0.001925,0.010470,0.000635,0.003688,-0.002024,0.010813,
-0.003219,0.008557,-0.008474,0.002263,-0.019252,0.057047,0.012149,0.013958,-0.005331,0.002475,0.073544,0.013228,-0.016166,-0.129836,-0.020433,
-0.002250,-0.003007,0.000840,0.001827,0.020067,-0.024964,0.003457,-0.001492,-0.001314,-0.000554,-0.044971,0.006457,0.003116,-0.026092,-0.054704,
0.000287,-0.000764,-0.003109,0.001779,-0.080508,0.010190,-0.006927,-0.000879,0.000360,-0.000018,-0.037774,-0.014615,0.004067,0.014883,-0.015840,
0.002956,0.000239,-0.002453,0.001320,-0.123936,-0.026488,-0.005431,0.004749,-0.001578,0.000760,-0.051764,0.003014,0.001681,-0.002986,0.024974,
0.002058,0.000087,-0.002236,-0.001311,-0.082800,0.010768,-0.000857,-0.002005,-0.000537,0.001357,-0.022491,0.002156,0.002740,0.003553,0.016378,
-0.003222,0.008436,0.005797,-0.000465,-0.026110,0.020500,-0.007801,-0.002431,0.010991,0.001449,-0.021192,-0.000342,0.001185,0.002032,-0.016275,
-0.004769,0.013387,0.003183,-0.000325,-0.003348,-0.020850,0.014790,-0.004725,0.021306,-0.002628,-0.051531,0.011568,-0.011171,0.003287,-0.003509,
0.006526,0.003367,0.003705,0.001916,-0.067652,0.001581,0.019361,-0.022049,-0.001040,0.009239,-0.052671,-0.014262,0.007625,0.044481,0.004995,
0.002170,0.000484,0.005197,-0.000734,-0.104136,0.005071,-0.007867,0.013621,0.002828,-0.003866,-0.063037,0.007629,-0.004298,0.017017,0.021005,
0.007743,-0.005389,-0.002881,-0.000915,0.100510,-0.038000,-0.008321,-0.009322,-0.001444,0.004527,-0.037417,-0.014786,0.014122,-0.002812,0.034323,
-0.002392,0.001075,-0.003587,0.000905,0.137402,0.064429,0.022436,0.007401,0.003093,0.000942,0.069727,0.020982,-0.017724,-0.051155,-0.044893,
0.000795,-0.012312,0.006323,-0.001566,0.127099,-0.031611,0.019464,-0.014076,-0.016978,-0.004725,-0.097814,-0.008111,0.004154,0.005004,0.027117,
-0.000760,-0.000474,-0.008555,0.002859,-0.001996,0.031735,-0.004124,0.004262,-0.002161,0.004566,0.017464,-0.000089,-0.001315,0.012635,0.018888,
0.004449,0.005453,-0.003040,-0.001453,0.058008,-0.002620,0.001741,0.009725,0.006729,0.002736,-0.016088,0.011270,0.002429,0.018293,0.025167,
-0.002426,0.001816,-0.000118,0.000210,-0.019013,-0.004906,-0.007763,0.020295,0.001273,-0.002951,0.034944,-0.006978,-0.005198,0.003294,0.011748,
0.002559,0.006548,0.008042,-0.001099,0.011990,-0.033511,0.005752,0.012937,0.011807,-0.011693,0.014353,0.012261,-0.000813,0.002491,-0.007923,
0.000969,-0.003823,-0.005180,-0.002849,-0.013305,0.020242,-0.016684,0.003021,0.003191,0.002442,0.003205,0.011108,0.001740,-0.017510,-0.017757,
-0.003358,0.003130,-0.001630,0.003349,-0.135952,-0.012346,0.000523,-0.005461,0.001317,-0.000097,0.085350,0.000269,0.001853,0.075374,-0.014322,
-0.000094,0.006858,-0.004335,0.002499,0.059834,-0.029696,0.005168,0.000469,0.007882,0.001505,0.037947,-0.000117,0.000628,0.039327,-0.005314,
0.002298,-0.004881,-0.010296,0.003733,-0.013380,-0.047822,-0.017997,0.017684,-0.010095,0.009494,-0.079361,-0.028364,-0.004871,-0.032272,-0.017734,
0.009608,-0.001457,-0.003642,-0.000613,-0.070475,-0.024354,-0.018407,-0.000725,-0.001912,0.000473,-0.051477,-0.007822,0.001532,-0.006518,0.059777,
0.000164,-0.011960,-0.006699,-0.000278,-0.056297,-0.015845,-0.012004,0.003775,0.002609,0.006273,-0.063300,-0.010078,0.006577,-0.028008,0.034110,
0.007007,-0.001122,0.002226,-0.002079,0.056521,-0.047381,0.005332,0.000455,0.002914,-0.005657,-0.040320,-0.003055,0.009025,0.042913,0.028082,
-0.002865,-0.000143,0.005193,-0.000855,0.024792,-0.013024,-0.001842,-0.005065,0.001117,-0.002029,0.064927,-0.013019,-0.007436,0.000997,0.000450,
-0.006111,0.003815,-0.003605,-0.000431,0.017718,0.043252,0.005780,0.002114,0.002632,0.001457,0.057481,0.028808,0.001695,-0.011651,0.005575,
-0.002276,0.006530,-0.003959,-0.000313,-0.011264,0.034116,-0.003850,-0.007745,0.002462,0.000554,-0.015940,0.002320,0.005288,0.007394,0.019504,
0.005333,-0.004262,-0.005317,0.001427,0.017802,-0.043445,-0.000656,-0.000913,-0.003846,-0.001191,-0.023997,-0.013594,-0.001966,0.056150,0.061797,
0.007047,-0.001009,-0.006073,0.000334,0.030290,-0.007212,-0.000814,-0.001819,0.001402,0.001587,-0.020774,-0.007591,0.008549,0.029185,0.041021,
-0.004341,-0.001434,-0.000050,0.000825,0.061090,-0.045322,-0.000323,0.002059,0.003853,-0.005012,0.049939,-0.000757,0.001956,-0.038135,-0.085633,
-0.008462,0.001734,0.002842,-0.000361,-0.016556,0.054901,-0.009665,-0.002693,-0.005663,-0.000743,0.123433,0.048462,0.001862,0.091552,-0.023091,
0.003389,-0.000326,-0.004852,0.000239,-0.001841,-0.013179,-0.011407,-0.005515,0.005147,0.000012,-0.050320,-0.005508,-0.000982,0.068615,-0.007318,
-0.001192,0.003484,0.002428,0.001077,-0.053145,-0.036063,0.009021,-0.002491,0.005184,-0.005819,0.009408,0.009552,0.006873,0.035357,-0.030743,
0.004460,-0.002820,0.003657,-0.000144,-0.049750,-0.007013,0.009526,0.008583,-0.005075,-0.005540,0.018363,0.012666,-0.003385,0.000922,0.013409,
0.000182,0.000805,0.004550,-0.003495,-0.094405,0.075428,-0.013612,-0.008758,0.002661,-0.005026,0.037365,0.005386,-0.000780,0.005458,-0.008659,
0.003189,-0.003330,0.001291,-0.000998,0.023081,0.002156,0.005784,0.004272,-0.001191,-0.005402,-0.003220,0.000946,-0.000957,0.034506,0.018726,
-0.003847,0.004459,0.012112,-0.002135,-0.013166,0.080538,0.016628,-0.001006,-0.000368,-0.011954,0.056479,0.024976,0.006099,0.067857,-0.028806,
-0.000086,0.000064,0.000510,0.000204,0.014452,0.020793,-0.000640,0.001992,0.000310,-0.003184,0.012320,-0.004679,-0.000903,0.010151,0.006713,
-0.004594,0.001853,-0.000345,-0.000279,-0.036581,0.025675,0.000730,0.010052,-0.001458,0.002154,0.011215,-0.004133,-0.001465,-0.003926,0.019342,
-0.005537,0.004941,-0.002232,-0.000437,0.059147,0.093396,0.006495,-0.003466,-0.000274,0.004466,0.138686,-0.001370,-0.023744,-0.103699,0.012279,
-0.002110,-0.002166,-0.004168,0.001179,-0.090020,-0.010271,-0.010785,0.005200,-0.001482,0.002845,0.015461,-0.012761,-0.003780,0.034921,-0.035994,
0.004821,-0.000494,-0.001656,-0.002330,0.148388,0.002937,0.005900,-0.005005,0.000151,0.001612,-0.095751,-0.001330,0.006249,-0.007509,0.044848,
0.004800,-0.017177,-0.023664,0.003665,-0.128836,-0.096677,-0.046008,0.033122,0.015996,0.021022,-0.307510,-0.054292,-0.016019,-0.247926,-0.154213,
0.004112,-0.006305,-0.002256,0.001619,0.000979,-0.019463,0.001958,0.006592,0.002121,-0.001535,-0.046196,-0.005890,-0.001538,0.003523,0.017730,
-0.014489,0.000480,0.008906,-0.000709,0.071167,0.030619,0.001533,0.004466,-0.013486,-0.001950,0.086001,-0.000624,-0.017430,-0.126977,-0.050241,
0.001560,0.003289,-0.001606,0.000495,0.062731,-0.019800,0.003627,0.000034,-0.000187,0.000756,0.041434,0.003524,0.004841,0.014400,-0.007293,
0.006791,-0.001783,0.004079,-0.000033,0.122338,-0.055123,0.002437,0.003652,-0.000255,-0.001446,-0.060790,-0.003328,0.001122,0.003846,0.031058,
-0.002103,0.001561,-0.004255,0.001791,0.009951,0.042209,-0.012420,-0.001840,-0.000742,0.004684,0.013110,-0.000913,0.004509,0.006546,-0.008938,
-0.009588,-0.001490,0.009439,-0.000974,-0.126377,-0.011687,0.012218,0.011742,0.001022,-0.012358,0.013752,0.006550,0.000459,-0.031772,-0.032700,
0.001554,-0.002156,-0.000189,-0.000173,-0.005903,-0.019763,-0.006138,-0.000950,-0.001491,-0.003581,-0.000215,-0.001273,0.004385,0.010588,0.019899,
-0.001457,0.000567,0.002288,-0.000121,-0.068747,0.008254,-0.011184,-0.004064,0.008144,-0.003354,0.005249,0.008042,-0.001490,0.047263,-0.007693,
0.003924,-0.001676,0.000147,-0.001205,0.069612,-0.036711,0.002915,-0.007600,-0.004541,-0.001903,0.002746,-0.005862,0.000667,0.026135,0.054020,
-0.003745,-0.005811,-0.001459,0.000272,-0.073978,-0.006936,0.001286,0.004205,-0.004490,-0.000400,0.001860,-0.001501,-0.002018,-0.016907,-0.004613,
-0.001306,0.001726,-0.001369,-0.000624,0.003366,0.011220,0.004964,0.000127,-0.000391,-0.001568,0.016159,-0.003769,0.002023,-0.000192,-0.003554,
0.000418,0.002755,-0.004076,0.000390,-0.030583,0.011687,0.000172,-0.006520,0.000184,-0.002394,0.042349,0.002862,0.008206,0.029251,0.024288,
0.006655,0.000027,-0.003013,-0.001035,0.053132,0.009459,-0.015722,-0.003128,-0.000510,-0.001680,-0.017550,0.000078,0.002496,0.026625,0.032055,
-0.004314,-0.002891,0.000974,0.004141,-0.067641,0.053450,0.000879,0.013954,0.003934,0.001747,0.028089,-0.016305,0.003421,-0.006271,-0.008588,
0.006991,0.003955,-0.001752,-0.000046,0.053084,-0.025517,-0.003626,-0.004879,0.004361,0.001796,-0.079056,-0.005516,0.004092,-0.000341,0.005001,
-0.001591,0.002313,-0.001699,0.000102,0.030876,-0.026197,0.004563,-0.005872,0.000291,0.003145,0.047955,0.004930,0.008121,0.023711,0.012940,
-0.003843,0.005157,0.002582,0.001874,-0.104376,0.020281,0.000716,0.008881,0.007847,-0.010260,0.001458,-0.000035,-0.007209,-0.005599,-0.080135,
0.004456,-0.006146,0.008386,-0.006008,0.155189,0.066932,0.007214,-0.007825,0.001196,-0.000259,-0.040007,0.004503,0.005694,-0.034109,0.024488,
-0.006557,0.009322,0.003482,0.000599,0.050752,-0.004442,-0.000681,0.001360,0.004714,0.001976,0.034251,-0.002126,-0.000713,-0.052741,-0.013890,
0.000965,-0.015426,-0.004885,0.002317,0.130691,-0.012232,0.007179,-0.022959,0.005733,-0.002075,0.004220,0.022249,-0.002512,0.004839,-0.048635,
-0.005447,-0.011027,0.031186,-0.000615,-0.275970,0.097884,0.032159,0.031447,0.005248,-0.027513,-0.003348,0.049475,-0.018621,0.025204,-0.025152,
0.015679,0.000403,0.002389,-0.001425,0.115614,-0.059053,0.003662,-0.007962,0.002604,-0.001545,-0.064216,0.004846,0.000032,0.042953,0.063939,
-0.005462,-0.007541,-0.001640,0.000066,0.020872,0.013049,-0.006928,0.013135,-0.006028,0.008212,-0.048433,-0.015335,-0.006226,-0.022976,0.012086,
-0.008036,-0.004985,0.013720,-0.000902,-0.123613,0.015592,0.004773,0.017517,0.003062,-0.006226,-0.025351,0.016225,0.000688,0.009891,-0.000456,
-0.001467,-0.003588,-0.001438,0.000518,0.014136,-0.010252,-0.002410,-0.004285,-0.003170,0.002421,-0.008814,-0.004716,0.004877,-0.006271,0.000360,
0.001676,-0.001593,-0.008338,0.002234,-0.108911,0.012827,-0.008603,0.012138,-0.002095,0.002409,0.019448,-0.024367,0.005755,-0.004878,0.027808,
0.001922,0.002642,0.005453,-0.001391,0.091959,-0.040524,0.005025,-0.005011,0.003964,-0.002063,-0.015712,0.004671,-0.000659,0.001145,0.026564,
0.003388,-0.001224,0.009135,0.000650,0.051461,-0.006103,0.011422,-0.009637,-0.000898,0.004911,0.013638,0.000425,-0.009788,0.004307,0.032205,
0.000462,-0.003040,0.005035,-0.001804,0.019840,-0.016554,-0.000798,-0.000045,-0.003237,-0.000899,0.001763,-0.002970,0.000921,0.009172,0.011329,
0.007933,0.003786,-0.000609,-0.000716,0.024472,-0.032969,-0.007394,-0.005833,0.001092,0.004309,0.016958,-0.010758,0.006064,0.035108,0.056651,
0.009043,-0.000256,0.003476,-0.000547,-0.078666,-0.000297,-0.009123,-0.003410,0.009488,-0.005106,-0.003220,-0.008660,-0.004140,0.044832,0.016242,
0.002288,0.002163,-0.003447,0.000138,0.033233,-0.030664,-0.009918,-0.003347,0.000400,0.004846,-0.020713,-0.008517,0.003606,0.013540,0.021507,
-0.000348,0.003028,-0.008170,0.004946,0.771258,0.102394,0.009080,-0.044596,0.001882,0.011552,0.259702,0.047156,0.020438,-0.012157,-0.195125,
-0.002622,-0.002845,0.000862,0.000814,0.007739,0.002302,0.003700,-0.004661,-0.003026,-0.003661,0.075895,0.020112,0.001480,0.027283,0.006141,
-0.002002,-0.002890,0.002772,-0.000191,-0.081074,0.033061,0.000607,-0.005294,-0.002116,-0.002656,0.031390,-0.008109,-0.002413,0.052543,0.000471,
-0.005181,0.003042,-0.001854,0.003021,-0.052496,0.028457,-0.000137,-0.003315,0.002110,-0.003424,0.074154,-0.008655,-0.003278,0.078844,-0.047795,
-0.000432,0.003425,0.006463,-0.000734,-0.091248,0.027505,0.002547,0.006840,0.004147,-0.003451,0.033813,0.001263,-0.005489,-0.016286,0.004021,
-0.002332,-0.000285,0.008515,-0.000620,0.033682,-0.025661,0.003999,0.002681,-0.001535,-0.009136,-0.002819,0.005012,-0.002426,-0.006455,0.017026,
-0.002945,-0.007803,-0.006279,0.000389,-0.064086,0.042846,-0.012246,-0.000060,-0.006182,0.001972,0.033917,-0.006446,0.006805,-0.018107,0.029235,
-0.001949,-0.000001,-0.009838,-0.001284,0.051477,-0.023427,0.003695,-0.003986,0.004450,0.005875,0.013459,0.008062,0.000869,-0.002228,-0.006978,
-0.000378,0.000844,-0.002098,0.000061,-0.009283,-0.007017,-0.002566,0.000087,-0.001767,0.001449,-0.021482,-0.007649,0.003662,-0.013561,-0.003914,
0.007180,-0.001611,-0.000083,-0.000246,-0.011922,-0.053241,-0.000895,-0.003890,-0.000721,-0.000020,-0.093337,-0.009526,0.003078,-0.001573,0.047721,
0.007033,-0.010660,-0.005950,0.000104,0.007478,-0.002343,-0.002162,-0.006288,-0.002173,0.005971,-0.075332,-0.004307,0.002357,0.014352,0.050187,
0.000001,-0.003685,-0.002160,0.000668,-0.001790,-0.028267,0.000099,0.001786,-0.001241,0.001280,-0.025601,-0.005195,0.001258,0.004184,0.023724,
0.009988,-0.000604,-0.000606,-0.001285,0.004167,-0.073995,-0.002727,-0.004508,-0.001949,0.003176,-0.131325,-0.006562,-0.002145,0.002648,0.076312,
-0.000283,0.000903,-0.002457,0.000505,-0.008290,-0.037943,-0.004725,-0.000162,-0.000350,-0.000566,-0.054347,0.004804,0.007324,0.051019,0.027635,
-0.014255,0.005488,-0.002413,0.001833,-0.089636,0.055596,-0.001529,0.007978,0.001146,-0.000006,0.058343,0.002092,0.004538,-0.099405,-0.000519,
0.004396,-0.000034,-0.004730,0.000367,0.080275,-0.041583,-0.001477,-0.001644,-0.000544,0.003041,-0.018121,-0.004614,-0.000049,-0.004236,0.034132,
-0.003100,0.001378,-0.004051,0.003095,-0.144159,0.003986,-0.003174,-0.001556,0.001600,0.000709,0.031648,0.006601,0.002673,0.043557,0.007010,
-0.009072,-0.000427,0.002080,0.000363,-0.087527,0.054712,-0.000043,0.004070,-0.002335,-0.001687,0.062559,0.000932,-0.002820,0.022108,-0.019593,
0.001919,-0.002353,0.001658,-0.000515,0.019667,-0.040784,-0.003095,0.000802,-0.003385,-0.000289,-0.054643,-0.009768,-0.005913,-0.012114,0.006193,
0.000612,-0.001333,-0.002874,0.000780,0.000176,-0.016444,-0.004794,0.001143,-0.003797,0.002986,0.010300,-0.006212,-0.000609,0.009232,-0.012050,
0.005500,-0.001820,0.005798,-0.002081,0.127554,-0.016470,0.012557,-0.004212,-0.000775,-0.007349,-0.015726,0.014091,0.012609,0.015361,0.058095,
-0.002676,-0.000220,-0.012179,0.000530,0.021440,0.013549,-0.011202,0.000197,-0.004185,0.010032,-0.078868,-0.019877,-0.009202,-0.056360,0.059271,
-0.002939,0.001405,0.000388,-0.000014,0.026511,0.048364,-0.000677,-0.000370,-0.000895,-0.001397,0.083524,0.003422,0.001153,-0.023171,0.013897,
0.001546,-0.002949,-0.003047,0.000293,0.061109,-0.023811,0.000824,-0.003058,-0.000767,0.003810,-0.010544,0.004931,0.003021,0.022145,0.023011,
0.001847,-0.002368,-0.002111,0.000007,-0.047894,-0.017361,-0.005859,-0.001342,-0.001069,0.001677,0.012825,-0.009119,0.003583,0.001974,-0.008493,
-0.007224,0.003561,0.003055,0.000422,-0.083762,0.013969,-0.001565,0.008371,0.004494,-0.005857,0.082440,-0.003811,-0.005058,-0.047220,-0.018134,
-0.004576,-0.000467,-0.002645,0.001902,-0.121072,0.053663,-0.014819,0.007112,0.002138,0.011156,0.031015,-0.012056,0.001823,-0.045263,-0.072001,
-0.001363,0.000224,0.002222,-0.000107,0.043258,-0.010750,0.001293,0.000379,0.001515,-0.003006,-0.026263,0.005290,-0.001892,0.010680,0.012752,
0.003406,-0.000125,-0.003237,-0.000905,0.038963,-0.021841,-0.007271,-0.000547,-0.000811,-0.001134,-0.073830,0.003379,0.003569,0.018864,0.031190,
-0.003354,0.002740,0.003838,0.001984,-0.015240,-0.012400,0.004192,0.000580,0.002543,0.005486,-0.023198,-0.007001,-0.002580,0.118038,-0.008738,
0.002514,0.001068,-0.001177,0.000016,-0.018186,-0.017083,0.001114,0.001532,-0.000244,-0.000318,-0.087267,0.002868,0.000172,0.012933,-0.000799,
0.002254,0.002095,-0.001579,-0.000171,0.039450,-0.046210,-0.001119,-0.001699,0.001860,0.001655,-0.040592,-0.003523,-0.002785,0.027719,0.005457,
-0.001175,-0.001050,0.000675,-0.000567,0.015431,0.006256,0.000907,0.004175,-0.000859,-0.000853,-0.024213,-0.003107,-0.000888,-0.012487,0.016156,
-0.003502,0.000191,-0.008367,-0.000255,0.052249,0.187067,0.006382,0.000441,0.004170,0.007117,0.252088,0.011320,-0.017951,-0.125850,0.045087,
-0.006111,0.003322,0.005333,-0.000939,-0.034159,0.066054,0.005824,0.003724,0.003948,-0.005262,0.081190,0.004582,-0.005096,-0.072196,-0.008588,
0.001687,0.000002,0.000667,-0.000682,0.089861,-0.023428,0.001744,-0.003842,-0.000066,-0.000935,-0.020687,0.003492,0.002342,0.031946,0.011462,
0.000656,-0.002554,0.000297,-0.000179,0.066758,0.007401,-0.003129,-0.001910,-0.001730,-0.000001,-0.115719,-0.006630,-0.000615,-0.012612,0.021899,
-0.003543,-0.000027,0.000347,0.000040,0.011103,-0.053220,0.001797,0.000135,0.000462,-0.001227,-0.014808,0.001179,0.000288,0.003202,0.003375,
-0.007693,0.009363,-0.000383,0.000309,-0.281830,0.028434,-0.000014,0.008708,0.005838,0.001442,0.106983,-0.002325,-0.004332,0.088089,-0.187057,
-0.001042,0.001737,-0.001465,0.000717,-0.055772,0.057155,0.006910,0.007332,0.001471,0.000589,0.023181,0.006398,-0.000280,-0.016695,-0.037803,
-0.006177,0.001980,-0.000584,-0.000188,0.115933,0.049008,0.003244,0.002385,0.001940,0.003337,0.014194,0.004858,-0.005751,-0.060943,0.042958,
0.000978,-0.001500,0.000311,0.000192,0.099046,-0.031127,0.001296,0.001128,-0.000393,-0.000606,0.004324,0.001751,0.002584,0.025957,0.012285,
-0.000944,0.000847,-0.003632,-0.000071,-0.002109,0.021086,0.000810,0.003870,-0.000727,0.002485,0.021385,-0.002236,-0.001925,-0.025169,0.021067,
0.002020,0.000354,-0.005148,0.002136,0.075082,-0.047670,0.001378,0.008246,-0.003694,0.004288,-0.053788,-0.012045,0.006294,0.055205,-0.020334,
0.002054,-0.000976,-0.002995,0.000433,0.019965,-0.057637,-0.007030,0.000393,-0.000176,0.001145,0.001780,-0.008925,0.002233,-0.023547,-0.000634,
-0.000344,-0.002122,0.001654,-0.000342,-0.042174,0.033257,-0.003510,-0.003993,-0.001846,-0.002243,-0.016699,-0.002858,-0.002587,-0.000946,-0.022321,
-0.003853,0.000805,0.007893,-0.000014,-0.111229,0.014712,0.005095,0.000146,0.002413,-0.004748,0.020459,-0.005016,-0.006862,0.013517,-0.124871,
-0.002225,0.006528,0.004459,-0.000283,0.232084,0.000763,0.006709,0.035885,0.009018,0.004519,0.046742,-0.005907,0.007701,0.042042,0.022049,
0.006108,0.000534,-0.001636,0.000338,-0.004059,-0.116646,0.001632,-0.001944,-0.000616,-0.000970,-0.073155,-0.004012,0.000705,0.051139,0.024639,
-0.000773,-0.000220,0.000662,-0.001218,0.028877,0.016512,0.010578,-0.001645,0.002419,-0.000758,0.060427,0.010056,0.008494,0.042774,0.025059,
0.008896,0.022886,0.000504,-0.000877,0.195539,-0.067634,-0.002664,0.002212,-0.002131,-0.002220,-0.133986,-0.004814,-0.007299,0.015278,-0.038556,
0.003481,0.001620,-0.003529,0.000156,0.174892,-0.057577,0.005846,-0.000466,0.006883,0.001714,0.091953,0.004702,0.013170,0.055382,-0.045150,
-0.002264,-0.004538,-0.006398,0.000608,-0.034980,-0.021310,-0.007557,-0.001736,-0.009449,0.005972,-0.031842,-0.008163,0.003044,0.033966,0.003699,
-0.002576,0.000852,-0.012371,0.001204,-0.176503,0.082314,-0.010187,-0.002540,-0.006596,0.010887,0.009844,-0.009067,-0.004575,0.033998,0.011652,
-0.004428,0.003640,-0.000609,-0.000041,-0.152572,0.047471,-0.004023,-0.001173,0.003448,-0.002968,0.071914,0.004643,-0.001985,0.028156,0.020289,
0.006580,0.000057,0.000802,-0.001282,-0.076794,-0.073625,0.000707,0.000267,-0.001655,0.002753,-0.093661,-0.002328,0.001305,0.000287,0.062293,
-0.005528,-0.005391,-0.002539,-0.000179,-0.222790,0.049355,-0.000007,0.003943,-0.004907,0.002178,0.050792,0.001239,0.000224,0.016035,-0.004434,
0.000884,-0.001817,-0.004444,0.000521,0.035202,0.023768,-0.005423,-0.000253,0.000141,0.000252,0.043185,-0.000175,0.006355,-0.003774,-0.005728,
0.004779,0.002447,-0.000475,-0.000403,-0.047963,-0.039071,0.002077,-0.002884,0.000358,0.002723,-0.099465,0.000693,0.001033,-0.041297,0.069628,
-0.002747,-0.001734,-0.002573,-0.002645,0.117899,-0.013565,-0.001626,-0.011247,-0.001364,0.004956,-0.108352,-0.002378,0.001914,-0.040833,0.078907,
0.004101,0.000320,0.000961,-0.000916,0.000193,-0.033866,0.001970,-0.002305,0.001103,-0.000156,-0.012309,0.000083,-0.001679,-0.025464,0.037888,
0.000290,-0.001517,-0.002666,-0.000584,0.106606,-0.054485,-0.004258,-0.002314,-0.002414,0.002574,-0.111601,0.000914,0.003378,-0.003251,0.065149,
-0.003670,-0.001895,0.000647,-0.000363,-0.106322,0.033160,-0.001452,0.003901,-0.000171,-0.004089,0.016575,0.007654,-0.004309,0.009705,-0.011599,
-0.008966,-0.002974,0.003624,0.002077,-0.160825,0.101340,-0.000098,0.002866,-0.003683,-0.003041,0.169477,-0.001215,-0.001532,0.000190,-0.045446,
0.004686,-0.000361,0.003761,-0.002597,0.195214,-0.049046,0.005118,-0.003101,-0.000169,-0.001574,-0.088959,0.004705,-0.001665,-0.057363,0.028321,
0.004925,-0.000946,-0.000196,-0.000508,0.053998,-0.085510,0.001613,-0.002591,0.000194,0.002946,-0.115559,-0.002592,0.002478,-0.024343,0.043535,
-0.006526,-0.003856,-0.000120,0.001517,0.040682,0.027877,-0.003649,0.000236,0.001252,-0.000149,0.047689,-0.005224,-0.001682,-0.005663,-0.062296,
-0.001489,-0.002292,-0.001912,0.000313,0.004918,0.014610,-0.002097,-0.000443,-0.000813,0.001117,0.123058,-0.003291,0.004759,0.006703,-0.002387,
0.002490,0.000894,-0.000637,0.001135,-0.237731,0.024728,0.000107,-0.000298,0.000883,0.001605,-0.120026,0.007755,-0.000111,-0.008477,0.034883,
0.000347,0.002488,-0.001124,-0.000150,-0.109093,0.003836,-0.002093,0.001680,0.002337,0.000611,-0.028860,-0.001214,-0.000508,-0.001000,0.013463,
0.002467,0.000841,0.001203,-0.000564,0.054123,-0.064795,0.000869,-0.001532,-0.000044,0.001358,-0.070333,-0.001808,0.001131,-0.018130,0.018898,
0.000166,-0.001680,-0.001832,0.000148,0.008221,0.014346,-0.002279,-0.001072,-0.002750,0.003552,0.005879,-0.005509,0.002765,0.010416,0.012753,
0.001371,-0.001391,-0.001517,0.002926,-0.044182,-0.032060,0.002421,0.004069,-0.001957,-0.001575,0.009157,-0.000469,0.003306,0.090251,-0.029484,
-0.001722,0.000496,-0.003042,0.000354,0.024843,0.019510,-0.002577,-0.001378,0.000068,0.002213,0.015605,-0.003579,-0.001628,-0.032311,0.039853,
0.001557,0.000210,-0.000371,-0.000501,0.037186,-0.031004,-0.000038,-0.000329,0.000083,0.001003,-0.075395,-0.004519,0.001224,-0.018179,0.013978,
-0.002005,0.001042,-0.000554,0.000563,0.061131,0.048367,0.000171,0.000892,-0.000700,0.000136,0.121237,-0.001084,-0.000441,-0.013011,0.007272,
-0.000552,-0.000340,0.001157,-0.000178,-0.032824,0.013057,0.001057,0.001125,0.000026,-0.001858,0.059507,-0.000582,-0.001740,-0.050324,-0.020139,
-0.002007,-0.002316,-0.001072,0.000521,0.072224,-0.002070,-0.002047,-0.000006,-0.000755,0.000499,0.085583,-0.004313,-0.003158,-0.001338,-0.049851,
0.000225,-0.000429,-0.001039,-0.000318,0.013438,0.012353,0.001432,-0.001034,-0.000011,0.000584,0.036213,0.001488,0.001989,0.017497,0.016634,
-0.000133,0.000009,-0.001607,-0.000059,-0.257316,0.060632,-0.000072,0.003322,-0.000469,0.000455,-0.013983,-0.003461,0.001404,-0.017537,-0.015927,
-0.001083,-0.001193,-0.000613,0.000082,-0.025946,0.008883,0.000641,0.001224,-0.000701,-0.000142,0.091666,-0.000930,-0.001295,-0.044113,-0.044265,
-0.000653,-0.000389,-0.000024,0.000063,0.074384,-0.000243,-0.000425,0.000765,0.000048,0.000021,-0.021231,-0.001772,0.001050,-0.020675,-0.007387,
0.002012,-0.000357,-0.000066,0.000341,-0.015348,-0.038371,-0.001361,0.000054,-0.000064,0.000360,-0.021015,-0.002398,-0.000637,-0.007270,0.005860,
-0.000703,0.000130,0.000516,-0.000388,0.028278,0.013740,0.001355,-0.003169,-0.001508,-0.000476,0.122747,0.002114,0.000492,0.118412,0.062781,
0.000117,-0.001658,0.000445,-0.000059,0.135686,-0.027591,-0.000626,0.002166,-0.000425,0.000442,-0.060377,0.000727,-0.000420,-0.033914,0.023503,
0.000674,0.000190,0.001360,-0.000438,0.034540,0.054680,0.005229,-0.000778,0.000425,-0.001096,0.042671,0.005544,0.002923,0.029026,0.018514,
-0.000296,-0.000433,-0.002309,0.000532,-0.134951,0.004016,0.000145,0.002200,-0.000120,0.001346,0.132630,0.000433,-0.000234,-0.012848,-0.013099,
-0.000249,-0.000021,0.000220,0.000536,-0.113915,0.063056,0.000153,0.000514,-0.000347,-0.000413,0.053232,0.004119,0.002433,0.031019,-0.017234,
0.000101,-0.000913,0.000561,-0.000266,0.035677,0.004463,0.000300,0.000720,-0.000335,0.000076,-0.063407,0.000013,-0.000614,-0.018085,0.021697,
0.000866,0.000020,-0.000544,-0.000932,0.017869,-0.051660,-0.002030,-0.000772,0.000613,-0.000106,-0.129923,0.002315,0.000655,0.002658,0.012106,
0.000361,-0.000676,-0.000310,-0.000036,-0.046873,0.008576,-0.002667,0.000086,0.000002,-0.000007,-0.019160,-0.001333,-0.002182,0.017613,-0.006801,
0.000393,0.000133,0.000907,-0.000464,0.068501,-0.029854,-0.000219,-0.000866,0.000566,-0.000504,0.005258,-0.000937,-0.000271,0.015201,-0.013480,
-0.001286,-0.005069,0.008340,-0.001209,0.088502,0.218600,0.019977,-0.000987,0.001509,-0.008219,0.275107,0.019673,0.003934,0.078559,0.064185,
0.000833,-0.000265,0.000925,-0.000327,0.016063,-0.019146,-0.000361,0.000149,0.000229,-0.000837,-0.086241,-0.000875,-0.000550,-0.007414,-0.010589,
0.000503,-0.000031,0.000082,-0.000024,0.044172,-0.026346,0.000024,0.000665,-0.000111,-0.000881,-0.057093,-0.000201,0.000385,0.004371,-0.011499,
0.001140,-0.000087,-0.000271,0.000049,0.134922,-0.063604,-0.000467,0.000113,0.000036,0.000228,-0.150245,-0.000463,-0.000009,0.021324,0.001385,
0.001156,-0.000115,-0.000201,-0.000022,-0.031711,-0.061178,0.000343,0.000184,-0.000030,0.000315,-0.071251,-0.000089,0.001372,-0.029861,-0.005299,
-0.000377,0.000047,-0.000294,-0.000007,-0.009805,0.018426,-0.000509,0.000260,-0.000262,0.000281,-0.039055,-0.000688,0.000206,-0.023405,-0.015287,
-0.000132,0.000043,0.000296,-0.000304,0.045215,-0.002330,0.000275,-0.000138,-0.000129,0.000047,-0.032024,0.000207,0.000143,-0.032265,0.010981,
0.000876,-0.000104,-0.000463,0.000183,-0.104416,0.037488,-0.000286,0.000538,-0.000345,0.000334,-0.056337,-0.000971,-0.000200,-0.026681,-0.033272,
-0.000443,-0.000175,0.002872,-0.000377,-0.099292,0.004262,0.002745,0.000820,-0.000194,-0.003005,-0.053143,0.002323,0.000968,-0.045465,-0.024037,
0.000661,-0.000321,-0.000360,-0.000024,-0.007637,-0.026747,0.000001,0.000133,-0.000367,0.000072,-0.033132,-0.000324,0.000025,-0.015319,-0.000471,
-0.000261,0.000174,0.000526,0.000055,-0.206043,0.039019,-0.000073,0.001346,0.000215,-0.001017,0.028430,-0.001555,-0.001685,-0.007021,-0.038883,
-0.000263,0.000034,0.000305,-0.000012,-0.015385,-0.000926,0.000406,0.000472,-0.000024,-0.000447,-0.003192,-0.000333,0.000129,0.018611,-0.010250,
0.000358,0.000119,-0.002499,0.000229,0.066018,-0.016046,-0.000094,0.000125,-0.000490,0.002250,0.033752,-0.000669,-0.001812,-0.050328,0.023439,
-0.000327,-0.000589,0.000685,-0.000492,-0.105598,-0.016128,-0.000502,-0.000539,-0.000182,-0.000686,-0.008034,0.002099,0.000350,0.020818,0.008004,
0.000272,0.000397,-0.000185,-0.000192,0.063628,-0.057186,0.001258,0.001317,0.000205,0.000134,0.043864,0.000846,0.000361,-0.043833,0.008942,
-0.001648,0.000123,0.000846,-0.000014,0.116799,0.016558,-0.001377,0.001145,-0.000123,-0.000129,0.090795,-0.003008,0.000465,-0.081484,-0.019182,
-0.001002,0.000192,0.001131,-0.000620,0.167601,0.044764,0.004231,-0.005078,-0.000907,-0.000051,-0.101628,0.006020,0.001029,-0.022728,0.043257,
0.000408,0.000596,-0.000563,-0.000140,0.119824,-0.079349,0.001246,-0.000606,0.000859,0.000385,-0.008330,0.000182,-0.000361,0.033275,0.014023,
-0.000326,0.000560,0.001874,0.000050,0.067874,0.000029,-0.001092,-0.001711,0.000049,-0.002250,0.004807,0.002339,0.000230,0.072480,-0.028672,
0.000062,0.000376,-0.000030,0.000288,-0.381102,0.020770,0.002572,0.000549,0.000564,-0.000431,0.027376,0.000331,0.000825,0.013798,-0.036305,
-0.000222,-0.000064,0.000236,-0.000127,0.048871,0.010105,0.022117,0.004344,0.001224,0.000917,-0.265825,0.022339,0.004501,-0.054900,0.004441,
0.000677,-0.000668,0.000967,-0.000694,0.165010,0.016443,0.002244,0.003353,-0.001305,0.000111,-0.073937,0.004344,0.000464,0.008915,0.069429,
0.000515,0.000090,0.000289,-0.000273,-0.020804,-0.016940,-0.000276,-0.001085,-0.000094,-0.000282,0.022119,-0.000502,-0.001418,0.009116,0.022755,
-0.000739,0.000467,0.000569,0.000861,-0.237904,0.001328,0.005943,-0.000766,0.000694,-0.001695,0.084571,0.006147,-0.000251,0.084286,-0.075543,
-0.000762,0.000986,0.000017,0.000684,-0.183555,0.033793,-0.002115,0.000464,0.001028,-0.001799,0.188968,0.001103,-0.000653,-0.028926,-0.046671,
-0.000223,0.000275,-0.000048,-0.000610,-0.057244,0.022939,-0.008925,-0.000681,0.000635,-0.000342,-0.056204,-0.005925,-0.000505,0.011322,0.009846,
0.000484,-0.000334,-0.000515,-0.000019,0.005765,-0.020852,-0.004711,0.000726,-0.000397,0.000245,-0.000914,-0.008477,-0.000065,-0.015466,0.007443,
0.000887,-0.000786,-0.000126,0.000090,0.045151,-0.036153,-0.003707,-0.000211,-0.001016,-0.000379,-0.083481,0.005731,0.000015,-0.006957,0.008727,
0.001509,-0.000387,0.000643,-0.000275,0.075133,-0.019837,-0.000148,-0.000015,-0.000320,-0.000391,-0.023607,-0.001400,-0.000009,-0.003976,-0.002763,
-0.000446,-0.000105,0.001194,-0.000100,0.020938,0.024145,0.001830,-0.000150,0.000315,-0.001136,0.092823,0.001891,-0.001754,-0.016196,-0.008806,
0.000305,0.000139,0.000183,0.000498,0.067304,0.030595,-0.001757,0.000214,-0.000193,0.000228,-0.012979,-0.006267,0.000103,-0.023267,-0.015967,
0.001716,-0.000560,-0.000378,-0.000291,0.153538,-0.038661,-0.000806,0.001013,-0.000234,-0.002488,-0.058280,0.005280,0.001158,0.025505,-0.063657,
-0.000709,-0.000638,0.000958,0.000262,-0.096514,0.042973,0.000014,0.002475,-0.000558,-0.001506,0.060912,-0.001062,-0.002953,-0.059449,-0.042419,
-0.002313,-0.000747,-0.000118,0.000112,0.066896,-0.016905,0.000521,-0.000286,-0.000980,0.000202,0.024426,-0.001216,-0.000176,-0.016394,-0.014400,
-0.000722,0.001435,0.000724,0.001340,-0.109922,0.019036,0.001681,0.001086,0.000817,-0.000931,0.056198,0.003124,0.000298,0.030978,-0.073292,
-0.000161,-0.000537,0.003005,-0.000577,-0.189977,0.043513,-0.005689,0.003059,-0.000979,-0.002695,-0.002688,-0.009499,-0.001826,0.001712,-0.008234,
0.001002,0.000009,-0.001818,0.000305,0.008910,-0.061959,-0.006644,0.002332,-0.000063,0.001763,-0.017109,-0.006528,0.000333,-0.019772,-0.028844,
0.002362,-0.000449,0.000411,-0.000354,0.080769,-0.041945,-0.007957,-0.005075,0.000078,-0.001725,-0.027472,-0.005933,0.001344,0.047469,-0.004410,
0.000121,0.000413,-0.002689,0.000179,0.084974,-0.003997,-0.001551,0.001684,-0.000506,0.001602,-0.003292,-0.004390,0.003560,0.005379,-0.009046,
-0.001197,0.000505,0.003011,0.000388,0.027803,-0.001496,0.005927,-0.002146,-0.001329,-0.002328,0.080676,0.001419,-0.001482,0.069988,0.016902,
-0.004649,0.001927,0.007032,0.000127,-0.054698,0.005745,-0.006639,0.000301,0.001634,-0.006388,0.138053,-0.007656,-0.007760,0.011055,-0.034026,
-0.000655,0.000823,0.001335,-0.001595,0.006305,-0.002109,0.004729,-0.000123,-0.000017,0.000268,0.011632,0.006912,0.000911,-0.005178,0.050594,
0.000457,-0.001323,0.007535,-0.000032,0.002302,-0.077337,0.002495,0.004552,0.002746,-0.010247,0.067299,0.011516,0.001963,0.065102,-0.128733,
0.000628,-0.000175,-0.002473,-0.001891,0.002706,0.026942,-0.002664,-0.003497,-0.001385,0.006038,-0.054518,-0.004014,-0.003674,-0.028473,0.041769,
