0.077852,
-0.687795,
1.066380,
-0.019999,
0.064403,
-0.701734,
1.051916,
-0.034512,
0.054442,
-0.710833,
1.042737,
-0.043621,
0.047100,
-0.716339,
1.036728,
-0.049217,
0.043288,
-0.721355,
1.031576,
-0.054029,
0.043204,
-0.722438,
1.030691,
-0.054833,
0.044236,
-0.722645,
1.030962,
-0.054521,
0.046160,
-0.722362,
1.031963,
-0.053506,
0.048487,
-0.722327,
1.032812,
-0.052511,
0.051850,
-0.721238,
1.034875,
-0.050381,
0.056674,
-0.719620,
1.037334,
-0.047902,
0.061958,
-0.718091,
1.039924,
-0.045333,
0.068437,
-0.713298,
1.045558,
-0.039622,
0.074681,
-0.708673,
1.051049,
-0.033811,
0.081514,
-0.703398,
1.057241,
-0.027571,
0.089744,
-0.698405,
1.063465,
-0.021146,
0.098852,
-0.693182,
1.069739,
-0.014665,
0.106414,
-0.688887,
1.075019,
-0.009411,
0.111790,
-0.685642,
1.078831,
-0.005468,
0.117689,
-0.682255,
1.082962,
-0.000897,
0.123971,
-0.678649,
1.087698,
0.004286,
0.134970,
-0.669601,
1.096596,
0.014564,
0.147293,
-0.660353,
1.105581,
0.025117,
0.158361,
-0.652350,
1.113279,
0.034267,
0.162278,
-0.648616,
1.116195,
0.038801,
0.167355,
-0.643128,
1.121127,
0.045027,
0.171647,
-0.638163,
1.126521,
0.051593,
0.174014,
-0.633894,
1.131510,
0.057288,
0.176615,
-0.629333,
1.136840,
0.063199,
0.177888,
-0.625624,
1.140907,
0.067954,
0.178536,
-0.623066,
1.143654,
0.071418,
0.180130,
-0.619838,
1.148419,
0.076862,
0.181924,
-0.616819,
1.153988,
0.082962,
0.183419,
-0.614164,
1.159574,
0.089029,
0.185345,
-0.611532,
1.165927,
0.095972,
0.187210,
-0.607820,
1.175878,
0.106397,
0.188525,
-0.604433,
1.184605,
0.115331,
0.193874,
-0.600394,
1.194629,
0.125894,
0.199045,
-0.596387,
1.205006,
0.136587,
0.201947,
-0.593028,
1.213886,
0.145536,
0.205276,
-0.589316,
1.222537,
0.154190,
0.207943,
-0.586271,
1.229865,
0.161603,
0.211590,
-0.582617,
1.238577,
0.170551,
0.214986,
-0.579006,
1.246964,
0.179169,
0.217312,
-0.575889,
1.254651,
0.187011,
0.219633,
-0.572668,
1.262109,
0.194582,
0.220865,
-0.570270,
1.268519,
0.200832,
0.222318,
-0.567909,
1.274414,
0.206564,
0.223924,
-0.565021,
1.280382,
0.212288,
0.225559,
-0.562416,
1.285829,
0.217532,
0.226308,
-0.559949,
1.290672,
0.222129,
0.227256,
-0.557682,
1.295052,
0.226348,
0.226158,
-0.556699,
1.297630,
0.228470,
0.224315,
-0.555897,
1.299771,
0.230201,
0.223018,
-0.554628,
1.302092,
0.232233,
0.221232,
-0.553632,
1.303926,
0.233814,
0.219668,
-0.553239,
1.305137,
0.234834,
0.218698,
-0.552860,
1.306326,
0.235752,
0.217803,
-0.552992,
1.307312,
0.236548,
0.214658,
-0.554122,
1.307733,
0.236348,
0.211281,
-0.554987,
1.308301,
0.236206,
0.207171,
-0.556109,
1.308475,
0.235746,
0.203412,
-0.557443,
1.308322,
0.235035,
0.199986,
-0.558445,
1.308319,
0.234546,
0.191781,
-0.560873,
1.306955,
0.231497,
0.187305,
-0.561553,
1.306769,
0.230489,
0.183515,
-0.562155,
1.306490,
0.229452,
0.179250,
-0.562690,
1.304336,
0.226924,
0.173718,
-0.564190,
1.296733,
0.218933,
0.168205,
-0.565934,
1.289268,
0.211018,
0.163647,
-0.567458,
1.282038,
0.203536,
0.159486,
-0.569405,
1.274895,
0.196274,
0.155352,
-0.570310,
1.268588,
0.189780,
0.152349,
-0.570661,
1.263103,
0.184256,
0.149421,
-0.571184,
1.257601,
0.178831,
0.148325,
-0.570662,
1.253656,
0.175225,
0.146766,
-0.570247,
1.250555,
0.172598,
0.147386,
-0.569230,
1.248246,
0.171144,
0.148125,
-0.567086,
1.247557,
0.171200,
0.149255,
-0.565037,
1.247023,
0.171338,
0.152459,
-0.562596,
1.247522,
0.172608,
0.154263,
-0.561513,
1.244999,
0.171140,
0.158292,
-0.559224,
1.243379,
0.171121,
0.161779,
-0.557395,
1.241704,
0.170943,
0.164674,
-0.555681,
1.239978,
0.170411,
0.166958,
-0.553947,
1.238638,
0.170031,
0.169234,
-0.551905,
1.237988,
0.170355,
0.170616,
-0.551033,
1.234486,
0.168091,
0.172283,
-0.549967,
1.231962,
0.166607,
0.174844,
-0.548588,
1.230174,
0.166152,
0.177330,
-0.547740,
1.228046,
0.165275,
0.179521,
-0.547169,
1.226153,
0.164472,
0.179714,
-0.547944,
1.223445,
0.162153,
0.179367,
-0.549106,
1.220468,
0.159573,
0.181272,
-0.547824,
1.218936,
0.159195,
0.184018,
-0.545238,
1.218730,
0.160103,
0.186264,
-0.542987,
1.218428,
0.160836,
0.189336,
-0.539728,
1.219387,
0.163017,
0.193377,
-0.536305,
1.220232,
0.165160,
0.196945,
-0.533200,
1.220742,
0.166856,
0.201560,
-0.529452,
1.222035,
0.169737,
0.205425,
-0.526207,
1.223053,
0.172281,
0.210332,
-0.522724,
1.224346,
0.174892,
0.215372,
-0.519043,
1.226338,
0.178407,
0.220489,
-0.515228,
1.228539,
0.182193,
0.224657,
-0.512268,
1.229645,
0.184888,
0.229702,
-0.508614,
1.231346,
0.188192,
0.233863,
-0.505054,
1.233220,
0.191491,
0.237467,
-0.501992,
1.234687,
0.194292,
0.242372,
-0.498491,
1.237960,
0.199183,
0.244355,
-0.495625,
1.240355,
0.202445,
0.246108,
-0.494099,
1.241615,
0.204559,
0.251206,
-0.489642,
1.244788,
0.209097,
0.257583,
-0.483422,
1.249553,
0.214719,
0.263453,
-0.477912,
1.253653,
0.219668,
0.277044,
-0.467433,
1.259339,
0.228947,
0.289230,
-0.457958,
1.264629,
0.237477,
0.300284,
-0.449965,
1.268892,
0.244661,
0.310736,
-0.442265,
1.273265,
0.251816,
0.321177,
-0.434558,
1.277841,
0.259168,
0.330474,
-0.427865,
1.281548,
0.265437,
0.341924,
-0.419530,
1.285789,
0.272576,
0.352354,
-0.412107,
1.289564,
0.278985,
0.361675,
-0.405416,
1.292872,
0.284709,
0.369986,
-0.399437,
1.295622,
0.289688,
0.377554,
-0.393813,
1.298305,
0.294364,
0.383599,
-0.389764,
1.299900,
0.297807,
0.390647,
-0.385103,
1.301801,
0.301847,
0.396948,
-0.380860,
1.303558,
0.305541,
0.403073,
-0.376787,
1.305528,
0.309557,
0.409335,
-0.372578,
1.307754,
0.313685,
0.416232,
-0.368319,
1.310012,
0.318373,
0.422695,
-0.364055,
1.312593,
0.323083,
0.427633,
-0.361714,
1.314191,
0.326525,
0.432027,
-0.359675,
1.315438,
0.329465,
0.435995,
-0.357833,
1.316557,
0.332119,
0.439454,
-0.356171,
1.317693,
0.334615,
0.442461,
-0.354942,
1.318362,
0.336572,
0.445709,
-0.353507,
1.319006,
0.338617,
0.448565,
-0.352245,
1.319467,
0.340369,
0.451324,
-0.351047,
1.319803,
0.341961,
0.453501,
-0.350448,
1.319706,
0.342891,
0.456012,
-0.349614,
1.319723,
0.343952,
0.459030,
-0.348553,
1.319752,
0.345297,
0.461798,
-0.347606,
1.319793,
0.346519,
0.464731,
-0.346814,
1.319707,
0.347563,
0.467251,
-0.346306,
1.319302,
0.348155,
0.469819,
-0.345690,
1.318989,
0.348856,
0.471603,
-0.345877,
1.318327,
0.348863,
0.473473,
-0.346020,
1.317779,
0.349068,
0.475402,
-0.345890,
1.317636,
0.349661,
0.477160,
-0.346132,
1.317151,
0.349822,
0.478770,
-0.346373,
1.316767,
0.350015,
0.480387,
-0.346643,
1.316435,
0.350211,
0.481880,
-0.346793,
1.316275,
0.350511,
0.484031,
-0.346357,
1.316435,
0.351386,
0.485654,
-0.346399,
1.316092,
0.351778,
0.487551,
-0.346325,
1.315586,
0.352112,
0.489941,
-0.345573,
1.315563,
0.352928,
0.492004,
-0.344940,
1.315455,
0.353476,
0.494773,
-0.343831,
1.316054,
0.354767,
0.497214,
-0.343070,
1.316458,
0.355824,
0.499199,
-0.342838,
1.316413,
0.356425,
0.501681,
-0.342236,
1.316551,
0.357341,
0.504163,
-0.341397,
1.316945,
0.358410,
0.505988,
-0.341423,
1.316685,
0.358837,
0.507559,
-0.341445,
1.316455,
0.359235,
0.509088,
-0.341362,
1.316378,
0.359700,
0.510474,
-0.341313,
1.316264,
0.360085,
0.511768,
-0.341068,
1.316330,
0.360578,
0.513337,
-0.340614,
1.316974,
0.361604,
0.514691,
-0.340328,
1.317377,
0.362388,
0.515749,
-0.340334,
1.317839,
0.363131,
0.515997,
-0.341454,
1.317352,
0.363005,
0.517058,
-0.341809,
1.317367,
0.363681,
0.519469,
-0.341159,
1.317620,
0.365191,
0.521604,
-0.340662,
1.317728,
0.366449,
0.523486,
-0.340007,
1.317987,
0.367736,
0.525002,
-0.340194,
1.317660,
0.368357,
0.526277,
-0.340547,
1.317118,
0.368714,
0.527481,
-0.340823,
1.316694,
0.369096,
0.528609,
-0.341076,
1.316310,
0.369438,
0.529163,
-0.342168,
1.315522,
0.369237,
0.529584,
-0.343308,
1.314541,
0.368821,
0.528666,
-0.345824,
1.312530,
0.367522,
0.528466,
-0.347304,
1.311951,
0.367748,
0.528335,
-0.348431,
1.311574,
0.368078,
0.528438,
-0.349044,
1.311662,
0.368725,
0.529193,
-0.349160,
1.312154,
0.369940,
0.530087,
-0.349228,
1.312717,
0.371261,
0.531123,
-0.349542,
1.313372,
0.372937,
0.532106,
-0.349818,
1.313979,
0.374460,
0.533352,
-0.349578,
1.314901,
0.376162,
0.534575,
-0.349301,
1.315783,
0.377801,
0.535778,
-0.349062,
1.316690,
0.379369,
0.536912,
-0.348799,
1.317584,
0.380844,
0.538760,
-0.348192,
1.319019,
0.383129,
0.540151,
-0.348006,
1.319692,
0.384649,
0.541373,
-0.347907,
1.320331,
0.386034,
0.542530,
-0.347704,
1.321056,
0.387414,
0.543982,
-0.346904,
1.322261,
0.389248,
0.545652,
-0.345960,
1.323629,
0.391255,
0.548034,
-0.344626,
1.324863,
0.393304,
0.550869,
-0.343119,
1.326288,
0.395791,
0.554104,
-0.341338,
1.327978,
0.398694,
0.556971,
-0.339837,
1.329319,
0.401158,
0.559385,
-0.338570,
1.330294,
0.403191,
0.561628,
-0.336985,
1.331782,
0.405560,
0.563051,
-0.336072,
1.332774,
0.407208,
0.564369,
-0.335248,
1.333724,
0.408747,
0.565497,
-0.334457,
1.334605,
0.410160,
0.566416,
-0.334076,
1.334924,
0.411021,
0.567824,
-0.333231,
1.335841,
0.412574,
0.568992,
-0.332561,
1.336557,
0.413886,
0.570548,
-0.331494,
1.337736,
0.415715,
0.572255,
-0.330280,
1.338966,
0.417672,
0.573941,
-0.329097,
1.340282,
0.419605,
0.575462,
-0.327980,
1.341525,
0.421408,
0.576572,
-0.327957,
1.342013,
0.422572,
0.577653,
-0.328518,
1.341740,
0.423075,
0.578464,
-0.329312,
1.341337,
0.423338,
0.579078,
-0.329945,
1.341077,
0.423664,
0.580077,
-0.329782,
1.341775,
0.425038,
0.580993,
-0.329565,
1.342467,
0.426338,
0.581790,
-0.329535,
1.342880,
0.427326,
0.582524,
-0.329521,
1.343242,
0.428214,
0.583632,
-0.329176,
1.344004,
0.429486,
0.584628,
-0.328896,
1.344642,
0.430592,
0.585149,
-0.328914,
1.345053,
0.431265,
0.585535,
-0.329025,
1.345266,
0.431741,
0.585903,
-0.329257,
1.345281,
0.432077,
0.586688,
-0.329055,
1.345585,
0.432797,
0.587345,
-0.330126,
1.343926,
0.431629,
0.588161,
-0.331144,
1.342345,
0.430556,
0.588821,
-0.332257,
1.340725,
0.429422,
0.589322,
-0.333347,
1.339084,
0.428256,
0.589728,
-0.334423,
1.337452,
0.427088,
0.589941,
-0.335724,
1.335500,
0.425625,
0.590169,
-0.336725,
1.334025,
0.424562,
0.592055,
-0.336731,
1.333103,
0.424494,
0.593989,
-0.336731,
1.332338,
0.424560,
0.595813,
-0.336488,
1.331945,
0.425048,
0.597664,
-0.336197,
1.331748,
0.425757,
0.599373,
-0.335806,
1.331775,
0.426574,
0.601208,
-0.334954,
1.332125,
0.427906,
0.602979,
-0.334103,
1.332622,
0.429252,
0.604634,
-0.333088,
1.333650,
0.431027,
0.606083,
-0.332214,
1.334547,
0.432613,
0.607380,
-0.331467,
1.335249,
0.433950,
0.608609,
-0.330789,
1.335915,
0.435183,
0.609851,
-0.329839,
1.337074,
0.436775,
0.610996,
-0.328898,
1.338284,
0.438340,
0.611830,
-0.328111,
1.339384,
0.439734,
0.612617,
-0.327403,
1.340382,
0.440992,
0.613332,
-0.326787,
1.341268,
0.442119,
0.614043,
-0.326326,
1.341928,
0.443010,
0.614463,
-0.326045,
1.342264,
0.443563,
0.614815,
-0.325884,
1.342414,
0.443926,
0.615103,
-0.325783,
1.342492,
0.444211,
0.615313,
-0.325756,
1.342351,
0.444292,
0.615432,
-0.325908,
1.341877,
0.444075,
0.615525,
-0.326075,
1.341472,
0.443880,
0.615642,
-0.326187,
1.341162,
0.443759,
0.616288,
-0.325827,
1.341154,
0.444096,
0.616891,
-0.325434,
1.341346,
0.444578,
0.617716,
-0.324796,
1.342051,
0.445467,
0.618533,
-0.324109,
1.342788,
0.446461,
0.619214,
-0.323730,
1.343179,
0.447123,
0.620613,
-0.322676,
1.344288,
0.448590,
0.621891,
-0.321712,
1.345409,
0.450013,
0.623633,
-0.320233,
1.347224,
0.452218,
0.625276,
-0.318851,
1.348926,
0.454258,
0.626763,
-0.317642,
1.350383,
0.456046,
0.628295,
-0.316482,
1.351845,
0.457868,
0.629415,
-0.315805,
1.352493,
0.458951,
0.630156,
-0.315289,
1.352876,
0.459788,
0.631265,
-0.314484,
1.353270,
0.460968,
0.632224,
-0.313815,
1.353523,
0.461948,
0.635170,
-0.312634,
1.354237,
0.463783,
0.638108,
-0.310160,
1.356664,
0.467200,
0.641319,
-0.307921,
1.358594,
0.470328,
0.643794,
-0.306369,
1.359835,
0.472535,
0.646496,
-0.302884,
1.363950,
0.477163,
0.648918,
-0.299759,
1.367584,
0.481275,
0.651906,
-0.296370,
1.371042,
0.485693,
0.654698,
-0.292848,
1.374720,
0.490335,
0.657344,
-0.289596,
1.377972,
0.494481,
0.659773,
-0.286653,
1.381015,
0.498311,
0.662581,
-0.283297,
1.384644,
0.502832,
0.665132,
-0.280277,
1.387914,
0.506907,
0.667314,
-0.278158,
1.390063,
0.509873,
0.669374,
-0.276121,
1.392270,
0.512777,
0.671268,
-0.274523,
1.393972,
0.515125,
0.672926,
-0.273162,
1.395388,
0.517149,
0.674432,
-0.272166,
1.396429,
0.518776,
0.675805,
-0.271225,
1.397368,
0.520238,
0.676955,
-0.270470,
1.398010,
0.521388,
0.678075,
-0.269515,
1.398862,
0.522696,
0.679191,
-0.268586,
1.399798,
0.524023,
0.680244,
-0.266977,
1.401439,
0.526008,
0.681066,
-0.265617,
1.402690,
0.527600,
0.681612,
-0.264626,
1.403163,
0.528422,
0.682274,
-0.262870,
1.404522,
0.529976,
0.683132,
-0.259483,
1.407611,
0.532991,
0.683887,
-0.256566,
1.410270,
0.535599,
0.684391,
-0.254261,
1.412898,
0.538255,
0.684798,
-0.251797,
1.415659,
0.541018,
0.685314,
-0.249059,
1.419678,
0.545071,
0.685807,
-0.246767,
1.423432,
0.548900,
0.685588,
-0.247556,
1.424845,
0.550387,
0.685310,
-0.248482,
1.426065,
0.551682,
0.684785,
-0.250039,
1.426600,
0.552222,
0.684194,
-0.251715,
1.426822,
0.552490,
0.683457,
-0.251775,
1.427521,
0.553153,
0.687608,
-0.245985,
1.433295,
0.559392,
0.691265,
-0.241096,
1.438115,
0.564693,
0.694666,
-0.236564,
1.442581,
0.569570,
0.697699,
-0.232642,
1.446243,
0.573650,
0.700414,
-0.229200,
1.449422,
0.577226,
0.703430,
-0.225319,
1.452935,
0.581197,
0.706120,
-0.221133,
1.456908,
0.585479,
0.708547,
-0.217004,
1.460715,
0.589647,
0.710470,
-0.214005,
1.463217,
0.592608,
0.712204,
-0.211110,
1.465510,
0.595308,
0.713800,
-0.208752,
1.467557,
0.597714,
0.714881,
-0.207621,
1.468834,
0.599355,
0.715746,
-0.207156,
1.469454,
0.600385,
0.716055,
-0.206601,
1.469910,
0.601209,
0.713656,
-0.210687,
1.464225,
0.596809,
0.711062,
-0.213983,
1.459705,
0.593338,
0.708600,
-0.217217,
1.455475,
0.590079,
0.706273,
-0.219822,
1.450917,
0.586534,
0.704670,
-0.222528,
1.445898,
0.582717,
0.703198,
-0.226296,
1.440426,
0.578377,
0.701722,
-0.232399,
1.433499,
0.572645,
0.700788,
-0.236546,
1.428179,
0.568409,
0.699979,
-0.240112,
1.423525,
0.564712,
0.699411,
-0.242941,
1.419664,
0.561672,
0.699540,
-0.245902,
1.415294,
0.558290,
0.699597,
-0.249355,
1.410670,
0.554655,
0.699656,
-0.250674,
1.407689,
0.552566,
0.699755,
-0.252166,
1.404867,
0.550566,
0.700083,
-0.253023,
1.402958,
0.549319,
0.700372,
-0.254699,
1.400446,
0.547488,
0.700608,
-0.255999,
1.398202,
0.545862,
0.701343,
-0.256432,
1.396564,
0.545102,
0.702609,
-0.256454,
1.395220,
0.544746,
0.703968,
-0.256399,
1.394279,
0.544646,
0.705076,
-0.256950,
1.392770,
0.543982,
0.706063,
-0.257265,
1.391501,
0.543480,
0.707650,
-0.256753,
1.391308,
0.544090,
0.708564,
-0.258169,
1.386164,
0.540168,
0.709221,
-0.260126,
1.380865,
0.536084,
0.710906,
-0.259956,
1.377886,
0.534428,
0.713073,
-0.258918,
1.376525,
0.534582,
0.715998,
-0.254164,
1.377828,
0.537325,
0.718852,
-0.248685,
1.380372,
0.540976,
0.721578,
-0.242673,
1.383691,
0.545168,
0.724678,
-0.235882,
1.387908,
0.550043,
0.727564,
-0.229631,
1.391828,
0.554553,
0.730810,
-0.222556,
1.396853,
0.560276,
0.730124,
-0.235719,
1.386741,
0.551007,
0.729927,
-0.243439,
1.382967,
0.547609,
0.728865,
-0.251651,
1.377788,
0.543183,
0.727996,
-0.258475,
1.373875,
0.539851,
0.729641,
-0.264077,
1.369805,
0.537599,
0.732204,
-0.268343,
1.366621,
0.536341,
0.731070,
-0.276274,
1.360027,
0.531259,
0.730716,
-0.282625,
1.355365,
0.527697,
0.756644,
-0.253932,
1.380853,
0.555019,
0.779912,
-0.228088,
1.403610,
0.579460,
0.801070,
-0.204343,
1.424982,
0.602168,
0.820228,
-0.182905,
1.444492,
0.622842,
0.837281,
-0.163709,
1.461809,
0.641143,
0.852828,
-0.146313,
1.477401,
0.657688,
0.866637,
-0.130835,
1.491073,
0.672240,
0.879190,
-0.116812,
1.503470,
0.685446,
0.890556,
-0.104216,
1.514675,
0.697380,
0.900733,
-0.092790,
1.525032,
0.708336,
0.909755,
-0.083212,
1.533403,
0.717404,
0.917928,
-0.074599,
1.540916,
0.725565,
0.925322,
-0.066800,
1.547694,
0.732954,
0.931981,
-0.059770,
1.553775,
0.739594,
0.937991,
-0.053441,
1.559265,
0.745599,
0.943415,
-0.047714,
1.564218,
0.751025,
0.948353,
-0.042539,
1.568643,
0.755898,
0.952717,
-0.038095,
1.572093,
0.759764,
0.956640,
-0.034117,
1.575135,
0.763195,
0.960180,
-0.030556,
1.577851,
0.766267,
0.963288,
-0.027528,
1.579995,
0.768757,
0.966036,
-0.024826,
1.581783,
0.770886,
0.968570,
-0.022378,
1.583465,
0.772873,
0.970833,
-0.020245,
1.584916,
0.774608,
0.972857,
-0.018419,
1.586076,
0.776049,
0.974683,
-0.016797,
1.587080,
0.777314,
0.976348,
-0.015145,
1.588214,
0.778645,
0.977810,
-0.013678,
1.589240,
0.779846,
0.979135,
-0.012260,
1.590332,
0.781068,
0.980318,
-0.011004,
1.591276,
0.782136,
0.981384,
-0.009996,
1.592106,
0.783076,
0.982329,
-0.009128,
1.592889,
0.783954,
0.983158,
-0.008320,
1.593614,
0.784762,
0.983913,
-0.007580,
1.594276,
0.785513,
0.984646,
-0.006758,
1.595073,
0.786384,
0.985341,
-0.005957,
1.595918,
0.787272,
0.985918,
-0.005337,
1.596328,
0.787787,
0.986306,
-0.004905,
1.596489,
0.788066,
0.986593,
-0.004910,
1.596254,
0.788007,
0.986824,
-0.004908,
1.596070,
0.787982,
0.987210,
-0.003528,
1.597309,
0.789180,
0.987453,
-0.002440,
1.598293,
0.790139,
0.987465,
-0.001390,
1.599217,
0.791011,
0.987440,
-0.000532,
1.599963,
0.791717,
0.987192,
0.000041,
1.600367,
0.792056,
0.986907,
0.000633,
1.600876,
0.792556,
0.986676,
0.001341,
1.601557,
0.793193,
0.986275,
0.001794,
1.601302,
0.793013,
0.985792,
0.002021,
1.600583,
0.792428,
0.985239,
0.002141,
1.599724,
0.791692,
0.984727,
0.002274,
1.598992,
0.791061,
0.984211,
0.002301,
1.598105,
0.790305,
0.983556,
0.002141,
1.597160,
0.789497,
0.982977,
0.002132,
1.596405,
0.788842,
0.982530,
0.002430,
1.596003,
0.788501,
0.982082,
0.002401,
1.595296,
0.787905,
0.981580,
0.002312,
1.594606,
0.787296,
0.981169,
0.002487,
1.594274,
0.787000,
0.980797,
0.002572,
1.593980,
0.786740,
0.980516,
0.002789,
1.593872,
0.786663,
0.980233,
0.002769,
1.593422,
0.786300,
0.980138,
0.003860,
1.594276,
0.787025,
0.980042,
0.004808,
1.595016,
0.787654,
0.979681,
0.005112,
1.595114,
0.787640,
0.979291,
0.005398,
1.595229,
0.787648,
0.978950,
0.005655,
1.595404,
0.787714,
0.978574,
0.005791,
1.595471,
0.787664,
0.978195,
0.005919,
1.595382,
0.787493,
0.977776,
0.006185,
1.595375,
0.787401,
0.977255,
0.006112,
1.595033,
0.786996,
0.976990,
0.006238,
1.595941,
0.787639,
0.976667,
0.006224,
1.596626,
0.788088,
0.976362,
0.006209,
1.597185,
0.788445,
0.975936,
0.006053,
1.597276,
0.788407,
0.975468,
0.005856,
1.596938,
0.788018,
0.975101,
0.005680,
1.596586,
0.787631,
0.974765,
0.005521,
1.596264,
0.787277,
0.974476,
0.005442,
1.596056,
0.787027,
0.974039,
0.005183,
1.595419,
0.786431,
0.973818,
0.004661,
1.595861,
0.786773,
0.973897,
0.004307,
1.598008,
0.788509,
0.973961,
0.003981,
1.599866,
0.790008,
0.973908,
0.003605,
1.601370,
0.791199,
0.973690,
0.003039,
1.602438,
0.792043,
0.973484,
0.002520,
1.603402,
0.792807,
0.973334,
0.002121,
1.604403,
0.793601,
0.973208,
0.001792,
1.605354,
0.794355,
0.972526,
0.001207,
1.605958,
0.794714,
0.971726,
-0.000175,
1.605490,
0.794136,
0.969743,
-0.002543,
1.604002,
0.792271,
0.967667,
-0.005167,
1.602086,
0.790021,
0.965841,
-0.007490,
1.600459,
0.788072,
0.964215,
-0.009558,
1.599055,
0.786363,
0.962872,
-0.011350,
1.597996,
0.784980,
0.961607,
-0.012769,
1.597099,
0.783771,
0.960463,
-0.014067,
1.596272,
0.782665,
0.959409,
-0.015084,
1.595660,
0.781777,
0.958571,
-0.015841,
1.595375,
0.781189,
0.957889,
-0.016395,
1.595350,
0.780846,
0.957013,
-0.017055,
1.595165,
0.780291,
0.956194,
-0.017708,
1.594929,
0.779743,
0.955377,
-0.018389,
1.594598,
0.779102,
0.954628,
-0.019159,
1.594154,
0.778363,
0.954144,
-0.019745,
1.593852,
0.777815,
0.954158,
-0.019387,
1.594987,
0.778575,
0.954218,
-0.019058,
1.595974,
0.779248,
0.954270,
-0.018766,
1.596883,
0.779874,
0.954249,
-0.018580,
1.597582,
0.780329,
0.954396,
-0.018287,
1.598325,
0.780857,
0.954461,
-0.018077,
1.598921,
0.781273,
0.954554,
-0.017834,
1.599512,
0.781691,
0.954686,
-0.017553,
1.600163,
0.782163,
0.954811,
-0.017303,
1.600723,
0.782566,
0.954918,
-0.017080,
1.601232,
0.782938,
0.954987,
-0.016915,
1.601648,
0.783239,
0.955081,
-0.016823,
1.602039,
0.783528,
0.955161,
-0.016732,
1.602395,
0.783793,
0.955240,
-0.016657,
1.602733,
0.784045,
0.955283,
-0.016632,
1.602997,
0.784230,
0.955214,
-0.016648,
1.603183,
0.784325,
0.955160,
-0.016654,
1.603368,
0.784424,
0.955164,
-0.016606,
1.603633,
0.784593,
0.954908,
-0.016980,
1.603395,
0.784351,
0.954664,
-0.017336,
1.603136,
0.784099,
0.954493,
-0.017597,
1.602960,
0.783924,
0.954368,
-0.017776,
1.602882,
0.783833,
0.954279,
-0.017922,
1.602833,
0.783768,
0.954197,
-0.018054,
1.602821,
0.783735,
0.954085,
-0.018154,
1.602838,
0.783720,
0.953992,
-0.018248,
1.602881,
0.783734,
0.953910,
-0.018346,
1.602912,
0.783740,
0.953903,
-0.018272,
1.603242,
0.784017,
0.954046,
-0.018015,
1.603746,
0.784493,
0.954350,
-0.017766,
1.604172,
0.784919,
0.954732,
-0.017371,
1.604711,
0.785456,
0.955048,
-0.017115,
1.605111,
0.785863,
0.955328,
-0.016856,
1.605539,
0.786284,
0.955592,
-0.016603,
1.605958,
0.786691,
0.955846,
-0.016445,
1.606312,
0.787037,
0.956079,
-0.016300,
1.606649,
0.787365,
0.956287,
-0.016180,
1.606941,
0.787650,
0.956478,
-0.016051,
1.607215,
0.787914,
0.956666,
-0.015923,
1.607493,
0.788175,
0.956854,
-0.015745,
1.607850,
0.788499,
0.957118,
-0.015089,
1.608674,
0.789233,
0.957358,
-0.014458,
1.609425,
0.789905,
0.957627,
-0.013860,
1.610262,
0.790679,
0.957913,
-0.013201,
1.611274,
0.791587,
0.958345,
-0.012318,
1.612428,
0.792667,
0.958712,
-0.011549,
1.613361,
0.793551,
0.958934,
-0.011287,
1.613562,
0.793762,
0.959246,
-0.010904,
1.613939,
0.794124,
0.959535,
-0.010559,
1.614310,
0.794480,
0.959839,
-0.010282,
1.614623,
0.794800,
0.960200,
-0.009958,
1.614891,
0.795131,
0.960575,
-0.009728,
1.614854,
0.795180,
0.960930,
-0.009498,
1.614874,
0.795267,
0.961301,
-0.009164,
1.615130,
0.795538,
0.961562,
-0.008867,
1.614895,
0.795396,
0.961781,
-0.008618,
1.614608,
0.795212,
0.961985,
-0.007635,
1.615100,
0.795657,
0.962151,
-0.006759,
1.615487,
0.796013,
0.962424,
-0.005979,
1.615980,
0.796453,
0.962346,
-0.005296,
1.616667,
0.796981,
0.962282,
-0.004662,
1.617525,
0.797660,
0.962355,
-0.004030,
1.618356,
0.798334,
0.962178,
-0.003634,
1.618896,
0.798688,
0.962079,
-0.003297,
1.619309,
0.798952,
0.961974,
-0.003021,
1.619631,
0.799153,
0.961876,
-0.002772,
1.619939,
0.799349,
0.961791,
-0.002456,
1.620476,
0.799716,
0.961721,
-0.002152,
1.620996,
0.800076,
0.961685,
-0.001843,
1.621508,
0.800437,
0.961566,
-0.001729,
1.621866,
0.800632,
0.961545,
-0.001506,
1.622397,
0.800998,
0.961555,
-0.001252,
1.622963,
0.801396,
0.961604,
-0.001025,
1.623469,
0.801746,
0.961608,
-0.000834,
1.623630,
0.801812,
0.961948,
-0.000292,
1.624168,
0.802277,
0.962262,
0.000246,
1.624731,
0.802768,
0.962543,
0.000728,
1.625184,
0.803165,
0.962828,
0.001220,
1.625662,
0.803580,
0.963109,
0.001705,
1.626218,
0.804074,
0.963383,
0.002141,
1.626809,
0.804591,
0.963644,
0.002567,
1.627408,
0.805116,
0.963892,
0.003021,
1.628038,
0.805661,
0.964093,
0.003422,
1.628600,
0.806131,
0.964282,
0.003806,
1.629131,
0.806574,
0.964508,
0.004194,
1.629668,
0.807022,
0.964426,
0.004222,
1.629859,
0.807048,
0.964291,
0.004231,
1.630073,
0.807104,
0.964147,
0.004255,
1.630262,
0.807154,
0.964000,
0.004256,
1.630487,
0.807244,
0.963985,
0.004316,
1.630836,
0.807462,
0.963948,
0.004376,
1.631131,
0.807644,
0.963662,
0.004315,
1.631448,
0.807701,
0.963399,
0.004274,
1.631744,
0.807764,
0.963153,
0.004249,
1.632034,
0.807842,
0.962841,
0.004119,
1.631709,
0.807424,
0.962740,
0.004211,
1.631681,
0.807266,
0.963041,
0.004660,
1.632059,
0.807585,
0.963291,
0.005050,
1.632353,
0.807837,
0.964053,
0.005391,
1.632661,
0.808228,
0.964723,
0.005689,
1.632863,
0.808519,
0.965745,
0.006320,
1.633277,
0.809127,
0.966660,
0.006887,
1.633563,
0.809603,
0.967283,
0.007277,
1.633715,
0.809865,
0.967862,
0.007657,
1.633919,
0.810154,
0.968358,
0.007980,
1.634046,
0.810370,
0.968804,
0.008290,
1.634174,
0.810577,
0.969187,
0.008591,
1.634268,
0.810745,
0.969548,
0.008952,
1.634440,
0.810970,
0.969872,
0.009307,
1.634635,
0.811206,
0.970170,
0.009612,
1.635054,
0.811602,
0.970652,
0.009955,
1.635732,
0.812235,
0.971079,
0.010268,
1.636322,
0.812790,
0.971469,
0.010565,
1.636859,
0.813294,
0.971829,
0.010854,
1.637409,
0.813806,
0.972034,
0.011003,
1.637809,
0.814146,
0.972373,
0.011099,
1.638105,
0.814422,
0.972609,
0.011153,
1.638286,
0.814578,
0.972838,
0.011216,
1.638507,
0.814766,
0.973055,
0.011305,
1.638746,
0.814965,
0.973300,
0.011404,
1.639064,
0.815243,
0.973519,
0.011452,
1.639340,
0.815478,
0.973791,
0.011555,
1.639660,
0.815762,
0.974152,
0.011980,
1.640409,
0.816396,
0.974359,
0.012303,
1.640882,
0.816774,
0.974428,
0.012495,
1.641239,
0.817027,
0.974505,
0.012680,
1.641555,
0.817251,
0.974491,
0.012787,
1.641775,
0.817371,
0.974521,
0.012904,
1.642008,
0.817511,
0.974537,
0.012984,
1.642154,
0.817585,
0.974656,
0.013119,
1.642413,
0.817789,
0.974916,
0.013284,
1.642949,
0.818287,
0.975142,
0.013430,
1.643398,
0.818709,
0.975314,
0.013530,
1.643666,
0.818978,
0.975463,
0.013646,
1.643909,
0.819220,
0.975400,
0.013675,
1.643957,
0.819209,
0.975337,
0.013692,
1.643911,
0.819130,
0.975285,
0.013712,
1.643830,
0.819027,
0.975187,
0.013633,
1.643696,
0.818868,
0.975069,
0.013540,
1.643499,
0.818666,
0.975062,
0.013559,
1.643428,
0.818596,
0.974938,
0.013428,
1.643227,
0.818342,
0.975148,
0.013252,
1.642892,
0.818055,
0.975341,
0.012963,
1.642347,
0.817564,
0.975500,
0.012651,
1.641825,
0.817080,
0.975751,
0.012435,
1.641467,
0.816764,
0.975993,
0.012281,
1.641251,
0.816568,
0.976206,
0.012153,
1.641087,
0.816420,
0.976462,
0.012104,
1.641026,
0.816374,
0.976673,
0.012191,
1.641212,
0.816518,
0.976917,
0.012346,
1.641481,
0.816756,
0.977235,
0.012526,
1.641781,
0.817025,
0.977538,
0.012714,
1.642151,
0.817352,
0.977817,
0.012859,
1.642478,
0.817642,
0.978150,
0.012858,
1.642674,
0.817816,
0.978409,
0.012867,
1.642789,
0.817924,
0.979345,
0.013096,
1.643168,
0.818327,
0.980258,
0.013588,
1.643884,
0.819001,
0.980981,
0.013942,
1.644266,
0.819368,
0.981633,
0.014151,
1.644553,
0.819608,
0.982166,
0.014248,
1.644478,
0.819471,
0.982636,
0.014332,
1.644383,
0.819325,
0.983053,
0.014435,
1.644297,
0.819193,
0.983426,
0.014566,
1.644262,
0.819111,
0.983752,
0.014698,
1.644248,
0.819046,
0.984033,
0.014767,
1.644153,
0.818922,
0.984198,
0.014719,
1.643991,
0.818717,
0.984320,
0.014628,
1.643779,
0.818480,
0.984441,
0.014558,
1.643631,
0.818304,
0.984549,
0.014467,
1.643451,
0.818104,
0.984656,
0.014399,
1.643301,
0.817931,
0.984742,
0.014329,
1.643131,
0.817748,
0.984771,
0.014131,
1.642852,
0.817448,
0.984783,
0.013881,
1.642506,
0.817101,
0.985722,
0.013836,
1.642288,
0.817016,
0.986572,
0.013873,
1.642169,
0.817004,
0.987294,
0.013866,
1.641978,
0.816899,
0.987932,
0.013830,
1.641701,
0.816710,
0.988587,
0.013813,
1.641420,
0.816541,
0.989189,
0.013776,
1.641219,
0.816412,
0.989666,
0.013729,
1.640662,
0.815989,
0.990097,
0.013712,
1.640217,
0.815658,
0.990902,
0.013993,
1.640044,
0.815711,
0.991507,
0.014190,
1.639893,
0.815716,
0.992063,
0.014403,
1.639811,
0.815765,
0.992738,
0.014599,
1.639529,
0.815703,
0.993566,
0.014858,
1.639294,
0.815719,
0.994361,
0.015102,
1.639027,
0.815710,
0.995089,
0.015353,
1.638837,
0.815749,
0.995755,
0.015637,
1.638727,
0.815835,
0.996490,
0.015987,
1.638752,
0.816113,
0.997496,
0.016522,
1.639036,
0.816649,
0.998736,
0.017106,
1.639334,
0.817328,
0.999831,
0.017652,
1.639621,
0.817957,
1.000864,
0.018089,
1.639968,
0.818571,
1.001641,
0.018386,
1.640309,
0.819043,
1.002409,
0.018738,
1.640747,
0.819575,
1.003145,
0.019120,
1.641355,
0.820228,
1.003714,
0.019303,
1.641626,
0.820546,
1.004215,
0.019472,
1.641870,
0.820834,
1.004575,
0.019618,
1.642146,
0.821098,
1.004898,
0.019740,
1.642402,
0.821340,
1.005043,
0.019647,
1.642257,
0.821181,
1.005167,
0.019496,
1.642010,
0.820928,
1.005295,
0.019268,
1.641632,
0.820576,
1.005435,
0.019068,
1.641318,
0.820280,
1.005568,
0.018914,
1.641074,
0.820045,
1.005042,
0.017600,
1.639348,
0.818755,
1.004696,
0.016488,
1.637818,
0.817612,
1.004319,
0.015516,
1.636453,
0.816598,
1.004054,
0.014612,
1.635201,
0.815672,
1.003836,
0.013816,
1.634102,
0.814862,
1.003682,
0.013139,
1.633174,
0.814183,
1.003564,
0.012546,
1.632393,
0.813613,
1.003398,
0.011909,
1.631529,
0.812933,
1.003254,
0.011352,
1.630775,
0.812340,
1.003129,
0.010816,
1.630010,
0.811701,
1.002948,
0.010353,
1.629429,
0.811175,
1.002758,
0.009914,
1.628837,
0.810647,
1.003316,
0.010203,
1.629052,
0.810930,
1.003835,
0.010561,
1.629371,
0.811284,
1.004323,
0.010903,
1.629702,
0.811636,
1.004711,
0.011036,
1.629748,
0.811751,
1.004993,
0.010801,
1.629428,
0.811550,
1.005306,
0.010609,
1.629257,
0.811466,
1.005797,
0.010689,
1.629425,
0.811642,
1.006255,
0.010737,
1.629428,
0.811677,
1.006614,
0.010738,
1.629253,
0.811569,
1.006931,
0.010777,
1.629140,
0.811509,
1.007082,
0.010611,
1.628343,
0.810901,
1.007197,
0.010442,
1.627577,
0.810315,
1.007116,
0.009948,
1.626500,
0.809406,
1.007194,
0.009633,
1.625560,
0.808612,
1.007791,
0.009758,
1.625036,
0.808245,
1.008342,
0.009903,
1.624627,
0.807961,
1.008927,
0.010212,
1.624508,
0.807940,
1.009637,
0.010696,
1.624617,
0.808107,
1.010360,
0.011326,
1.624933,
0.808436,
1.010795,
0.011680,
1.625203,
0.808604,
1.011253,
0.012025,
1.625546,
0.808829,
1.011580,
0.012203,
1.625294,
0.808565,
1.011624,
0.012038,
1.624980,
0.808096,
1.011682,
0.011879,
1.624714,
0.807687,
1.011907,
0.011817,
1.624659,
0.807467,
1.011929,
0.011731,
1.624510,
0.807167,
1.011981,
0.011668,
1.624434,
0.806938,
1.012415,
0.011885,
1.624740,
0.807185,
1.012863,
0.012179,
1.625279,
0.807620,
1.013319,
0.012470,
1.625834,
0.808060,
1.013751,
0.012784,
1.626463,
0.808561,
1.014140,
0.013177,
1.627158,
0.809119,
1.014617,
0.013309,
1.627537,
0.809516,
1.015033,
0.013421,
1.627867,
0.809863,
1.015419,
0.013581,
1.628206,
0.810209,
1.016087,
0.013900,
1.628520,
0.810644,
1.016674,
0.014179,
1.628774,
0.811012,
1.017192,
0.014427,
1.628981,
0.811327,
1.017439,
0.014431,
1.628959,
0.811334,
1.017631,
0.014373,
1.628783,
0.811192,
1.017812,
0.014290,
1.628603,
0.811044,
1.017995,
0.014256,
1.628541,
0.810993,
1.018142,
0.014114,
1.628316,
0.810812,
1.018299,
0.013866,
1.627946,
0.810505,
1.018319,
0.013450,
1.627695,
0.810222,
1.018387,
0.013159,
1.627646,
0.810118,
1.018419,
0.012768,
1.627424,
0.809874,
1.018472,
0.012503,
1.627281,
0.809712,
1.018521,
0.012255,
1.627134,
0.809553,
1.018647,
0.012027,
1.627091,
0.809488,
1.018710,
0.011782,
1.627087,
0.809441,
1.018694,
0.011275,
1.626560,
0.808973,
1.018502,
0.010665,
1.625958,
0.808381,
1.018665,
0.010439,
1.625755,
0.808242,
1.018834,
0.010304,
1.625674,
0.808199,
1.019014,
0.010253,
1.625661,
0.808210,
1.019169,
0.010155,
1.625558,
0.808146,
1.019299,
0.010047,
1.625502,
0.808104,
1.019429,
0.009980,
1.625493,
0.808102,
1.019483,
0.009915,
1.625468,
0.808074,
1.019527,
0.009862,
1.625448,
0.808053,
1.019470,
0.009666,
1.625124,
0.807761,
1.019396,
0.009506,
1.624893,
0.807548,
1.019399,
0.009294,
1.624616,
0.807306,
1.019373,
0.009064,
1.624275,
0.807017,
1.019316,
0.008812,
1.623791,
0.806613,
1.019008,
0.008412,
1.623116,
0.805988,
1.018931,
0.008969,
1.623398,
0.806222,
1.019006,
0.009492,
1.623745,
0.806518,
1.018584,
0.009682,
1.623834,
0.806386,
1.018343,
0.009808,
1.623890,
0.806273,
1.018064,
0.009974,
1.624032,
0.806237,
1.017806,
0.010122,
1.624140,
0.806189,
1.017539,
0.010194,
1.624208,
0.806105,
1.017308,
0.010143,
1.624133,
0.805918,
1.017088,
0.010090,
1.624047,
0.805735,
1.017019,
0.009980,
1.623958,
0.805620,
1.016923,
0.009790,
1.623851,
0.805458,
1.016577,
0.009361,
1.623605,
0.805087,
1.016266,
0.009062,
1.623502,
0.804851,
1.015950,
0.008858,
1.623470,
0.804666,
1.015645,
0.008675,
1.623437,
0.804497,
1.015335,
0.008454,
1.623329,
0.804286,
1.015056,
0.008247,
1.623241,
0.804104,
1.014790,
0.008007,
1.622991,
0.803796,
1.014584,
0.007864,
1.622881,
0.803617,
1.017036,
0.009200,
1.623440,
0.804995,
1.019370,
0.010580,
1.623972,
0.806342,
1.021494,
0.011909,
1.624600,
0.807679,
1.022802,
0.012230,
1.624032,
0.807848,
1.023981,
0.012533,
1.623551,
0.808026,
1.025174,
0.013008,
1.623353,
0.808375,
1.026344,
0.013524,
1.623362,
0.808869,
1.027373,
0.014000,
1.623564,
0.809422,
1.028108,
0.014350,
1.623782,
0.809883,
1.028772,
0.014659,
1.624006,
0.810320,
