9.509592,2.866089,4.312265,7.700714,6.774310,8.349453,0.811001,3.313415,11.350078,4.951102,10.458308,7.114759,2.555289,5.221589,0.376447,0.981212,2.404311,2.670389,8.634997,2.985014,8.664735,0.365948,-0.016282,2.688218,10.604128,6.602720,8.119402,3.009457,1.491877,8.529482,3.264095,10.820936,9.101025,
9.536636,2.888163,4.342246,7.672665,6.746968,8.320490,0.785713,3.343253,11.369862,4.932924,10.432344,7.089519,2.529317,5.191811,0.349299,1.010198,2.378190,2.688252,8.662920,2.988925,8.648233,0.381180,-0.035308,2.659798,10.629417,6.576430,8.095374,2.992407,1.475734,8.516504,3.235630,10.809296,9.125919,
9.564874,2.909560,4.358315,7.643734,6.719827,8.292818,0.760001,3.373012,11.390547,4.914266,10.405936,7.063135,2.503216,5.190990,0.320897,1.039138,2.351800,2.711202,8.690904,2.997304,8.632065,0.398129,-0.049990,2.635625,10.655810,6.548732,8.079100,2.969683,1.452947,8.505545,3.206453,10.813416,9.151086,
9.592165,2.928978,4.358840,7.614987,6.693685,8.264315,0.735888,3.401526,11.401424,4.895889,10.381618,7.037887,2.478452,5.199261,0.293343,1.065889,2.324044,2.736455,8.717982,2.999633,8.617201,0.414511,-0.066880,2.613486,10.673446,6.521600,8.068249,2.948322,1.427407,8.496087,3.179928,10.826609,9.175363,
9.618912,2.949007,4.345901,7.587368,6.668383,8.240665,0.718775,3.425262,11.419422,4.883409,10.358042,7.012748,2.453487,5.216911,0.267651,1.091450,2.296837,2.760891,8.741328,3.014003,8.607150,0.424783,-0.073698,2.589302,10.692604,6.504663,8.053488,2.926639,1.403017,8.492051,3.153194,10.845582,9.200984,
9.645392,2.960710,4.327114,7.561907,6.644374,8.215878,0.719357,3.436203,11.436168,4.879832,10.337788,6.993193,2.434989,5.238604,0.244674,1.111173,2.275314,2.774154,8.752750,3.032094,8.605779,0.420814,-0.073993,2.574265,10.713606,6.501632,8.041836,2.902425,1.379207,8.492865,3.125364,10.867567,9.226143,
9.672111,2.968245,4.307212,7.538639,6.619724,8.192813,0.715328,3.448149,11.447956,4.873370,10.320661,6.973872,2.416128,5.258771,0.222724,1.127438,2.255127,2.788294,8.764323,3.046744,8.601608,0.417852,-0.082584,2.556086,10.724971,6.498851,8.036068,2.884330,1.353622,8.489771,3.098806,10.889347,9.237978,
9.697832,2.971136,4.284666,7.515763,6.594712,8.176944,0.717635,3.454554,11.458646,4.869178,10.305415,6.957875,2.400059,5.281880,0.202140,1.139894,2.239556,2.800950,8.770602,3.061292,8.599494,0.413727,-0.088699,2.536040,10.734057,6.501767,8.031436,2.864022,1.326763,8.488835,3.071289,10.912450,9.252696,
9.723717,2.970302,4.260409,7.492747,6.571625,8.166853,0.724201,3.455815,11.461107,4.866024,10.291133,6.943568,2.385073,5.305595,0.180718,1.151696,2.229502,2.811075,8.771391,3.068065,8.597036,0.411991,-0.095041,2.517718,10.742089,6.512271,8.027134,2.847318,1.298783,8.488052,3.043701,10.929865,9.272116,
9.750108,2.965887,4.235825,7.470175,6.547171,8.152767,0.722224,3.459453,11.456083,4.860223,10.277617,6.930963,2.369407,5.329534,0.158203,1.161285,2.222814,2.819993,8.770923,3.065603,8.591072,0.416910,-0.107242,2.495986,10.749101,6.523358,8.021346,2.833216,1.270439,8.484863,3.015366,10.941928,9.294733,
9.776603,2.958926,4.209532,7.447877,6.521553,8.139620,0.718039,3.462108,11.448655,4.854218,10.268281,6.922310,2.354061,5.355015,0.135595,1.166090,2.217065,2.825509,8.767966,3.062361,8.584755,0.421780,-0.123229,2.472580,10.760350,6.536839,8.016345,2.821439,1.241305,8.481058,2.987319,10.957739,9.314316,
9.803669,2.950953,4.183685,7.425098,6.496194,8.131146,0.714583,3.463139,11.437179,4.848333,10.262332,6.911754,2.336443,5.379756,0.112935,1.170363,2.211947,2.831993,8.763732,3.054472,8.578515,0.426581,-0.143310,2.447684,10.765023,6.551390,8.012062,2.818303,1.212993,8.477580,2.962109,10.970993,9.330714,
9.831281,2.938323,4.159965,7.400865,6.469493,8.121755,0.708071,3.464848,11.420831,4.841447,10.257613,6.902686,2.317848,5.405222,0.088706,1.176454,2.207192,2.835089,8.758808,3.042021,8.571301,0.431598,-0.166034,2.421209,10.774639,6.567534,8.016930,2.818582,1.183680,8.472546,2.935525,10.987532,9.341734,
9.854598,2.922751,4.135692,7.375339,6.444273,8.115641,0.706426,3.462457,11.400348,4.834803,10.255006,6.891785,2.301294,5.431868,0.063342,1.180758,2.205208,2.835491,8.751077,3.025222,8.564376,0.436449,-0.188847,2.396335,10.787952,6.586811,8.020464,2.817641,1.154109,8.467409,2.907690,11.004467,9.352506,
9.872219,2.903567,4.109649,7.355659,6.425349,8.107744,0.708532,3.458030,11.378146,4.828688,10.257110,6.883840,2.291166,5.459871,0.044605,1.180562,2.203464,2.834095,8.742760,3.007960,8.558177,0.440726,-0.204273,2.379888,10.802662,6.605832,8.029329,2.809842,1.124850,8.462750,2.878602,11.018993,9.363067,
9.892959,2.881409,4.085778,7.337619,6.407647,8.102727,0.709429,3.453740,11.354397,4.823583,10.258673,6.875102,2.288547,5.489171,0.029183,1.179158,2.207003,2.832442,8.733117,2.989022,8.552512,0.444788,-0.210431,2.367839,10.817622,6.625104,8.045359,2.796797,1.095608,8.458737,2.848553,11.033282,9.373351,
9.915237,2.858468,4.059742,7.320405,6.392265,8.095213,0.710506,3.448930,11.330715,4.819294,10.265105,6.862984,2.283180,5.518301,0.014210,1.175344,2.211254,2.829902,8.723071,2.970281,8.547605,0.447750,-0.221593,2.357531,10.832990,6.644556,8.066097,2.787386,1.067841,8.455161,2.821426,11.049457,9.379690,
9.932572,2.834810,4.032126,7.308133,6.376867,8.084617,0.711149,3.444539,11.307597,4.814986,10.276068,6.854738,2.280445,5.548173,0.003075,1.168947,2.214681,2.827821,8.713341,2.952715,8.543047,0.450429,-0.228203,2.349107,10.845482,6.662404,8.087324,2.774853,1.040635,8.451823,2.794751,11.065082,9.385158,
9.949768,2.810639,4.003836,7.294693,6.363630,8.070180,0.711061,3.440981,11.286864,4.811084,10.292905,6.843651,2.276343,5.576820,-0.007700,1.158997,2.218464,2.825345,8.704876,2.937227,8.539074,0.452292,-0.236776,2.343297,10.859668,6.677474,8.109887,2.764075,1.014801,8.448704,2.769697,11.081206,9.387256,
9.963286,2.789254,3.977252,7.279305,6.349363,8.067516,0.710081,3.438285,11.267451,4.806511,10.310594,6.827314,2.265602,5.603270,-0.022535,1.150258,2.223698,2.822748,8.698606,2.922582,8.534965,0.454346,-0.253329,2.332899,10.871765,6.690287,8.131746,2.763808,0.988408,8.445116,2.754419,11.098113,9.386478,
9.965870,2.764512,3.950797,7.274934,6.340897,8.058465,0.711924,3.433765,11.247068,4.802973,10.332832,6.819020,2.267763,5.631702,-0.029488,1.135699,2.226825,2.819794,8.691485,2.908319,8.531776,0.455283,-0.253836,2.335017,10.885286,6.704253,8.156688,2.752726,0.962705,8.442108,2.734154,11.117078,9.385609,
9.957391,2.739763,3.924076,7.274042,6.333697,8.048178,0.714502,3.428696,11.225521,4.799836,10.358313,6.820801,2.273841,5.661874,-0.034274,1.119630,2.231486,2.817191,8.683953,2.893787,8.528867,0.455980,-0.251358,2.339342,10.894277,6.719328,8.184153,2.737961,0.936535,8.439239,2.711706,11.137450,9.384668,
9.948295,2.714917,3.900430,7.271336,6.323332,8.041014,0.714899,3.425568,11.204355,4.796158,10.384245,6.824238,2.279826,5.691435,-0.039929,1.103999,2.238604,2.814934,8.676714,2.879391,8.525520,0.457405,-0.249585,2.339102,10.900458,6.732959,8.205238,2.723423,0.909868,8.435885,2.689928,11.156592,9.383725,
9.933665,2.688698,3.879320,7.272963,6.317455,8.032224,0.716547,3.421895,11.180445,4.792356,10.411557,6.835087,2.291531,5.722678,-0.042652,1.087233,2.244838,2.812942,8.669308,2.863095,8.521995,0.459473,-0.241639,2.342648,10.905592,6.747512,8.228813,2.704837,0.882726,8.432595,2.665597,11.175791,9.384604,
9.921937,2.664204,3.855166,7.271251,6.310994,8.023173,0.719146,3.417555,11.158505,4.788280,10.439125,6.843852,2.297195,5.750698,-0.048187,1.071394,2.250273,2.810763,8.663285,2.849153,8.518334,0.461701,-0.241143,2.342357,10.913093,6.759387,8.253805,2.691504,0.856572,8.429181,2.648963,11.192719,9.384168,
9.911043,2.639784,3.829964,7.267144,6.304849,8.014219,0.721351,3.413662,11.137077,4.784321,10.466958,6.851740,2.300081,5.775788,-0.054586,1.056814,2.254493,2.808662,8.657423,2.835788,8.514904,0.463707,-0.245109,2.340395,10.921546,6.769966,8.279883,2.681539,0.832009,8.425821,2.636007,11.208198,9.382482,
9.897776,2.616041,3.805203,7.265598,6.297694,8.004801,0.722967,3.410644,11.114508,4.779941,10.496656,6.864128,2.304358,5.801416,-0.059058,1.047015,2.254286,2.806659,8.652339,2.821700,8.511223,0.466077,-0.248028,2.335259,10.932355,6.777844,8.305634,2.669040,0.807886,8.422117,2.625699,11.222578,9.380331,
9.882666,2.594801,3.784239,7.264482,6.288959,7.995195,0.722839,3.409498,11.091177,4.774749,10.524313,6.877313,2.304696,5.824943,-0.065629,1.038174,2.255096,2.805127,8.646881,2.807049,8.506727,0.469844,-0.255482,2.326700,10.940868,6.781551,8.328872,2.661308,0.783182,8.418101,2.619727,11.233700,9.378441,
9.867786,2.572963,3.766983,7.265217,6.279392,7.983313,0.722696,3.408535,11.068330,4.769542,10.552947,6.891394,2.304971,5.848836,-0.071295,1.031065,2.251661,2.803721,8.641799,2.793682,8.502297,0.473755,-0.263273,2.317367,10.949391,6.783459,8.352593,2.653801,0.759115,8.414163,2.614330,11.243369,9.376116,
9.848824,2.558408,3.749829,7.259615,6.269406,7.975632,0.722782,3.407732,11.046374,4.764007,10.578906,6.903435,2.299294,5.870206,-0.079678,1.027097,2.249886,2.802546,8.636850,2.781795,8.497657,0.478186,-0.278405,2.305422,10.954694,6.781883,8.373899,2.651992,0.735631,8.410023,2.615912,11.250211,9.372518,
9.831533,2.542669,3.735361,7.252624,6.257281,7.967079,0.723242,3.406813,11.025635,4.758040,10.593156,6.905139,2.286770,5.888377,-0.091735,1.025325,2.245813,2.801453,8.631806,2.770816,8.492917,0.482583,-0.299544,2.289741,10.961638,6.776622,8.398000,2.657919,0.713196,8.405316,2.623767,11.254469,9.368445,
9.812007,2.526187,3.718497,7.251749,6.240059,7.953923,0.723626,3.406055,11.008209,4.751844,10.608670,6.907813,2.271458,5.905524,-0.098653,1.028299,2.235185,2.800388,8.626932,2.763233,8.487872,0.487574,-0.322177,2.270801,10.968837,6.768484,8.422397,2.663457,0.691566,8.400387,2.636517,11.257769,9.364184,
9.792199,2.506582,3.708487,7.252611,6.218512,7.941483,0.723772,3.405605,10.991882,4.744085,10.624935,6.913597,2.258623,5.923664,-0.103736,1.032447,2.223890,2.799464,8.622730,2.758221,8.481469,0.494208,-0.342605,2.249864,10.975501,6.755399,8.446288,2.665332,0.668200,8.394270,2.648689,11.257593,9.360802,
9.773899,2.483542,3.699736,7.252881,6.197686,7.930864,0.724199,3.405715,10.976143,4.736004,10.643330,6.913219,2.248251,5.942386,-0.110206,1.037774,2.211350,2.798629,8.617350,2.753557,8.474421,0.501971,-0.362330,2.229154,10.980068,6.739709,8.471338,2.666138,0.645304,8.387982,2.660258,11.255561,9.357887,
9.768707,2.456048,3.693173,7.251180,6.176909,7.917734,0.725358,3.405151,10.959223,4.728427,10.662975,6.908885,2.240731,5.959837,-0.117263,1.043238,2.195563,2.797829,8.611998,2.748265,8.467860,0.509239,-0.378562,2.208856,10.987497,6.724125,8.497852,2.663958,0.624034,8.382172,2.669154,11.252856,9.354769,
9.761058,2.432395,3.678479,7.247742,6.157594,7.905216,0.726583,3.404112,10.944699,4.721413,10.681525,6.900689,2.229892,5.974722,-0.125155,1.051048,2.182553,2.797087,8.605487,2.745373,8.461518,0.515907,-0.398309,2.186861,10.992657,6.707286,8.520535,2.664919,0.605719,8.376130,2.683929,11.247927,9.351713,
9.760687,2.405246,3.667361,7.246759,6.137070,7.891908,0.729375,3.401721,10.930479,4.715043,10.701691,6.891886,2.220837,5.990627,-0.130963,1.061429,2.164897,2.796404,8.598487,2.741895,8.454914,0.522626,-0.416112,2.164826,11.000692,6.692405,8.544475,2.663933,0.589487,8.369641,2.701112,11.242790,9.350175,
9.761020,2.375578,3.654351,7.247097,6.110899,7.869834,0.733402,3.399754,10.920090,4.707732,10.719045,6.880595,2.214578,6.005070,-0.136746,1.074013,2.142936,2.795765,8.589188,2.741789,8.446549,0.531504,-0.430368,2.140955,11.003623,6.672238,8.569117,2.658638,0.570756,8.361446,2.716871,11.240154,9.347938,
9.766466,2.344825,3.644566,7.250647,6.090926,7.847104,0.737116,3.397893,10.911338,4.700772,10.730655,6.865256,2.207879,6.019092,-0.139708,1.084349,2.123425,2.795164,8.580240,2.740765,8.438180,0.540355,-0.444080,2.117942,11.006518,6.652779,8.584581,2.655610,0.553401,8.353185,2.732240,11.235843,9.347556,
9.767792,2.312182,3.639361,7.253429,6.074521,7.826249,0.741125,3.395580,10.901999,4.694812,10.737558,6.855520,2.210707,6.034500,-0.142479,1.091132,2.106363,2.794618,8.571520,2.740702,8.430905,0.547866,-0.449962,2.100014,11.008795,6.634551,8.607016,2.646078,0.536922,8.345631,2.740750,11.234296,9.346597,
9.765407,2.278691,3.636204,7.256091,6.058479,7.807299,0.745541,3.392651,10.892155,4.690010,10.739841,6.850294,2.218196,6.049564,-0.144704,1.096275,2.090872,2.794124,8.563169,2.741233,8.424413,0.554361,-0.451863,2.083818,11.011016,6.617900,8.632988,2.633056,0.521524,8.338656,2.745927,11.234395,9.345297,
9.758270,2.245063,3.636517,7.264036,6.047047,7.788149,0.750326,3.389516,10.883439,4.685286,10.738143,6.848875,2.230050,6.063718,-0.141522,1.107333,2.076245,2.793661,8.555476,2.742907,8.418006,0.560695,-0.449625,2.068369,11.010517,6.601202,8.656730,2.615674,0.507186,8.331767,2.751409,11.232766,9.343511,
9.750322,2.210693,3.644057,7.272050,6.036087,7.770230,0.754709,3.386701,10.874146,4.680696,10.741014,6.852662,2.244883,6.076718,-0.138827,1.116661,2.061183,2.793275,8.547748,2.745279,8.411986,0.566786,-0.443080,2.054402,11.010332,6.584634,8.683037,2.595238,0.492989,8.325501,2.754008,11.230951,9.342058,
9.741696,2.176181,3.655597,7.278781,6.026003,7.753444,0.759736,3.383186,10.864482,4.676188,10.740495,6.861275,2.262632,6.089664,-0.136781,1.124861,2.046637,2.792954,8.540475,2.748966,8.406442,0.572472,-0.433838,2.041646,11.010566,6.568419,8.711305,2.572735,0.478281,8.319830,2.753488,11.230055,9.340580,
9.730605,2.143380,3.670068,7.284792,6.016477,7.738641,0.764811,3.379498,10.852008,4.672062,10.735348,6.874066,2.282439,6.100590,-0.135262,1.132519,2.033427,2.792644,8.533688,2.751333,8.401459,0.577519,-0.422797,2.029931,11.009897,6.554035,8.741236,2.548370,0.463450,8.314654,2.751513,11.231725,9.338969,
9.718596,2.110995,3.686450,7.289970,6.009480,7.725309,0.770857,3.375365,10.838788,4.667117,10.739638,6.885721,2.299068,6.109269,-0.134889,1.140106,2.022113,2.792343,8.527443,2.753270,8.395659,0.583958,-0.410236,2.018198,11.008363,6.539741,8.761763,2.524392,0.448375,8.309902,2.749139,11.229621,9.339567,
9.703399,2.084014,3.697936,7.294824,6.003700,7.712240,0.777250,3.371051,10.824727,4.662322,10.739100,6.895705,2.314458,6.116489,-0.134174,1.145430,2.011273,2.792085,8.521582,2.753161,8.390323,0.589703,-0.401039,2.009087,11.007443,6.526720,8.778206,2.502311,0.435662,8.305018,2.751158,11.225026,9.338241,
9.686811,2.060085,3.711196,7.298980,5.997991,7.701338,0.782353,3.367914,10.805656,4.657617,10.740085,6.907967,2.330624,6.123980,-0.133814,1.151248,2.002005,2.791822,8.516846,2.749380,8.385401,0.594989,-0.391819,1.999363,11.005062,6.516075,8.796182,2.478749,0.422776,8.300545,2.752549,11.222068,9.336811,
9.674399,2.038510,3.724751,7.302859,5.990830,7.689903,0.787461,3.364462,10.786310,4.653537,10.731168,6.919882,2.342979,6.129653,-0.133894,1.158198,1.991582,2.791635,8.512307,2.745763,8.380670,0.600002,-0.387962,1.987478,11.005987,6.505879,8.810776,2.459967,0.410945,8.296148,2.757365,11.217652,9.335658,
9.664165,2.019356,3.740698,7.306160,5.979785,7.679305,0.792873,3.360895,10.766131,4.649633,10.725578,6.929902,2.351182,6.137526,-0.135234,1.167985,1.981645,2.791471,8.507964,2.740559,8.375710,0.605306,-0.386637,1.973686,11.006847,6.496432,8.819050,2.444114,0.399479,8.291851,2.764839,11.211486,9.335882,
9.654390,2.003752,3.751186,7.308572,5.969507,7.668476,0.797858,3.357567,10.743211,4.645924,10.707971,6.938291,2.356226,6.143133,-0.137497,1.176530,1.970551,2.791352,8.503939,2.733319,8.371081,0.610181,-0.389587,1.959069,11.009198,6.488012,8.827928,2.432394,0.388721,8.287798,2.773431,11.205309,9.336320,
9.644954,1.991150,3.759540,7.310545,5.958477,7.660152,0.802123,3.354809,10.721446,4.642579,10.689662,6.946877,2.357478,6.148308,-0.139964,1.185541,1.960148,2.791245,8.500162,2.727173,8.366665,0.614773,-0.396482,1.944127,11.011248,6.480315,8.832838,2.425078,0.379295,8.283796,2.786086,11.198303,9.337559,
9.635304,1.980073,3.770045,7.312478,5.946332,7.653877,0.806848,3.351281,10.700344,4.639227,10.671087,6.957874,2.357438,6.155180,-0.142419,1.194932,1.951084,2.791098,8.496086,2.722766,8.362549,0.618991,-0.405495,1.927621,11.011671,6.471821,8.834791,2.419826,0.369825,8.280026,2.799867,11.192549,9.338723,
9.627731,1.968965,3.780767,7.313898,5.933466,7.648972,0.812080,3.347082,10.680816,4.636135,10.653404,6.971378,2.354902,6.161816,-0.144867,1.206172,1.942596,2.791010,8.491997,2.719668,8.358383,0.623220,-0.416961,1.911076,11.012730,6.463818,8.833481,2.417845,0.360765,8.276205,2.814419,11.186419,9.340569,
9.620813,1.960519,3.790915,7.315219,5.919345,7.645733,0.817740,3.342197,10.661339,4.633480,10.637117,6.986826,2.351197,6.168784,-0.147308,1.219778,1.935477,2.790902,8.487779,2.718485,8.354359,0.627248,-0.429651,1.893321,11.012925,6.456132,8.832261,2.417915,0.351244,8.272470,2.830190,11.180529,9.342702,
9.612545,1.955162,3.797772,7.316314,5.906297,7.643483,0.823128,3.337455,10.641973,4.630766,10.620501,7.004137,2.348465,6.176150,-0.149477,1.233327,1.928827,2.790779,8.483536,2.717861,8.350670,0.630898,-0.442708,1.875902,11.012979,6.448647,8.831273,2.418620,0.341732,8.268979,2.845851,11.176072,9.344548,
9.605341,1.950963,3.805706,7.317791,5.893687,7.640462,0.828205,3.332983,10.621051,4.628293,10.598856,7.018667,2.343217,6.183851,-0.151268,1.247210,1.921105,2.790746,8.479551,2.715112,8.347208,0.634254,-0.457418,1.858943,11.014980,6.441892,8.830043,2.422024,0.333012,8.265672,2.860612,11.170533,9.346390,
9.597339,1.949172,3.812334,7.318806,5.882291,7.639200,0.833468,3.328109,10.599397,4.625715,10.574088,7.035181,2.338803,6.192227,-0.153436,1.260215,1.914509,2.790706,8.475293,2.712312,8.343939,0.637370,-0.472238,1.841934,11.016252,6.435479,8.825018,2.425221,0.324073,8.262518,2.875819,11.166479,9.347867,
9.588518,1.947054,3.818691,7.321219,5.871886,7.636287,0.838608,3.323182,10.579632,4.623139,10.547451,7.048467,2.332072,6.200144,-0.155107,1.272895,1.906784,2.790767,8.471265,2.709983,8.340642,0.640373,-0.488807,1.825206,11.018837,6.427898,8.817718,2.429281,0.316421,8.259168,2.891711,11.159858,9.349033,
9.580249,1.943449,3.825659,7.323586,5.863089,7.635622,0.843940,3.317788,10.564487,4.620673,10.524510,7.062071,2.326869,6.208491,-0.156723,1.284927,1.901842,2.790654,8.466580,2.713833,8.337731,0.642984,-0.504409,1.808121,11.018024,6.419845,8.815092,2.432920,0.308489,8.256099,2.906645,11.154763,9.350150,
9.574132,1.935206,3.832508,7.326137,5.852985,7.635085,0.849252,3.312302,10.551972,4.618442,10.505682,7.077709,2.325911,6.218119,-0.158082,1.298258,1.897704,2.790519,8.461731,2.720240,8.334740,0.645589,-0.515865,1.792146,11.016459,6.410828,8.812239,2.432634,0.299959,8.252945,2.916678,11.150731,9.350794,
9.571091,1.923771,3.840264,7.328688,5.843774,7.635561,0.854768,3.306222,10.543337,4.616779,10.488600,7.091605,2.327838,6.227774,-0.159195,1.310785,1.894703,2.790386,8.456825,2.731022,8.332107,0.647846,-0.523845,1.776041,11.014698,6.401795,8.814952,2.429303,0.290910,8.250023,2.922414,11.147555,9.351130,
9.567226,1.915996,3.854094,7.330690,5.838367,7.634844,0.859977,3.298821,10.539368,4.615526,10.464567,7.102740,2.330559,6.239033,-0.159556,1.325466,1.890941,2.790349,8.450665,2.745227,8.329288,0.650212,-0.530600,1.762994,11.012785,6.392637,8.817172,2.423697,0.284367,8.246926,2.929073,11.139951,9.350126,
9.562863,1.908078,3.867494,7.332659,5.833269,7.634940,0.864775,3.292060,10.532263,4.614513,10.438458,7.113930,2.334399,6.248664,-0.159765,1.336832,1.886918,2.790359,8.445017,2.757704,8.326787,0.652321,-0.536174,1.749673,11.011470,6.384674,8.821797,2.417137,0.277656,8.244178,2.935241,11.133258,9.348952,
9.560689,1.905097,3.879403,7.334115,5.832238,7.635760,0.868915,3.286275,10.523139,4.613603,10.410354,7.122232,2.344803,6.255936,-0.160636,1.346537,1.883461,2.790362,8.439104,2.766608,8.324786,0.653870,-0.536341,1.735396,11.009662,6.378170,8.828918,2.405269,0.271440,8.241649,2.943000,11.128186,9.347310,
9.552524,1.898570,3.894117,7.335427,5.831520,7.635432,0.873112,3.281071,10.512842,4.613093,10.375870,7.124865,2.350833,6.266048,-0.161492,1.357580,1.878031,2.790525,8.433267,2.771742,8.322989,0.655203,-0.540094,1.721393,11.012102,6.371799,8.827050,2.399787,0.269798,8.238998,2.942987,11.114826,9.343651,
9.551815,1.884037,3.904249,7.336366,5.829843,7.636306,0.877228,3.275824,10.503254,4.612751,10.343917,7.124691,2.361184,6.276034,-0.163129,1.368570,1.873142,2.790672,8.427159,2.776902,8.321380,0.656322,-0.538884,1.708643,11.013750,6.365183,8.834037,2.390598,0.268722,8.236493,2.935805,11.101367,9.340345,
9.557474,1.867249,3.907773,7.338493,5.829989,7.634888,0.880162,3.273100,10.495414,4.611688,10.321921,7.122179,2.363830,6.281861,-0.163820,1.374235,1.867496,2.790840,8.419803,2.779177,8.318156,0.659402,-0.543022,1.699075,11.017014,6.360203,8.842253,2.381949,0.270301,8.233484,2.935257,11.080165,9.339132,
9.570223,1.844991,3.909733,7.340412,5.834648,7.632458,0.882586,3.271058,10.479289,4.609075,10.304788,7.106997,2.368988,6.290124,-0.164443,1.375188,1.861159,2.791164,8.413836,2.771013,8.314332,0.662787,-0.544202,1.691317,11.021500,6.362108,8.863707,2.368735,0.275115,8.229807,2.929264,11.055636,9.337544,
9.586774,1.821238,3.907611,7.342283,5.840260,7.629644,0.885858,3.267806,10.458537,4.607553,10.285555,7.089990,2.374094,6.296360,-0.164660,1.375161,1.855440,2.791798,8.407334,2.757219,8.311434,0.665228,-0.547256,1.683587,11.025363,6.362465,8.886242,2.356534,0.282239,8.226750,2.921502,11.029202,9.334217,
9.601895,1.797045,3.906337,7.344119,5.844879,7.624799,0.888502,3.265031,10.436151,4.605872,10.265728,7.071061,2.378737,6.302703,-0.164604,1.375511,1.847448,2.792639,8.402491,2.740758,8.308563,0.667556,-0.551444,1.676272,11.029482,6.362999,8.905392,2.345601,0.290873,8.223335,2.913872,11.001444,9.329641,
9.616303,1.774762,3.906201,7.346011,5.848478,7.622440,0.891067,3.262527,10.419490,4.604634,10.256608,7.053781,2.383448,6.309326,-0.164311,1.376535,1.842124,2.793123,8.399031,2.732390,8.306162,0.669470,-0.555149,1.667861,11.030353,6.363749,8.924550,2.334903,0.296077,8.220328,2.907637,10.980734,9.326430,
9.631872,1.750677,3.906223,7.348296,5.849353,7.622428,0.892844,3.261636,10.405987,4.604500,10.254888,7.038062,2.386716,6.315620,-0.163644,1.378407,1.839614,2.793708,8.395689,2.727297,8.304173,0.670981,-0.559291,1.657793,11.030647,6.365385,8.943792,2.324573,0.299105,8.217666,2.900104,10.964541,9.323821,
9.639809,1.733328,3.909811,7.350131,5.853158,7.622713,0.895026,3.260290,10.396959,4.605140,10.252214,7.025444,2.391031,6.321119,-0.162978,1.381526,1.838990,2.793820,8.393256,2.726811,8.302736,0.671905,-0.566790,1.646834,11.025922,6.363347,8.961400,2.318942,0.302977,8.215261,2.895901,10.947935,9.319595,
9.641525,1.718029,3.915064,7.351735,5.855954,7.624197,0.893834,3.263330,10.396591,4.606834,10.250060,7.016110,2.397090,6.323719,-0.162369,1.384278,1.840169,2.793398,8.392637,2.735509,8.301785,0.672450,-0.573593,1.635642,11.017424,6.361491,8.978619,2.313180,0.303912,8.213385,2.893435,10.938228,9.317981,
9.641330,1.704901,3.916224,7.353309,5.859953,7.627134,0.891831,3.267677,10.399658,4.609124,10.254701,7.013916,2.402674,6.327266,-0.161730,1.390055,1.842244,2.792966,8.394095,2.747651,8.300641,0.673254,-0.579317,1.626128,11.007965,6.363054,8.990976,2.307281,0.302574,8.211623,2.894183,10.933612,9.317897,
9.635837,1.697563,3.918811,7.354850,5.866592,7.629389,0.889160,3.273056,10.399548,4.611475,10.258400,7.012623,2.408760,6.332022,-0.161307,1.394100,1.844216,2.792729,8.397159,2.756716,8.299423,0.674296,-0.583185,1.619052,10.999817,6.365406,8.998338,2.299953,0.300894,8.210310,2.896128,10.930288,9.319212,
9.626562,1.695806,3.921311,7.356126,5.872562,7.631127,0.886289,3.278918,10.402049,4.613785,10.262087,7.014054,2.414690,6.335266,-0.161020,1.398197,1.845550,2.792475,8.401102,2.770048,8.298601,0.675033,-0.587284,1.611400,10.992060,6.369403,9.002783,2.293739,0.295723,8.209480,2.899850,10.933638,9.322567,
9.618898,1.693329,3.924996,7.357102,5.878782,7.633224,0.883491,3.284445,10.402910,4.616427,10.265177,7.016365,2.421008,6.338805,-0.160922,1.404097,1.846944,2.792211,8.405464,2.781964,8.297994,0.675512,-0.589984,1.604393,10.985012,6.374275,9.005773,2.287193,0.291110,8.208844,2.902174,10.936117,9.325263,
9.614204,1.691167,3.933316,7.358148,5.880833,7.636601,0.879327,3.291594,10.409481,4.619259,10.275269,7.020068,2.425817,6.340700,-0.160720,1.409456,1.849774,2.792056,8.411222,2.800439,8.297711,0.675703,-0.594765,1.596419,10.975665,6.382121,9.010428,2.282372,0.283765,8.208587,2.899784,10.944260,9.329279,
9.610515,1.689366,3.939137,7.358941,5.878706,7.640414,0.874128,3.300356,10.416733,4.621106,10.287729,7.030927,2.426027,6.341235,-0.160673,1.415191,1.851637,2.792139,8.417707,2.818020,8.296687,0.676573,-0.603702,1.587566,10.964424,6.391107,9.009597,2.282367,0.276271,8.207905,2.899177,10.952704,9.334213,
9.604144,1.689262,3.945599,7.359586,5.879854,7.643790,0.869637,3.308241,10.425479,4.623117,10.299071,7.043407,2.426664,6.340217,-0.160646,1.419499,1.853228,2.792165,8.423602,2.835169,8.295646,0.677528,-0.611400,1.578659,10.954552,6.399682,9.007954,2.283036,0.269429,8.207499,2.898528,10.960660,9.339472,
9.596540,1.693923,3.945179,7.360121,5.881520,7.648190,0.866154,3.315019,10.432887,4.625417,10.311152,7.058287,2.429758,6.341076,-0.160642,1.423989,1.855930,2.792478,8.428924,2.850593,8.294618,0.678523,-0.618159,1.570113,10.943440,6.409520,9.003466,2.283166,0.262015,8.207200,2.900444,10.970720,9.346053,
9.589615,1.700111,3.942206,7.360693,5.882865,7.651916,0.862786,3.321607,10.441805,4.627496,10.323825,7.071891,2.432364,6.342958,-0.160639,1.427110,1.857945,2.793068,8.434088,2.867636,8.293942,0.679200,-0.627064,1.562264,10.931737,6.418726,9.000524,2.283610,0.252986,8.207041,2.906612,10.983774,9.353395,
9.584134,1.706261,3.933570,7.360920,5.883071,7.657283,0.860078,3.327004,10.451209,4.628864,10.342982,7.087459,2.434184,6.341770,-0.160663,1.429090,1.862336,2.794570,8.438765,2.887913,8.293489,0.679625,-0.638814,1.553669,10.917132,6.426268,8.996264,2.287008,0.242042,8.206866,2.913465,10.999801,9.361478,
9.576129,1.709761,3.925408,7.361138,5.881900,7.662225,0.857874,3.331364,10.457380,4.630161,10.363012,7.100536,2.436206,6.340101,-0.160687,1.431148,1.866333,2.795787,8.442729,2.904698,8.293125,0.679970,-0.649061,1.544731,10.904665,6.433360,8.994403,2.289090,0.231978,8.206753,2.915941,11.014097,9.369164,
9.570051,1.711101,3.915792,7.361233,5.879037,7.666360,0.855877,3.335295,10.460328,4.631088,10.380848,7.115172,2.439238,6.338599,-0.160777,1.433007,1.869599,2.797038,8.446603,2.919125,8.292845,0.680237,-0.657463,1.536018,10.892950,6.439475,8.992421,2.289156,0.222108,8.206628,2.914495,11.027985,9.376359,
9.562503,1.712373,3.905557,7.361188,5.877832,7.668639,0.854260,3.338753,10.461213,4.632182,10.397917,7.127584,2.440459,6.338421,-0.160920,1.431588,1.871687,2.797706,8.449541,2.931126,8.292698,0.680347,-0.667911,1.526062,10.883591,6.443956,8.994789,2.291961,0.213739,8.206544,2.914223,11.039015,9.382138,
9.551877,1.709558,3.902175,7.360569,5.877464,7.670157,0.851989,3.342588,10.460404,4.632841,10.418319,7.136124,2.441431,6.335799,-0.161261,1.427517,1.872900,2.798127,8.451432,2.939834,8.292530,0.680470,-0.677325,1.518075,10.875922,6.450304,8.998666,2.293733,0.207913,8.206427,2.914832,11.046061,9.386194,
9.552639,1.707340,3.901011,7.360383,5.879995,7.669734,0.849259,3.346901,10.458798,4.633259,10.427353,7.145385,2.434744,6.335564,-0.161192,1.425007,1.871274,2.797152,8.452218,2.943486,8.291796,0.681184,-0.690683,1.510223,10.871377,6.460861,9.012269,2.303523,0.206386,8.205984,2.932273,11.047528,9.390480,
9.550752,1.699607,3.897855,7.359874,5.871086,7.669304,0.847210,3.350468,10.455845,4.633519,10.440564,7.155528,2.426264,6.333762,-0.161289,1.424629,1.869189,2.796387,8.452151,2.947002,8.290989,0.681946,-0.707788,1.499089,10.867150,6.469479,9.025590,2.316634,0.204331,8.205458,2.943990,11.048323,9.394640,
9.545975,1.691582,3.895664,7.359859,5.864952,7.667565,0.844193,3.355344,10.447254,4.633739,10.447345,7.166892,2.423870,6.331370,-0.160873,1.423136,1.864936,2.794793,8.452762,2.944883,8.290363,0.682536,-0.719283,1.487598,10.865726,6.481755,9.040946,2.324953,0.203712,8.205028,2.951551,11.048892,9.398100,
9.545965,1.679818,3.890351,7.359934,5.856723,7.665035,0.840796,3.360941,10.434163,4.634119,10.444225,7.173822,2.429965,6.327778,-0.160257,1.422000,1.859553,2.793042,8.453780,2.941267,8.289944,0.682905,-0.724835,1.476867,10.866136,6.493865,9.059957,2.327126,0.203774,8.204653,2.953568,11.049304,9.400540,
9.542014,1.675215,3.886632,7.360570,5.854819,7.661097,0.837879,3.365569,10.422242,4.635012,10.430178,7.182326,2.441168,6.323716,-0.159039,1.421347,1.854286,2.790487,8.454946,2.936266,8.289582,0.683208,-0.725926,1.466185,10.868394,6.507165,9.077629,2.326287,0.204550,8.204301,2.952874,11.048669,9.401537,
9.537033,1.668431,3.880664,7.361179,5.850180,7.657164,0.834173,3.370910,10.407795,4.635954,10.416694,7.186327,2.456024,6.320031,-0.157918,1.419868,1.849012,2.788166,8.456035,2.928647,8.289352,0.683381,-0.723383,1.455517,10.870627,6.519753,9.096901,2.321577,0.205123,8.203997,2.947447,11.048932,9.402186,
9.531071,1.661329,3.879351,7.360387,5.849159,7.650303,0.829954,3.376851,10.392382,4.636093,10.404250,7.190839,2.472870,6.317606,-0.158618,1.411576,1.842649,2.785872,8.457475,2.919268,8.289099,0.683595,-0.717213,1.446176,10.873694,6.533682,9.113792,2.314945,0.206603,8.203698,2.938809,11.050324,9.403597,
9.526798,1.654125,3.877123,7.359869,5.846847,7.644833,0.827273,3.381198,10.378300,4.637194,10.390177,7.193591,2.486839,6.317436,-0.158874,1.406054,1.836808,2.783872,8.458517,2.912246,8.288834,0.683810,-0.713002,1.437181,10.876128,6.543433,9.130315,2.309241,0.207557,8.203375,2.931943,11.050575,9.404177,
9.526505,1.644143,3.872540,7.358861,5.844341,7.639426,0.824037,3.386021,10.365122,4.637875,10.380532,7.192564,2.502782,6.317597,-0.159746,1.400483,1.830556,2.781687,8.459203,2.905547,8.288646,0.683932,-0.706926,1.428616,10.879836,6.553733,9.145878,2.301066,0.209825,8.203102,2.922114,11.050058,9.405221,
9.528632,1.639346,3.865362,7.358040,5.848946,7.634680,0.823742,3.386853,10.358736,4.638171,10.366463,7.186463,2.519196,6.316724,-0.160980,1.394488,1.825848,2.780151,8.456478,2.905883,8.288509,0.683978,-0.702566,1.418932,10.882210,6.558533,9.159673,2.296137,0.212063,8.202769,2.912435,11.048900,9.403431,
9.534006,1.637231,3.854017,7.356736,5.853130,7.632555,0.827819,3.381873,10.362040,4.638569,10.354793,7.175269,2.533273,6.313648,-0.162600,1.388192,1.824668,2.779774,8.448523,2.915727,8.288373,0.684006,-0.703194,1.410979,10.881180,6.555099,9.168557,2.295585,0.213544,8.202421,2.903666,11.047397,9.401767,
9.538645,1.634825,3.845223,7.355590,5.854152,7.629171,0.831484,3.377949,10.361162,4.639350,10.339827,7.163665,2.543961,6.311182,-0.163957,1.383311,1.821743,2.779027,8.441616,2.923774,8.288291,0.683989,-0.706306,1.403616,10.881408,6.550254,9.176663,2.297212,0.215137,8.202075,2.896460,11.044683,9.399482,
9.545059,1.635516,3.838838,7.354499,5.853397,7.625533,0.837052,3.371550,10.365197,4.640119,10.331151,7.152529,2.551159,6.309664,-0.165319,1.378701,1.819725,2.778527,8.433975,2.935341,8.288167,0.684013,-0.712585,1.397055,10.881311,6.543087,9.178296,2.300892,0.215808,8.201758,2.890770,11.042482,9.397543,
9.551666,1.636073,3.831938,7.353940,5.850296,7.620830,0.841312,3.367424,10.365861,4.640910,10.328692,7.141579,2.558274,6.309297,-0.165756,1.375314,1.815874,2.777601,8.428018,2.944065,8.288057,0.684020,-0.718770,1.390768,10.883710,6.536210,9.177637,2.303881,0.216833,8.201472,2.886589,11.040000,9.395435,
9.560129,1.642777,3.823296,7.352518,5.847838,7.617425,0.846752,3.361587,10.371584,4.641923,10.336741,7.127094,2.557801,6.309872,-0.166076,1.371037,1.813810,2.776862,8.420787,2.957081,8.287998,0.683977,-0.733810,1.387154,10.885725,6.526935,9.176034,2.316282,0.217364,8.201174,2.886274,11.037113,9.392916,
9.571205,1.647415,3.813962,7.351482,5.846331,7.613502,0.852251,3.355626,10.376648,4.643003,10.347670,7.115912,2.555813,6.310988,-0.166072,1.368722,1.811259,2.775525,8.413478,2.969670,8.287915,0.683954,-0.750051,1.385183,10.888523,6.517319,9.171003,2.329813,0.217582,8.200853,2.889222,11.035015,9.390678,
9.584455,1.652870,3.803105,7.350997,5.844565,7.608567,0.857190,3.350428,10.380142,4.643812,10.362226,7.107239,2.553788,6.313112,-0.165909,1.366277,1.806879,2.773981,8.406749,2.980954,8.287876,0.683880,-0.766385,1.383300,10.891796,6.508392,9.165164,2.343636,0.217807,8.200539,2.891274,11.033138,9.388816,
9.596692,1.658054,3.794493,7.349995,5.842807,7.603912,0.862658,3.344308,10.384232,4.644762,10.383073,7.099355,2.549162,6.316255,-0.166296,1.365599,1.803058,2.772112,8.399758,2.993195,8.287828,0.683836,-0.784005,1.382463,10.896004,6.497999,9.158454,2.358753,0.217210,8.200236,2.894741,11.031756,9.387262,
9.611948,1.664486,3.787685,7.348799,5.842129,7.600036,0.869322,3.336538,10.392759,4.645937,10.410239,7.090958,2.544054,6.319191,-0.166805,1.364700,1.800347,2.771076,8.391225,3.009387,8.287808,0.683800,-0.801572,1.382974,10.897275,6.484033,9.150017,2.372908,0.214809,8.199965,2.899641,11.032157,9.385942,
9.627955,1.668912,3.783994,7.347772,5.841346,7.596398,0.874638,3.330283,10.397076,4.646873,10.434346,7.082291,2.542589,6.321960,-0.166359,1.363274,1.796838,2.769617,8.383909,3.021076,8.287665,0.683852,-0.817023,1.381013,10.899487,6.473204,9.143167,2.385541,0.215335,8.199598,2.904031,11.029467,9.384175,
9.643917,1.671235,3.781467,7.346757,5.838998,7.592341,0.880352,3.323255,10.401181,4.647881,10.460319,7.075946,2.543894,6.326798,-0.165828,1.362237,1.793557,2.767808,8.376377,3.032394,8.287584,0.683856,-0.829740,1.379520,10.902276,6.461079,9.136145,2.395118,0.213735,8.199293,2.905318,11.028795,9.382781,
9.656303,1.677233,3.777946,7.345388,5.836499,7.590253,0.886302,3.315501,10.403899,4.648843,10.481665,7.071158,2.543237,6.332441,-0.165791,1.360445,1.792285,2.766134,8.368591,3.043605,8.287601,0.683787,-0.842385,1.379151,10.902794,6.447800,9.131939,2.404220,0.209818,8.199043,2.908259,11.030502,9.381701,
9.665607,1.673081,3.770111,7.343912,5.832279,7.588266,0.890575,3.309432,10.403850,4.648939,10.506734,7.066162,2.544457,6.335519,-0.166183,1.361176,1.790158,2.763871,8.362818,3.051301,8.286682,0.684571,-0.856504,1.378353,10.903766,6.438838,9.126187,2.412674,0.208819,8.198153,2.911999,11.026639,9.380098,
9.671848,1.668056,3.763103,7.342174,5.828542,7.586731,0.894592,3.303400,10.405019,4.649347,10.530469,7.064689,2.549779,6.337223,-0.166961,1.361173,1.788647,2.761509,8.357543,3.059182,8.285966,0.685168,-0.867780,1.377790,10.905691,6.431375,9.123425,2.419269,0.207497,8.197426,2.915386,11.024543,9.378707,
9.666034,1.669206,3.756098,7.341551,5.826642,7.587181,0.897409,3.299320,10.397458,4.650300,10.537046,7.066888,2.560742,6.338878,-0.166378,1.360837,1.788341,2.759082,8.354383,3.061435,8.285491,0.685519,-0.872073,1.374018,10.906041,6.424292,9.112409,2.419262,0.210163,8.196763,2.917389,11.016008,9.374874,
9.660251,1.662609,3.750034,7.341172,5.824765,7.586073,0.898862,3.297470,10.385384,4.650458,10.545103,7.066182,2.572162,6.340679,-0.165629,1.359601,1.786049,2.755932,8.354146,3.059723,8.284777,0.686025,-0.872205,1.370407,10.908212,6.421846,9.104037,2.416441,0.214801,8.195904,2.919429,11.006655,9.371080,
9.654426,1.656839,3.746366,7.341078,5.820145,7.583414,0.899234,3.297256,10.371350,4.650518,10.548521,7.068232,2.589113,6.343487,-0.164599,1.357116,1.782565,2.752782,8.354569,3.055949,8.284233,0.686400,-0.864452,1.365298,10.910122,6.421767,9.095452,2.405529,0.218991,8.195187,2.912709,10.999346,9.368395,
9.651762,1.648728,3.741309,7.341034,5.814882,7.580060,0.899455,3.297669,10.356640,4.650690,10.549788,7.073113,2.607131,6.346160,-0.164135,1.352776,1.778239,2.749600,8.354901,3.051200,8.283906,0.686569,-0.854131,1.360188,10.910911,6.421727,9.086141,2.392289,0.222150,8.194552,2.902660,10.993612,9.366295,
9.647738,1.638924,3.736420,7.341285,5.809287,7.577800,0.900382,3.295978,10.346382,4.650968,10.549093,7.078014,2.625539,6.347210,-0.163422,1.347953,1.774556,2.746600,8.355477,3.049009,8.283432,0.686890,-0.842998,1.353887,10.911861,6.422616,9.079079,2.380143,0.226266,8.193893,2.889154,10.986234,9.363079,
9.644764,1.626056,3.729707,7.342009,5.803921,7.575114,0.900084,3.296795,10.332726,4.651100,10.550054,7.082305,2.644621,6.349683,-0.161224,1.343493,1.769592,2.742578,8.357491,3.043056,8.282981,0.687141,-0.833770,1.348106,10.913137,6.423359,9.074262,2.367671,0.231810,8.193123,2.875647,10.977160,9.358813,
9.642638,1.610917,3.720542,7.342321,5.801480,7.574965,0.900086,3.297095,10.322765,4.651333,10.554452,7.088544,2.661543,6.349526,-0.159083,1.340597,1.766439,2.738465,8.360122,3.039003,8.282424,0.687486,-0.825164,1.343337,10.913875,6.425512,9.073485,2.356952,0.238400,8.192309,2.863545,10.966525,9.353503,
9.642205,1.595966,3.709103,7.343503,5.797631,7.574598,0.899665,3.298050,10.310281,4.651436,10.562324,7.094412,2.675507,6.349480,-0.156430,1.340020,1.763298,2.734216,8.363348,3.032594,8.281800,0.687874,-0.819108,1.339716,10.914118,6.427273,9.073279,2.348977,0.245158,8.191399,2.853288,10.955684,9.347998,
9.641673,1.585752,3.695164,7.343747,5.794275,7.576341,0.899818,3.298272,10.301194,4.651916,10.577926,7.097318,2.684521,6.352077,-0.154619,1.339227,1.761644,2.730468,8.366556,3.028592,8.281507,0.687995,-0.818127,1.338111,10.913469,6.428821,9.075554,2.345323,0.249230,8.190690,2.848770,10.948976,9.343411,
9.642573,1.577714,3.676641,7.342631,5.791368,7.578481,0.900497,3.297835,10.296968,4.652829,10.600302,7.096604,2.688093,6.355214,-0.155110,1.338180,1.760971,2.727788,8.369577,3.027974,8.281826,0.687565,-0.820720,1.338891,10.911669,6.431201,9.078529,2.344742,0.250983,8.190141,2.846514,10.945575,9.339016,
9.643684,1.569423,3.652853,7.342424,5.792025,7.583060,0.901281,3.297371,10.298671,4.653433,10.628928,7.099561,2.686682,6.358902,-0.155870,1.339568,1.761553,2.725116,8.372360,3.032695,8.281718,0.687524,-0.824413,1.342272,10.906883,6.437966,9.079122,2.350058,0.254098,8.188978,2.850029,10.939369,9.333103,
9.640337,1.567191,3.627345,7.343235,5.792018,7.588151,0.901201,3.298020,10.296051,4.654651,10.659271,7.100141,2.681094,6.360154,-0.156066,1.340572,1.764505,2.721423,8.375820,3.034455,8.281964,0.687003,-0.833828,1.344233,10.900829,6.444207,9.080731,2.359916,0.260125,8.187933,2.859902,10.928642,9.324876,
9.639909,1.566483,3.604431,7.343742,5.792475,7.595407,0.900663,3.299332,10.295347,4.656431,10.687906,7.097831,2.673546,6.364547,-0.156364,1.340392,1.771038,2.716845,8.379251,3.038035,8.282779,0.685979,-0.843828,1.347493,10.890837,6.451029,9.083644,2.369878,0.263240,8.187504,2.868373,10.922543,9.317425,
9.639353,1.568976,3.579498,7.344267,5.793674,7.602249,0.899678,3.301674,10.294583,4.658600,10.716136,7.097641,2.665939,6.369892,-0.156393,1.339972,1.777626,2.712322,8.383891,3.041172,8.284066,0.684515,-0.855312,1.351345,10.879810,6.457870,9.086910,2.380926,0.263196,8.187298,2.879094,10.922891,9.312987,
9.633731,1.574012,3.557809,7.345288,5.797553,7.609726,0.898312,3.304144,10.292715,4.660771,10.744014,7.099706,2.659488,6.375347,-0.156223,1.339241,1.786302,2.707456,8.388747,3.042448,8.284971,0.683327,-0.865067,1.354904,10.868270,6.462166,9.089242,2.391419,0.263403,8.186918,2.888949,10.921127,9.308703,
9.625841,1.588493,3.532783,7.345930,5.804993,7.618709,0.897074,3.306208,10.299503,4.662937,10.773684,7.101380,2.645895,6.380910,-0.156978,1.336080,1.798596,2.704274,8.394887,3.051446,8.285865,0.682300,-0.881230,1.362031,10.856537,6.471156,9.089830,2.407355,0.253707,8.187204,2.905565,10.935152,9.310962,
9.618239,1.605393,3.507143,7.346240,5.814691,7.626817,0.894282,3.310465,10.312242,4.664716,10.801769,7.100310,2.630243,6.385541,-0.158336,1.329997,1.811169,2.702329,8.403066,3.065849,8.286677,0.681641,-0.897688,1.370158,10.845835,6.483230,9.092460,2.422923,0.238135,8.187826,2.922430,10.959121,9.317905,
9.612457,1.620887,3.483655,7.347320,5.821059,7.633459,0.890496,3.315785,10.319941,4.665671,10.828047,7.100150,2.615831,6.390360,-0.158151,1.325310,1.823580,2.698227,8.412944,3.076462,8.286951,0.681454,-0.912220,1.378389,10.836879,6.495841,9.100119,2.436381,0.223358,8.188314,2.937261,10.981922,9.324747,
9.604368,1.634543,3.465516,7.348717,5.828770,7.638506,0.887578,3.320449,10.328759,4.666762,10.854399,7.097884,2.603090,6.394555,-0.157608,1.318119,1.834049,2.697882,8.423322,3.089079,8.287796,0.680816,-0.924133,1.387169,10.825627,6.505192,9.112162,2.446330,0.207160,8.189254,2.951273,11.007601,9.332817,
9.599205,1.643761,3.449081,7.350423,5.837378,7.641511,0.884448,3.325540,10.334040,4.667828,10.879040,7.098252,2.596680,6.398704,-0.156247,1.311979,1.843654,2.696702,8.433502,3.098053,8.288649,0.680153,-0.930786,1.394746,10.815029,6.512330,9.123051,2.451095,0.192476,8.190006,2.958086,11.031558,9.340327,
9.593946,1.649840,3.434576,7.352563,5.845884,7.643643,0.880781,3.330979,10.336086,4.668711,10.906267,7.096504,2.596399,6.402237,-0.153944,1.306894,1.853540,2.693935,8.443162,3.103992,8.289343,0.679581,-0.931834,1.400861,10.805036,6.518096,9.135432,2.449774,0.179595,8.190598,2.960602,11.053059,9.346369,
9.599732,1.651948,3.423298,7.354444,5.852594,7.645645,0.878342,3.334317,10.337522,4.669600,10.932756,7.097574,2.600496,6.404256,-0.151746,1.304347,1.862582,2.690996,8.450071,3.109567,8.290056,0.678947,-0.929035,1.405269,10.795837,6.520237,9.147494,2.444172,0.167771,8.191153,2.958496,11.073303,9.350658,
9.607245,1.652453,3.414246,7.355995,5.857231,7.647639,0.876387,3.336213,10.338399,4.670422,10.959153,7.099226,2.605433,6.405382,-0.149134,1.304454,1.870826,2.687344,8.454752,3.114748,8.290749,0.678309,-0.925841,1.408560,10.788054,6.517904,9.157392,2.437491,0.157263,8.191638,2.953782,11.090627,9.353588,
9.618344,1.650803,3.406508,7.357783,5.860501,7.648753,0.874195,3.338219,10.337044,4.671403,10.983989,7.101229,2.613857,6.406679,-0.145987,1.304978,1.878048,2.683939,8.458798,3.117395,8.291579,0.677525,-0.920677,1.411341,10.780352,6.512132,9.170026,2.428707,0.147074,8.192108,2.946305,11.107524,9.354765,
9.630905,1.650855,3.401856,7.359330,5.860682,7.650174,0.871445,3.340404,10.331649,4.672246,11.007420,7.104302,2.620254,6.406502,-0.143076,1.307822,1.885266,2.679958,8.461709,3.116549,8.292278,0.676835,-0.917155,1.414032,10.774656,6.501613,9.182995,2.420840,0.138705,8.192490,2.939898,11.121194,9.354075,
9.646006,1.648707,3.400495,7.361844,5.859389,7.651325,0.866649,3.345416,10.319051,4.673118,11.030315,7.107176,2.627601,6.405833,-0.139399,1.311926,1.891916,2.674463,8.466898,3.108847,8.293070,0.676041,-0.912212,1.414654,10.769298,6.487857,9.196436,2.411685,0.133288,8.192878,2.931445,11.130757,9.352349,
9.655077,1.650729,3.401910,7.364387,5.856912,7.651928,0.861431,3.350625,10.302831,4.673776,11.058813,7.103471,2.633205,6.406475,-0.135029,1.316181,1.897346,2.667619,8.471741,3.097709,8.293724,0.675314,-0.908858,1.414223,10.764900,6.471475,9.199238,2.404185,0.131616,8.193103,2.928499,11.134269,9.349951,
9.657022,1.659132,3.407943,7.366850,5.855036,7.652059,0.855182,3.357279,10.281419,4.674158,11.077942,7.099113,2.639369,6.407721,-0.130671,1.320217,1.902626,2.659211,8.477907,3.083801,8.294233,0.674760,-0.906362,1.411745,10.761720,6.456949,9.196200,2.397945,0.131135,8.193244,2.927014,11.134727,9.348209,
9.650171,1.672701,3.389866,7.364781,5.851330,7.652584,0.849739,3.362512,10.261985,4.674129,11.093690,7.098358,2.651972,6.398552,-0.123101,1.326050,1.908905,2.649863,8.481241,3.071028,8.294591,0.674173,-0.908006,1.414651,10.760274,6.441216,9.182470,2.393659,0.136161,8.192992,2.927890,11.127115,9.349253,
9.648834,1.687101,3.373799,7.363472,5.848940,7.653649,0.845784,3.365130,10.247662,4.674181,11.115710,7.096133,2.659576,6.389571,-0.115633,1.333077,1.915626,2.640716,8.481770,3.060971,8.294798,0.673702,-0.912018,1.417751,10.758731,6.424446,9.169770,2.391759,0.140706,8.192642,2.931052,11.118672,9.348863,
9.651441,1.701049,3.360415,7.362778,5.844704,7.655351,0.841824,3.367503,10.229628,4.674466,11.141723,7.095428,2.663182,6.378884,-0.109087,1.339616,1.922250,2.631752,8.482151,3.048593,8.294936,0.673286,-0.918365,1.419341,10.756386,6.406042,9.152703,2.392183,0.146914,8.192233,2.935360,11.106466,9.347582,
9.653922,1.719932,3.344391,7.362134,5.844615,7.658349,0.838581,3.368966,10.207397,4.674648,11.179475,7.092514,2.659411,6.373844,-0.102489,1.344493,1.928082,2.623654,8.481652,3.031352,8.294427,0.673381,-0.929829,1.418683,10.753491,6.384915,9.140514,2.398246,0.157825,8.191345,2.945795,11.087318,9.345338,
9.657699,1.740700,3.329400,7.361649,5.844732,7.662438,0.835830,3.369429,10.184533,4.674733,11.219596,7.090108,2.652662,6.369541,-0.096505,1.350459,1.934219,2.615315,8.479904,3.013640,8.293780,0.673581,-0.943034,1.417183,10.748869,6.364804,9.127764,2.406228,0.169218,8.190324,2.959705,11.068292,9.341728,
9.662114,1.761079,3.315873,7.360304,5.843374,7.667349,0.833538,3.368131,10.168069,4.674917,11.258226,7.085844,2.644929,6.366841,-0.091104,1.356657,1.941578,2.606282,8.475944,3.001098,8.292675,0.674155,-0.956180,1.416756,10.740054,6.349166,9.115743,2.415755,0.179823,8.189029,2.974660,11.048634,9.337986,
9.669423,1.778839,3.303735,7.359060,5.842627,7.672584,0.831589,3.365766,10.154534,4.675325,11.297220,7.082093,2.637093,6.364738,-0.086483,1.363069,1.950510,2.596331,8.470633,2.991963,8.291765,0.674477,-0.968738,1.416919,10.730985,6.336127,9.105922,2.425009,0.189440,8.187730,2.985868,11.029968,9.334108,
9.679807,1.791688,3.294616,7.357800,5.843956,7.679098,0.828664,3.364033,10.149613,4.675614,11.333409,7.083016,2.631061,6.363071,-0.083072,1.369623,1.961363,2.584956,8.465825,2.990537,8.291059,0.674581,-0.979777,1.417267,10.721367,6.329494,9.096984,2.433721,0.195922,8.186516,2.993837,11.015402,9.330900,
9.690982,1.811682,3.285458,7.358396,5.852318,7.678375,0.828674,3.359945,10.144446,4.676073,11.359834,7.082326,2.634049,6.361043,-0.076981,1.378616,1.967614,2.578674,8.459296,2.988571,8.290569,0.674205,-0.980670,1.415422,10.715697,6.322004,9.089849,2.432268,0.205198,8.185011,3.008145,10.998596,9.323444,
9.704178,1.827099,3.278386,7.358810,5.859949,7.677360,0.826721,3.359403,10.147707,4.676884,11.380055,7.085120,2.638835,6.358713,-0.071375,1.386854,1.974004,2.573478,8.456997,2.994752,8.290857,0.673088,-0.979583,1.414752,10.711491,6.322203,9.086205,2.428523,0.208788,8.184248,3.020237,10.990143,9.318897,
9.713482,1.839971,3.275378,7.358374,5.869053,7.677648,0.823022,3.363053,10.157841,4.677696,11.394896,7.090252,2.647437,6.358319,-0.066816,1.395805,1.975692,2.570796,8.459600,3.005673,8.291400,0.671798,-0.976214,1.414793,10.702037,6.327155,9.087174,2.423809,0.209855,8.184554,3.029153,10.986179,9.317207,
9.719450,1.849325,3.274440,7.358308,5.880856,7.681015,0.819292,3.364291,10.163934,4.678073,11.406041,7.096952,2.657005,6.358638,-0.063051,1.402827,1.982829,2.562307,8.458499,3.013285,8.291615,0.670592,-0.972603,1.414562,10.686912,6.330027,9.086682,2.419991,0.212097,8.184307,3.035526,10.980699,9.314202,
9.734347,1.850693,3.275872,7.358116,5.892462,7.683967,0.811855,3.373234,10.182289,4.678939,11.412304,7.106358,2.668823,6.358669,-0.059549,1.406830,1.987199,2.558317,8.467011,3.032220,8.293472,0.668085,-0.965616,1.416393,10.672202,6.343756,9.091389,2.411925,0.205236,8.185238,3.036447,10.989211,9.316472,
9.747761,1.851072,3.279316,7.357434,5.905144,7.686224,0.801506,3.388250,10.210683,4.680402,11.414681,7.117390,2.681210,6.358548,-0.056752,1.410439,1.991154,2.557698,8.483193,3.060481,8.296217,0.664945,-0.956410,1.418167,10.658901,6.366975,9.091963,2.401181,0.190943,8.186920,3.034776,11.006023,9.323616,
9.753242,1.850191,3.281878,7.356803,5.914835,7.691438,0.791940,3.399062,10.226194,4.679578,11.413067,7.133387,2.690191,6.356636,-0.052657,1.418143,1.998908,2.552065,8.493338,3.075379,8.296675,0.663600,-0.949119,1.419905,10.636201,6.382621,9.081272,2.394033,0.184469,8.186808,3.030556,11.012594,9.326661,
9.759731,1.849548,3.284844,7.355305,5.926669,7.696808,0.782807,3.409497,10.244836,4.678744,11.415795,7.146831,2.696995,6.354738,-0.050230,1.426899,2.006707,2.547536,8.503537,3.092671,8.297139,0.662291,-0.942603,1.422106,10.613904,6.399912,9.072398,2.386623,0.176648,8.186682,3.029001,11.021228,9.329760,
9.768286,1.848980,3.289411,7.354184,5.936160,7.699840,0.775500,3.417999,10.260286,4.678197,11.426991,7.155177,2.700597,6.352153,-0.047888,1.434642,2.010932,2.545500,8.511873,3.106745,8.297856,0.660699,-0.936674,1.425686,10.596148,6.413472,9.070864,2.379377,0.169952,8.186580,3.027074,11.029268,9.332129,
9.770213,1.855426,3.292147,7.353537,5.945934,7.703254,0.769583,3.423441,10.270876,4.677719,11.443825,7.156702,2.700546,6.349420,-0.045980,1.442307,2.015470,2.541885,8.516289,3.116662,8.298152,0.659353,-0.933606,1.428455,10.578521,6.423193,9.068802,2.375153,0.167876,8.185954,3.029646,11.031546,9.330969,
9.768389,1.866249,3.297891,7.354371,5.954617,7.705370,0.764301,3.427782,10.273641,4.677245,11.470077,7.152170,2.696210,6.350359,-0.042816,1.449456,2.020242,2.537027,8.519220,3.118659,8.298125,0.658258,-0.933755,1.430004,10.562523,6.425827,9.072902,2.373804,0.170888,8.185002,3.035231,11.027903,9.327482,
9.768321,1.878056,3.303096,7.355111,5.962159,7.707203,0.760354,3.430690,10.274907,4.676780,11.500013,7.146282,2.688977,6.351456,-0.040231,1.455890,2.023478,2.533851,8.520712,3.118216,8.297876,0.657385,-0.937098,1.431991,10.548810,6.425559,9.075258,2.375406,0.175477,8.183826,3.043851,11.022309,9.323305,
9.769553,1.889643,3.309032,7.356306,5.967441,7.708504,0.757049,3.432711,10.272822,4.676538,11.530728,7.138351,2.680078,6.351624,-0.037380,1.463495,2.025423,2.529633,8.521018,3.116467,8.297794,0.656404,-0.941478,1.434024,10.537228,6.423395,9.080583,2.377680,0.180697,8.182798,3.052964,11.015898,9.319008,
9.770513,1.898840,3.314333,7.357923,5.974813,7.709890,0.754255,3.434494,10.270484,4.676188,11.556800,7.135283,2.674279,6.350862,-0.033652,1.470080,2.026401,2.524841,8.521065,3.114827,8.297893,0.655443,-0.943337,1.435271,10.529186,6.421553,9.085042,2.378637,0.185076,8.182148,3.060553,11.010641,9.315747,
9.772374,1.907621,3.319263,7.359420,5.981622,7.711482,0.750899,3.436429,10.271113,4.676019,11.577634,7.134351,2.669618,6.350056,-0.030253,1.475064,2.028561,2.518197,8.521299,3.114935,8.298090,0.654436,-0.943646,1.437031,10.521627,6.421219,9.088591,2.377414,0.187609,8.181678,3.067540,11.008572,9.313172,
9.783899,1.907948,3.325363,7.360845,5.985843,7.711484,0.748102,3.440629,10.276534,4.676517,11.592500,7.134860,2.669081,6.348621,-0.026796,1.478148,2.028194,2.518134,8.525796,3.119455,8.299647,0.652442,-0.940058,1.440606,10.519342,6.423485,9.095823,2.371646,0.184873,8.182275,3.067047,11.014605,9.313991,
9.800093,1.903912,3.331976,7.361873,5.989109,7.710742,0.746149,3.445131,10.287346,4.677654,11.602201,7.134310,2.669695,6.346727,-0.023632,1.479431,2.025829,2.523110,8.531791,3.128289,8.302147,0.649819,-0.934621,1.445338,10.519655,6.428277,9.105656,2.363550,0.177862,8.183247,3.063983,11.026676,9.317222,
9.816074,1.901165,3.339640,7.363928,5.987724,7.711777,0.743285,3.447035,10.286832,4.678299,11.611744,7.136832,2.667612,6.345145,-0.019516,1.480836,2.026159,2.517161,8.531993,3.123828,8.303376,0.647987,-0.931308,1.450147,10.513986,6.425517,9.107161,2.357219,0.175830,8.183061,3.060741,11.032790,9.317258,
9.831055,1.894844,3.350325,7.365538,5.992349,7.713764,0.740563,3.447463,10.288973,4.678537,11.616902,7.151309,2.669792,6.343698,-0.016309,1.485610,2.028136,2.509236,8.530292,3.122467,8.304210,0.646397,-0.924505,1.455706,10.509903,6.426135,9.097862,2.349912,0.174480,8.182633,3.054566,11.038330,9.317532,
9.845147,1.888854,3.361076,7.366851,5.996605,7.715800,0.738305,3.446996,10.291237,4.678942,11.618855,7.168398,2.671332,6.342374,-0.013633,1.490070,2.029928,2.501509,8.527679,3.122429,8.305145,0.644743,-0.918118,1.461079,10.506664,6.427537,9.088308,2.342401,0.171957,8.182331,3.048284,11.045469,9.317715,
9.858924,1.881317,3.374818,7.368187,6.000666,7.717937,0.735639,3.447975,10.295061,4.679490,11.613767,7.189614,2.675051,6.338178,-0.010834,1.496415,2.032005,2.495271,8.527257,3.124551,8.306623,0.642846,-0.910711,1.466674,10.503590,6.430792,9.078658,2.333527,0.167824,8.182593,3.041694,11.055149,9.318573,
9.864340,1.878538,3.388646,7.369565,6.003454,7.719099,0.733528,3.446594,10.292672,4.679932,11.603991,7.202807,2.676787,6.334328,-0.008203,1.503533,2.032722,2.484956,8.523014,3.122471,8.307528,0.641305,-0.905865,1.471378,10.499499,6.430223,9.071660,2.327021,0.168195,8.182509,3.041505,11.058560,9.316633,
9.868547,1.877547,3.400041,7.370797,6.007186,7.720072,0.731371,3.445593,10.290090,4.680223,11.597417,7.215112,2.677767,6.330554,-0.005902,1.509302,2.032913,2.475759,8.519334,3.118754,8.308367,0.639848,-0.902502,1.476590,10.495246,6.428279,9.064873,2.321851,0.169657,8.182302,3.043601,11.060081,9.314309,
9.868161,1.879577,3.410577,7.372180,6.010774,7.721106,0.728618,3.445989,10.288857,4.680292,11.593224,7.221612,2.677046,6.326907,-0.003425,1.513159,2.032689,2.468090,8.518043,3.115441,8.309236,0.638464,-0.901284,1.481346,10.492074,6.426246,9.061876,2.318661,0.171431,8.182250,3.048504,11.061576,9.312872,
9.858777,1.892521,3.421699,7.373218,6.016546,7.723716,0.725183,3.446190,10.286015,4.679999,11.601304,7.220746,2.671538,6.322097,-0.001410,1.518634,2.034186,2.459778,8.517394,3.110652,8.309573,0.637617,-0.906331,1.484084,10.486704,6.422870,9.061533,2.321832,0.176417,8.181952,3.061238,11.058269,9.311060,
9.853698,1.899514,3.427959,7.375061,6.016778,7.726476,0.723643,3.444952,10.276810,4.680799,11.613920,7.216649,2.664229,6.318252,0.001068,1.528425,2.032255,2.450213,8.513683,3.103878,8.310259,0.636384,-0.911613,1.490240,10.478523,6.415934,9.070012,2.324918,0.185483,8.181492,3.068928,11.048545,9.307337,
9.844976,1.912108,3.434481,7.376708,6.016901,7.728588,0.721777,3.444368,10.268806,4.680968,11.629906,7.208534,2.655686,6.315633,0.003393,1.537677,2.030261,2.441090,8.511226,3.097865,8.310544,0.635509,-0.918405,1.496049,10.474539,6.409883,9.077486,2.329356,0.193891,8.181159,3.078986,11.038905,9.304101,
9.829432,1.928793,3.439588,7.378482,6.019525,7.732930,0.719760,3.442793,10.258804,4.680570,11.643253,7.195495,2.649296,6.313569,0.005693,1.547821,2.031468,2.431795,8.507786,3.091740,8.310134,0.634911,-0.924128,1.500952,10.465857,6.404847,9.082242,2.333550,0.204963,8.180100,3.092689,11.025226,9.297880,
9.816215,1.942821,3.444101,7.379846,6.021919,7.737059,0.716012,3.445905,10.249936,4.680657,11.652345,7.188538,2.648273,6.311637,0.007508,1.559530,2.031631,2.427170,8.510853,3.086730,8.310752,0.633744,-0.926541,1.503414,10.458652,6.402467,9.086073,2.334210,0.212913,8.180025,3.101412,11.017465,9.294788,
9.806736,1.954385,3.448896,7.380928,6.022370,7.740490,0.711275,3.450738,10.242890,4.681508,11.655502,7.184760,2.647559,6.309867,0.009096,1.569448,2.033442,2.421954,8.515904,3.083999,8.311999,0.631932,-0.929056,1.506130,10.454184,6.403413,9.091793,2.334678,0.217779,8.180683,3.107321,11.015482,9.293877,
9.796780,1.961886,3.451492,7.381929,6.023665,7.746242,0.707478,3.450007,10.229697,4.680721,11.651419,7.186280,2.646366,6.307800,0.010483,1.579644,2.038073,2.409579,8.512143,3.074922,8.310919,0.631543,-0.932275,1.508477,10.440710,6.399498,9.086866,2.336542,0.227400,8.178974,3.108892,11.006931,9.288615,
9.788835,1.967630,3.453934,7.382660,6.024211,7.751526,0.706517,3.443607,10.217460,4.680429,11.645007,7.186796,2.645664,6.305818,0.011889,1.586712,2.042714,2.392562,8.500283,3.066867,8.309966,0.630965,-0.936272,1.511287,10.425310,6.393642,9.077933,2.338759,0.237148,8.176910,3.116973,10.999496,9.280789,
9.781383,1.973108,3.456462,7.383184,6.027491,7.754997,0.704699,3.437896,10.208659,4.680304,11.642031,7.185061,2.644701,6.304506,0.013088,1.591675,2.047704,2.375727,8.489749,3.060558,8.309388,0.630186,-0.940376,1.515984,10.411321,6.389624,9.070747,2.341404,0.245027,8.175249,3.125391,10.993707,9.274274,
9.771699,1.980755,3.461740,7.383549,6.031919,7.756832,0.700583,3.435933,10.204174,4.680505,11.642565,7.180728,2.642253,6.302773,0.013493,1.596452,2.056536,2.360578,8.485479,3.059074,8.309447,0.629228,-0.944753,1.519704,10.404401,6.391585,9.066929,2.344931,0.250471,8.174487,3.131883,10.991184,9.269045,
9.761479,1.991102,3.467109,7.383797,6.036612,7.758582,0.695436,3.437141,10.200289,4.680368,11.648278,7.174790,2.638029,6.300888,0.013804,1.599984,2.064536,2.348935,8.486094,3.057754,8.310006,0.627880,-0.950209,1.522967,10.398992,6.393578,9.065318,2.349173,0.256416,8.174145,3.138095,10.989054,9.263957,
9.749807,2.003046,3.471447,7.383989,6.041984,7.759155,0.689907,3.441508,10.197033,4.680510,11.655752,7.169413,2.633852,6.299298,0.014181,1.600712,2.070965,2.340504,8.491186,3.057668,8.310579,0.626786,-0.955564,1.526939,10.396516,6.398404,9.062491,2.352622,0.259455,8.174230,3.142941,10.988949,9.260694,
9.734890,2.017407,3.475815,7.384115,6.047400,7.759665,0.683654,3.446242,10.194585,4.680067,11.662670,7.166730,2.628267,6.298109,0.014392,1.601809,2.078179,2.331572,8.497367,3.058044,8.309963,0.626733,-0.962357,1.529826,10.395520,6.405253,9.056493,2.358173,0.262486,8.174063,3.149283,10.987474,9.257378,
9.727203,2.026683,3.479491,7.384155,6.053234,7.760704,0.674050,3.460966,10.204605,4.681888,11.672421,7.160713,2.625812,6.295851,0.014627,1.600585,2.084441,2.329389,8.517090,3.069410,8.312978,0.623977,-0.964223,1.534143,10.397119,6.422324,9.049632,2.358115,0.254982,8.176722,3.151127,10.997592,9.261254,
9.723833,2.033285,3.482604,7.384156,6.055696,7.759561,0.665551,3.476468,10.215012,4.684668,11.684815,7.154475,2.624657,6.293189,0.014896,1.599498,2.087209,2.332358,8.538597,3.081071,8.317664,0.620043,-0.963972,1.538013,10.403042,6.439448,9.047278,2.355396,0.245076,8.180402,3.149106,11.012076,9.267009,
9.716805,2.043535,3.488046,7.384398,6.070236,7.760082,0.658828,3.489880,10.223118,4.683938,11.691806,7.151533,2.623589,6.291750,0.015309,1.588782,2.089510,2.337981,8.557497,3.091149,8.318008,0.619263,-0.961751,1.535087,10.405289,6.454753,9.047673,2.358816,0.239211,8.180346,3.147710,11.015450,9.270413,
9.708352,2.056132,3.494134,7.384547,6.082659,7.759574,0.652756,3.503722,10.233561,4.683235,11.702398,7.144712,2.620543,6.289710,0.015616,1.578721,2.089628,2.347058,8.577604,3.102323,8.318816,0.618209,-0.960678,1.532294,10.411032,6.470468,9.047386,2.362296,0.231654,8.180710,3.147753,11.020785,9.275266,
9.698612,2.070117,3.499860,7.384718,6.093651,7.758600,0.647062,3.516449,10.239252,4.682921,11.713867,7.138372,2.616711,6.287347,0.015930,1.572522,2.088500,2.353446,8.596166,3.109616,8.319410,0.617389,-0.960830,1.528826,10.415942,6.484216,9.050149,2.366653,0.227781,8.180914,3.150220,11.024417,9.278905,
9.685990,2.086268,3.505987,7.384864,6.105558,7.758802,0.641537,3.527401,10.245056,4.682572,11.728296,7.128322,2.612310,6.285092,0.016226,1.566795,2.088090,2.359481,8.613055,3.116017,8.319966,0.616573,-0.962227,1.525407,10.421162,6.496590,9.053181,2.371983,0.225822,8.181051,3.153397,11.026144,9.281578,
9.678984,2.100705,3.513451,7.384886,6.116999,7.761494,0.635238,3.537902,10.258750,4.682013,11.743456,7.115949,2.607503,6.282392,0.016392,1.560929,2.091187,2.367460,8.630655,3.127232,8.320927,0.615556,-0.961618,1.521903,10.426151,6.510811,9.055018,2.374418,0.219884,8.181874,3.155148,11.033814,9.287195,
9.682063,2.107626,3.518451,7.384934,6.125012,7.762765,0.628523,3.548797,10.271741,4.682176,11.760329,7.105555,2.606956,6.279346,0.016647,1.556646,2.093860,2.373509,8.648894,3.136865,8.322908,0.613803,-0.956806,1.518763,10.434059,6.521914,9.061256,2.371716,0.214262,8.183598,3.152222,11.044280,9.293464,
9.686046,2.114273,3.523588,7.385028,6.129433,7.762220,0.622189,3.559488,10.280209,4.682672,11.778068,7.096257,2.605816,6.275598,0.016888,1.552968,2.093737,2.379508,8.666499,3.142127,8.324890,0.612077,-0.952764,1.516428,10.443703,6.528881,9.066878,2.368678,0.210453,8.185283,3.151368,11.053849,9.298973,
9.692291,2.120641,3.529576,7.385074,6.133614,7.760058,0.615906,3.567840,10.286170,4.683139,11.794011,7.090223,2.604982,6.272586,0.017068,1.550742,2.092762,2.380979,8.680408,3.145103,8.326411,0.610638,-0.947938,1.513161,10.455587,6.533949,9.070399,2.364281,0.208090,8.186626,3.146308,11.061985,9.303406,
9.700085,2.124805,3.531577,7.385594,6.137012,7.758098,0.610020,3.575247,10.290489,4.683198,11.808369,7.087613,2.605427,6.271682,0.017986,1.547949,2.091220,2.383459,8.693407,3.147705,8.327179,0.609880,-0.942586,1.510321,10.467194,6.538675,9.070844,2.359382,0.206790,8.187488,3.138774,11.068249,9.308100,
9.709525,2.128422,3.534474,7.386236,6.138431,7.755000,0.604337,3.581949,10.292440,4.683496,11.821348,7.086107,2.605263,6.270654,0.019010,1.545908,2.087996,2.384847,8.705180,3.148328,8.328007,0.609101,-0.937760,1.507242,10.480766,6.541151,9.073679,2.354292,0.206689,8.188381,3.130686,11.074118,9.312160,
9.718638,2.130150,3.537427,7.386789,6.138046,7.751164,0.598190,3.589454,10.293786,4.683757,11.830129,7.084373,2.608302,6.268275,0.019878,1.545668,2.083117,2.387986,8.718260,3.147715,8.328932,0.608282,-0.932805,1.504147,10.496294,6.541340,9.078305,2.348640,0.206974,8.189405,3.121015,11.079900,9.316148,
9.729208,2.133050,3.540738,7.387302,6.136975,7.745886,0.593700,3.593988,10.292272,4.684186,11.834308,7.082062,2.608836,6.265115,0.020682,1.545759,2.076855,2.388370,8.727365,3.145652,8.329700,0.607616,-0.930832,1.500949,10.514560,6.538241,9.081979,2.345663,0.210019,8.190358,3.116151,11.083790,9.319697,
9.741427,2.133868,3.543581,7.388048,6.134249,7.737782,0.589106,3.599339,10.285789,4.684559,11.838345,7.080373,2.611248,6.262068,0.021717,1.546858,2.067322,2.387072,8.736533,3.140052,8.330348,0.607072,-0.927874,1.497236,10.536179,6.533481,9.085714,2.341077,0.213847,8.191271,3.110629,11.086243,9.322047,
9.748571,2.138300,3.545890,7.388833,6.132763,7.731984,0.584619,3.604244,10.278629,4.684806,11.842717,7.078820,2.613196,6.259257,0.022765,1.548083,2.060792,2.384971,8.744934,3.133891,8.330738,0.606751,-0.926276,1.493771,10.554026,6.529966,9.086817,2.337598,0.216977,8.192010,3.106625,11.088338,9.323677,
9.750452,2.147504,3.548787,7.389730,6.129557,7.727912,0.579674,3.609037,10.270961,4.684870,11.848073,7.076628,2.612594,6.255936,0.023985,1.550356,2.056754,2.382935,8.753510,3.127299,8.330928,0.606503,-0.926516,1.490470,10.570377,6.526530,9.086769,2.335611,0.220135,8.192728,3.106201,11.090047,9.325430,
9.747630,2.161932,3.551718,7.390639,6.127039,7.726151,0.575232,3.611604,10.262820,4.684629,11.857638,7.072344,2.608076,6.253293,0.025049,1.554101,2.056370,2.378915,8.759107,3.120299,8.330728,0.606562,-0.929651,1.486989,10.583068,6.522958,9.084923,2.337019,0.225322,8.193167,3.111960,11.089084,9.326081,
9.743776,2.178058,3.555205,7.391453,6.124709,7.725797,0.571864,3.612029,10.259803,4.684205,11.867423,7.066337,2.602702,6.251088,0.025969,1.557048,2.057702,2.377541,8.762733,3.116776,8.330384,0.606694,-0.932569,1.484684,10.593814,6.518332,9.079662,2.337830,0.229069,8.193403,3.118093,11.088103,9.327151,
9.738703,2.193117,3.559812,7.392683,6.119752,7.728288,0.567892,3.613631,10.253035,4.684107,11.879032,7.063490,2.593444,6.248042,0.027269,1.560738,2.062309,2.377086,8.767991,3.109880,8.330402,0.606476,-0.938678,1.481732,10.600238,6.512165,9.076387,2.340445,0.235318,8.193833,3.128076,11.086619,9.327344,
9.735659,2.205260,3.563813,7.393801,6.116306,7.730445,0.563857,3.615338,10.248331,4.683843,11.888817,7.062939,2.587345,6.245412,0.028570,1.564530,2.066428,2.377635,8.773423,3.105059,8.330361,0.606334,-0.941461,1.478981,10.607541,6.506512,9.072890,2.339869,0.239957,8.194217,3.133756,11.086037,9.327287,
9.739814,2.212130,3.566816,7.394676,6.112976,7.732908,0.560958,3.614491,10.247580,4.683604,11.896854,7.064893,2.584363,6.244187,0.029544,1.566964,2.071208,2.377166,8.775320,3.102272,8.330427,0.605975,-0.941018,1.477664,10.614266,6.499865,9.069543,2.336061,0.242489,8.194528,3.133072,11.085983,9.326613,
9.749812,2.212234,3.568913,7.395361,6.112541,7.737473,0.559067,3.611963,10.247555,4.683935,11.902033,7.073307,2.586173,6.243010,0.030484,1.571783,2.078103,2.376399,8.775055,3.099906,8.331015,0.605095,-0.936414,1.474560,10.617089,6.494067,9.067745,2.329398,0.245331,8.195017,3.128633,11.087047,9.324208,
9.763869,2.206665,3.571521,7.396008,6.114719,7.741427,0.557158,3.608820,10.248040,4.684027,11.904223,7.086909,2.590878,6.241978,0.031537,1.576222,2.085783,2.375450,8.773345,3.099738,8.331292,0.604408,-0.928104,1.471117,10.621847,6.491243,9.061611,2.320716,0.248690,8.195345,3.120870,11.087519,9.320548,
9.781108,2.198032,3.573200,7.396622,6.115578,7.744181,0.554238,3.606589,10.249059,4.684366,11.906401,7.100582,2.597579,6.241386,0.032529,1.579848,2.094249,2.374068,8.773167,3.101136,8.331741,0.603565,-0.918053,1.469234,10.628234,6.489217,9.057722,2.309872,0.250707,8.195832,3.109098,11.090327,9.317772,
9.795839,2.192472,3.574926,7.397338,6.115884,7.748586,0.552211,3.602753,10.252114,4.684198,11.911084,7.110249,2.601229,6.240822,0.033544,1.582843,2.104544,2.373854,8.771340,3.103602,8.332060,0.602814,-0.910750,1.468754,10.632355,6.485807,9.054617,2.301514,0.252423,8.196170,3.100742,11.092492,9.315281,
9.801127,2.197718,3.576559,7.397717,6.118153,7.754661,0.551446,3.596572,10.254850,4.683332,11.920796,7.115074,2.598311,6.241072,0.033935,1.585455,2.115366,2.373948,8.767125,3.105105,8.331550,0.602727,-0.910244,1.468943,10.632804,6.480905,9.045660,2.299818,0.256049,8.195770,3.101968,11.090926,9.313066,
9.799452,2.210728,3.578065,7.398004,6.122468,7.760821,0.550767,3.591167,10.252911,4.682349,11.932124,7.118590,2.590676,6.241713,0.034221,1.588496,2.126935,2.372818,8.763488,3.103157,8.330433,0.603115,-0.914622,1.468610,10.631236,6.476564,9.034205,2.303544,0.262989,8.194886,3.110710,11.086793,9.310199,
9.794085,2.229766,3.580443,7.398005,6.127384,7.767459,0.550113,3.585564,10.251403,4.680538,11.946737,7.121283,2.577056,6.242997,0.033976,1.589964,2.138950,2.373219,8.760203,3.101448,8.328113,0.604402,-0.924505,1.469207,10.627336,6.473023,9.017402,2.312358,0.270972,8.192919,3.124761,11.080000,9.307150,
9.786603,2.248832,3.581849,7.397921,6.132589,7.774539,0.548763,3.580826,10.250164,4.678366,11.960357,7.124701,2.564816,6.245435,0.033742,1.590443,2.150701,2.373794,8.757785,3.099877,8.325543,0.605961,-0.933811,1.470397,10.623754,6.470236,8.998840,2.320368,0.278014,8.190885,3.139409,11.073149,9.303997,
9.783508,2.263896,3.582365,7.398012,6.135860,7.779098,0.548159,3.576044,10.249284,4.676608,11.972959,7.131343,2.555984,6.248056,0.033684,1.590790,2.159381,2.373783,8.754938,3.098300,8.323559,0.607068,-0.940275,1.471288,10.623305,6.467215,8.981588,2.325191,0.283926,8.189318,3.150640,11.067804,9.300736,
9.785360,2.273302,3.580977,7.397892,6.138057,7.782652,0.546556,3.573696,10.253046,4.675328,11.982222,7.139432,2.551731,6.250532,0.033644,1.590075,2.165747,2.374756,8.754683,3.100401,8.322057,0.607859,-0.941974,1.473363,10.624004,6.467019,8.966257,2.324724,0.286051,8.188158,3.156794,11.065911,9.299124,
9.794400,2.273428,3.576982,7.397827,6.138538,7.785475,0.542392,3.575659,10.258341,4.675140,11.986650,7.153501,2.556016,6.252923,0.033838,1.591445,2.171101,2.375857,8.759822,3.103434,8.322203,0.607249,-0.936149,1.473901,10.627070,6.470367,8.958569,2.316964,0.285885,8.188426,3.154879,11.069303,9.298713,
9.802910,2.277849,3.574537,7.397980,6.149865,7.788800,0.539010,3.576510,10.259125,4.676332,11.985144,7.168086,2.565412,6.257326,0.034007,1.593680,2.176780,2.374507,8.763407,3.104665,8.323421,0.605463,-0.924007,1.473323,10.628365,6.471453,8.953564,2.304637,0.290457,8.189069,3.154119,11.069104,9.294376,
9.812366,2.276915,3.571311,7.398378,6.161152,7.791577,0.532676,3.582699,10.261532,4.677881,11.980920,7.184091,2.579483,6.261133,0.034571,1.595193,2.180295,2.374304,8.773371,3.107621,8.325632,0.602961,-0.907828,1.473465,10.631807,6.474307,8.951799,2.288150,0.292148,8.190228,3.148452,11.073241,9.291985,
9.825261,2.273211,3.567846,7.400022,6.167646,7.787276,0.531991,3.576931,10.243758,4.678854,11.978626,7.188069,2.587711,6.265423,0.036312,1.599609,2.174017,2.357151,8.765478,3.087907,8.326668,0.600914,-0.897496,1.471997,10.634777,6.465775,8.950484,2.277414,0.304989,8.189915,3.140428,11.066140,9.283939,
9.840742,2.265744,3.563680,7.401391,6.172889,7.780646,0.531505,3.570864,10.225780,4.680827,11.972573,7.191213,2.598185,6.269666,0.037643,1.605741,2.168270,2.337486,8.757312,3.070375,8.328707,0.598066,-0.885343,1.471035,10.641336,6.457873,8.951826,2.264806,0.316537,8.190658,3.129592,11.061150,9.276299,
9.855018,2.259327,3.559857,7.402448,6.177021,7.775124,0.530300,3.568190,10.210375,4.682450,11.967436,7.194847,2.607464,6.273560,0.038731,1.611155,2.162900,2.324928,8.754453,3.055515,8.330563,0.595518,-0.875020,1.471260,10.648085,6.451381,8.952698,2.253559,0.326421,8.191331,3.119828,11.057421,9.269688,
9.862870,2.257132,3.556718,7.403700,6.184749,7.767226,0.529784,3.563566,10.191249,4.687086,11.960313,7.193404,2.616463,6.276600,0.040096,1.617146,2.151725,2.304299,8.748285,3.040517,8.334074,0.591411,-0.865627,1.471552,10.655420,6.442853,8.955609,2.244111,0.338979,8.193291,3.118056,11.051063,9.259893,
9.862911,2.251845,3.566867,7.405399,6.188912,7.756441,0.527039,3.561088,10.181724,4.692831,11.955835,7.187301,2.626486,6.287159,0.039551,1.618993,2.153948,2.281389,8.743230,3.033790,8.338128,0.587273,-0.856133,1.470568,10.676841,6.442586,8.962791,2.238202,0.353222,8.194155,3.110127,11.039469,9.246282,
9.864228,2.246862,3.575549,7.406092,6.196114,7.749182,0.522347,3.561035,10.175710,4.697319,11.953120,7.182185,2.632930,6.296275,0.037911,1.622124,2.158560,2.263033,8.742086,3.030333,8.340603,0.584001,-0.849987,1.469395,10.692148,6.445679,8.969569,2.235690,0.365698,8.193426,3.104597,11.029262,9.233131,
9.866880,2.242557,3.583890,7.406686,6.203497,7.745530,0.512465,3.569472,10.175793,4.701027,11.951623,7.175790,2.639464,6.304336,0.036416,1.624993,2.165358,2.248042,8.751059,3.031456,8.343753,0.580735,-0.844680,1.468715,10.706919,6.451228,8.975629,2.233384,0.372780,8.194491,3.102193,11.024677,9.222845,
9.869933,2.239148,3.592438,7.407356,6.209068,7.743845,0.499896,3.584495,10.184742,4.704417,11.950283,7.170683,2.644184,6.310545,0.035242,1.626220,2.174599,2.236361,8.767277,3.040470,8.346367,0.577571,-0.842304,1.470167,10.719232,6.464222,8.974365,2.232775,0.371119,8.195024,3.102013,11.026221,9.216815,
9.869564,2.238134,3.600078,7.407806,6.211569,7.748016,0.490828,3.591646,10.194931,4.701919,11.948627,7.167864,2.642673,6.317537,0.033794,1.627472,2.172521,2.225278,8.773143,3.051455,8.342113,0.581188,-0.844443,1.472820,10.715544,6.476447,8.976815,2.239203,0.376782,8.193644,3.103148,11.016339,9.205510,
9.870386,2.236383,3.607584,7.408237,6.210776,7.752465,0.477635,3.606903,10.211474,4.700969,11.945611,7.162142,2.640869,6.323909,0.032661,1.627268,2.173023,2.219495,8.788727,3.067180,8.339764,0.583413,-0.847983,1.477545,10.715209,6.495632,8.977773,2.245554,0.373532,8.193917,3.105315,11.016006,9.200381,
9.874434,2.234312,3.614078,7.408831,6.210070,7.757741,0.466753,3.619393,10.229167,4.700045,11.942975,7.158185,2.637379,6.330271,0.031712,1.625638,2.176183,2.213781,8.800835,3.084222,8.337842,0.585232,-0.853375,1.481650,10.712951,6.515052,8.979051,2.253443,0.368313,8.194572,3.105454,11.019103,9.196315,
9.879074,2.231945,3.620484,7.409302,6.206153,7.763712,0.453593,3.636009,10.249009,4.699997,11.940331,7.153799,2.633671,6.335870,0.030997,1.623092,2.181805,2.214001,8.818566,3.104296,8.337143,0.586039,-0.859125,1.486947,10.713707,6.536192,8.978127,2.260549,0.358377,8.195978,3.106351,11.028398,9.196336,
9.886386,2.228193,3.623085,7.409599,6.202180,7.766440,0.442546,3.650153,10.266225,4.701746,11.934904,7.149686,2.632133,6.338541,0.030781,1.618765,2.182322,2.215307,8.833850,3.121981,8.338803,0.584552,-0.864425,1.491820,10.716727,6.555412,8.979327,2.267184,0.348762,8.198845,3.105693,11.039455,9.197207,
9.895033,2.223253,3.624603,7.409892,6.197663,7.769142,0.433726,3.660965,10.281031,4.704955,11.930490,7.144583,2.630792,6.340032,0.030842,1.614358,2.180146,2.217491,8.845577,3.136949,8.342210,0.581081,-0.870303,1.497051,10.720269,6.572820,8.984577,2.274102,0.340466,8.202130,3.104340,11.050837,9.197679,
9.903970,2.219542,3.626055,7.410305,6.193606,7.772530,0.427098,3.667600,10.292493,4.709335,11.926645,7.142680,2.629614,6.341268,0.030974,1.611413,2.179259,2.218281,8.853007,3.149269,8.346909,0.576174,-0.876720,1.500712,10.721307,6.590028,8.991037,2.281129,0.332713,8.205625,3.103647,11.064391,9.197870,
9.917337,2.211524,3.627691,7.410862,6.193168,7.766836,0.433013,3.660840,10.291540,4.714158,11.912152,7.133543,2.619984,6.342708,0.031274,1.605202,2.164043,2.208070,8.844532,3.156885,8.353185,0.570088,-0.891725,1.499538,10.727135,6.593896,9.003235,2.297189,0.335459,8.210668,3.096738,11.067228,9.195612,
9.927061,2.207196,3.630889,7.411711,6.197123,7.767103,0.439927,3.652206,10.290680,4.720148,11.895614,7.124357,2.611850,6.344541,0.031475,1.599285,2.139199,2.201386,8.834192,3.163546,8.360745,0.562910,-0.906132,1.498434,10.729863,6.597848,9.017343,2.314196,0.341620,8.214322,3.095117,11.066937,9.192019,
9.933786,2.206057,3.634103,7.412726,6.199016,7.767368,0.448308,3.642672,10.289293,4.725596,11.884619,7.112899,2.603571,6.346076,0.032031,1.594595,2.117361,2.195703,8.822995,3.168180,8.367722,0.556463,-0.920018,1.498056,10.730281,6.599825,9.030338,2.330016,0.347033,8.217738,3.096682,11.067673,9.190539,
9.939187,2.206316,3.637003,7.414028,6.202326,7.765670,0.455233,3.634388,10.287574,4.730039,11.878460,7.100994,2.597225,6.347566,0.033057,1.589627,2.095970,2.188482,8.813141,3.171316,8.373661,0.550893,-0.931329,1.499355,10.732240,6.600636,9.042855,2.342737,0.353510,8.220449,3.098875,11.067850,9.188878,
9.937452,2.213554,3.640379,7.414951,6.205847,7.766480,0.462995,3.623912,10.284724,4.732316,11.881992,7.087504,2.584916,6.349462,0.033936,1.584982,2.079231,2.182096,8.801418,3.172348,8.376956,0.547558,-0.947877,1.500701,10.729282,6.595037,9.049047,2.359893,0.363284,8.221087,3.106363,11.061877,9.187273,
9.926523,2.226315,3.645866,7.416041,6.211069,7.776704,0.469475,3.614907,10.277926,4.734228,11.893110,7.068971,2.570525,6.350625,0.035318,1.583681,2.068694,2.178028,8.791590,3.168745,8.379682,0.544879,-0.966839,1.500781,10.713989,6.585777,9.053934,2.379554,0.377429,8.221116,3.116782,11.050914,9.183330,
9.916156,2.238735,3.651594,7.417165,6.213833,7.787934,0.477375,3.604359,10.269596,4.736651,11.908955,7.050666,2.556412,6.350682,0.036749,1.582927,2.061309,2.176706,8.780409,3.162453,8.383070,0.541445,-0.984817,1.501326,10.696766,6.572602,9.059844,2.397745,0.392175,8.221321,3.126187,11.039967,9.179251,
9.908469,2.247210,3.655501,7.418733,6.212229,7.800781,0.484984,3.596961,10.259943,4.741897,11.922541,7.039755,2.547597,6.350958,0.038410,1.583866,2.059284,2.175979,8.772671,3.153816,8.389596,0.535368,-0.996579,1.501286,10.677231,6.563639,9.072621,2.408703,0.402429,8.224125,3.129912,11.038327,9.176574,
9.907129,2.248700,3.655831,7.420910,6.210283,7.816200,0.492128,3.592510,10.253245,4.748970,11.929556,7.038531,2.549106,6.353012,0.040157,1.586324,2.063213,2.179532,8.768993,3.147513,8.398539,0.527489,-0.996377,1.500872,10.659500,6.562661,9.089494,2.407878,0.403057,8.229083,3.125275,11.047900,9.178628,
9.904795,2.251681,3.660551,7.421315,6.205913,7.823346,0.498492,3.584403,10.242957,4.754585,11.931410,7.033685,2.557833,6.355477,0.044072,1.585019,2.065936,2.172158,8.760580,3.138131,8.406339,0.519333,-0.993955,1.497193,10.650773,6.561166,9.098314,2.406101,0.411779,8.230532,3.113906,11.049185,9.173529,
9.908819,2.246269,3.661437,7.422295,6.201395,7.829264,0.499009,3.587797,10.237531,4.762147,11.929895,7.034493,2.573914,6.359220,0.047766,1.583387,2.067587,2.169927,8.764704,3.132203,8.417059,0.508549,-0.982907,1.495159,10.649276,6.564949,9.111725,2.395572,0.413105,8.234159,3.096377,11.059406,9.172347,
9.912653,2.239812,3.661149,7.423831,6.195957,7.836211,0.497518,3.592884,10.231486,4.769540,11.926053,7.040210,2.591934,6.362893,0.051660,1.581917,2.071468,2.168444,8.771144,3.125120,8.427552,0.497981,-0.969296,1.493706,10.646406,6.571957,9.124938,2.382532,0.410330,8.238372,3.077670,11.073456,9.173070,
9.918882,2.231467,3.660199,7.425794,6.187493,7.834704,0.496580,3.599372,10.224561,4.777403,11.923000,7.048702,2.611497,6.366927,0.055666,1.581223,2.065992,2.162493,8.777560,3.116249,8.439379,0.486015,-0.953613,1.493374,10.653118,6.577784,9.138555,2.366898,0.405770,8.243282,3.059153,11.090636,9.174706,
9.921354,2.227407,3.660024,7.427125,6.178809,7.829231,0.498111,3.601211,10.215921,4.783190,11.920352,7.055056,2.624531,6.370840,0.059077,1.581052,2.055108,2.153194,8.778491,3.106875,8.448048,0.476254,-0.944065,1.493186,10.660502,6.579409,9.146216,2.357013,0.405853,8.245560,3.047389,11.099475,9.175052,
9.922985,2.226112,3.658867,7.427867,6.168746,7.821840,0.502339,3.599309,10.205743,4.787980,11.921531,7.060258,2.634344,6.374795,0.062561,1.581719,2.042725,2.143803,8.775110,3.095309,8.454700,0.468147,-0.938074,1.493042,10.669812,6.577551,9.151638,2.350277,0.408910,8.245998,3.038803,11.103567,9.174501,
9.917750,2.231334,3.656781,7.428830,6.159587,7.818489,0.507203,3.595459,10.196090,4.790319,11.927603,7.060296,2.640821,6.379755,0.065878,1.583365,2.035493,2.137284,8.770875,3.083615,8.458332,0.462955,-0.934804,1.493058,10.675435,6.575426,9.153192,2.346034,0.410653,8.244509,3.037132,11.105307,9.176701,
9.911811,2.238747,3.654994,7.429855,6.149089,7.813377,0.513848,3.587062,10.186247,4.791855,11.940152,7.057076,2.643732,6.384630,0.069070,1.586330,2.027150,2.128318,8.761759,3.070318,8.461276,0.458015,-0.934415,1.493073,10.681918,6.568978,9.155680,2.344267,0.413975,8.242639,3.038739,11.104566,9.177971,
9.902003,2.251046,3.652624,7.431048,6.137132,7.807842,0.524407,3.572290,10.176096,4.791157,11.954735,7.051926,2.642253,6.389853,0.072061,1.589439,2.019500,2.118947,8.745874,3.057057,8.461090,0.456149,-0.938075,1.492928,10.686702,6.560645,9.154430,2.346047,0.416783,8.239063,3.046699,11.101183,9.179597,
9.891680,2.265564,3.651683,7.431405,6.126216,7.803666,0.536664,3.553765,10.168950,4.787497,11.965897,7.048621,2.636209,6.395727,0.074315,1.590847,2.014518,2.109866,8.726455,3.047607,8.457086,0.457115,-0.945866,1.493331,10.688596,6.553451,9.148323,2.351686,0.418186,8.232377,3.056544,11.095561,9.183101,
9.885797,2.276898,3.652331,7.430581,6.117580,7.804547,0.547183,3.537474,10.167998,4.782950,11.973174,7.049878,2.629917,6.401306,0.075697,1.591616,2.016642,2.104921,8.710285,3.044809,8.452010,0.459079,-0.953136,1.494874,10.687183,6.552659,9.139457,2.357208,0.413828,8.225315,3.063023,11.093306,9.188619,
9.886160,2.282751,3.653177,7.429875,6.107204,7.804879,0.555599,3.524349,10.171341,4.780688,11.980198,7.053387,2.625364,6.406052,0.077064,1.591260,2.018631,2.100783,8.698017,3.046316,8.449460,0.458758,-0.958129,1.497676,10.687556,6.553804,9.134241,2.360037,0.408087,8.220140,3.066889,11.095541,9.194091,
9.889132,2.285513,3.653845,7.428953,6.097410,7.807684,0.561776,3.514489,10.178319,4.780431,11.983877,7.058495,2.625053,6.410532,0.078170,1.591347,2.021880,2.097516,8.688961,3.051188,8.448836,0.457164,-0.959506,1.500579,10.686281,6.559012,9.129834,2.359219,0.398036,8.216547,3.067430,11.101624,9.200709,
9.892150,2.286909,3.654884,7.427938,6.090585,7.814393,0.564030,3.508876,10.189382,4.781264,11.983283,7.065048,2.628016,6.414436,0.079129,1.589953,2.026587,2.099197,8.685650,3.060700,8.450106,0.454465,-0.957424,1.503197,10.684849,6.568838,9.125195,2.354936,0.383934,8.214838,3.065542,11.111943,9.208897,
9.901055,2.282648,3.655890,7.426824,6.082847,7.820523,0.562915,3.507841,10.205316,4.783998,11.976321,7.074096,2.634809,6.417607,0.079926,1.587671,2.031000,2.104145,8.688174,3.075532,8.453697,0.450202,-0.951946,1.506557,10.688079,6.582640,9.121297,2.347039,0.365516,8.215478,3.059486,11.127277,9.218525,
9.913387,2.278164,3.658153,7.424550,6.067493,7.832372,0.564307,3.504250,10.224069,4.783938,11.969693,7.083765,2.644760,6.423998,0.082676,1.594616,2.029096,2.114127,8.688212,3.091457,8.454101,0.449181,-0.948367,1.506302,10.680975,6.597238,9.118283,2.340469,0.347831,8.215721,3.054690,11.141163,9.229914,
9.927257,2.275261,3.661016,7.421862,6.053975,7.844302,0.567851,3.496332,10.240433,4.782799,11.965215,7.095714,2.649852,6.429977,0.084651,1.598850,2.029654,2.123116,8.683817,3.105480,8.452552,0.449435,-0.949137,1.505913,10.671709,6.608128,9.110989,2.337997,0.333591,8.214090,3.052658,11.150984,9.239660,
9.938770,2.274902,3.659315,7.417330,6.041810,7.860016,0.571831,3.491111,10.254349,4.779332,11.963413,7.108548,2.656004,6.436027,0.087744,1.605065,2.026754,2.135056,8.681548,3.117042,8.449691,0.451393,-0.949337,1.504022,10.657055,6.618626,9.100414,2.335784,0.324948,8.212314,3.055933,11.157932,9.248937,
9.946378,2.276553,3.657726,7.413635,6.028878,7.873858,0.572299,3.491317,10.261786,4.776523,11.964176,7.121148,2.662285,6.441857,0.090859,1.611675,2.023697,2.146672,8.685204,3.123263,8.447699,0.452869,-0.948813,1.502056,10.644477,6.627158,9.090447,2.332924,0.318354,8.211288,3.059793,11.163701,9.256468,
9.953555,2.278003,3.656883,7.411112,6.015441,7.878857,0.570769,3.492508,10.258700,4.773163,11.968026,7.131183,2.665579,6.446712,0.094625,1.623356,2.010849,2.149743,8.688274,3.124394,8.444612,0.454941,-0.950975,1.499854,10.640571,6.633025,9.078609,2.333445,0.316969,8.208962,3.066347,11.162564,9.262104,
9.955907,2.285369,3.655543,7.408076,6.004807,7.884912,0.569546,3.492501,10.253916,4.768851,11.976082,7.138430,2.663347,6.452159,0.097038,1.630858,2.002690,2.154623,8.690961,3.122927,8.439678,0.458254,-0.957558,1.498079,10.633886,6.636259,9.063928,2.338007,0.318639,8.204992,3.078096,11.157348,9.267848,
9.953534,2.296959,3.653277,7.404254,5.999297,7.896433,0.566710,3.491812,10.248830,4.764406,11.984193,7.142370,2.660656,6.458245,0.098256,1.636051,2.003644,2.161001,8.694755,3.120548,8.435035,0.461385,-0.963828,1.495943,10.619838,6.638902,9.049945,2.342103,0.321369,8.201357,3.090722,11.151759,9.272982,
9.947077,2.306559,3.654247,7.400257,5.998328,7.911117,0.565716,3.489106,10.245343,4.756799,11.988415,7.153763,2.656185,6.463874,0.097596,1.646059,2.008201,2.167855,8.695962,3.119944,8.426783,0.466534,-0.970876,1.494253,10.601254,6.643008,9.029939,2.348104,0.325542,8.193830,3.101564,11.142959,9.278263,
9.935447,2.315144,3.656792,7.395757,5.993785,7.924051,0.565588,3.487011,10.242545,4.748011,11.993647,7.167971,2.652272,6.469090,0.097883,1.656332,2.007045,2.175770,8.697615,3.119297,8.418188,0.472462,-0.978579,1.493551,10.580533,6.645265,9.010948,2.355816,0.331070,8.187122,3.113279,11.132640,9.284546,
9.927101,2.320165,3.658745,7.391030,5.992106,7.938197,0.564950,3.485099,10.242646,4.740639,11.999720,7.178848,2.650578,6.473513,0.097536,1.660435,2.008186,2.188124,8.701139,3.119964,8.411340,0.477163,-0.983364,1.494659,10.560406,6.644934,8.996590,2.359855,0.335693,8.181579,3.121185,11.124024,9.290316,
9.912120,2.320022,3.670852,7.388653,5.979207,7.957096,0.562421,3.482429,10.238629,4.723127,12.010987,7.181065,2.656009,6.485445,0.100811,1.666331,2.017106,2.195926,8.703567,3.123168,8.389200,0.496309,-0.997223,1.490698,10.535792,6.653139,8.976826,2.370015,0.335666,8.167022,3.131760,11.099918,9.318832,
9.902591,2.316207,3.680100,7.386605,5.967500,7.971153,0.559495,3.481168,10.233725,4.707284,12.019195,7.186765,2.665340,6.497831,0.103827,1.671098,2.021368,2.203106,8.706882,3.124330,8.369552,0.513445,-1.005235,1.488641,10.519128,6.658062,8.961730,2.374267,0.335135,8.154262,3.137508,11.078534,9.343458,
9.895939,2.308453,3.687290,7.384857,5.956103,7.978879,0.555160,3.482654,10.227784,4.693620,12.025321,7.195932,2.678662,6.510292,0.106375,1.676436,2.020165,2.209756,8.712623,3.123473,8.352642,0.528230,-1.008359,1.488337,10.511268,6.660705,8.952679,2.373804,0.334389,8.143144,3.139118,11.059911,9.364536,
9.894576,2.297108,3.692656,7.383706,5.949459,7.982968,0.551076,3.483071,10.222169,4.681831,12.028366,7.206817,2.695435,6.521788,0.108898,1.676103,2.015983,2.215745,8.717255,3.123099,8.337792,0.541242,-1.005993,1.489111,10.510128,6.661038,8.947797,2.368417,0.333702,8.133356,3.135911,11.043782,9.382916,
