4.491745,1.624096,1.478338,4.218684,4.197527,0.083481,1.928188,3.143840,4.520059,5.994655,4.179636,2.893754,2.919160,3.888250,4.964002,
4.521070,1.652767,1.448728,4.194562,4.169800,0.057224,1.913422,3.168193,4.491305,6.020295,4.204299,2.908463,2.938997,3.917941,4.994014,
4.506539,1.679581,1.447247,4.197618,4.141620,0.033975,1.910451,3.194743,4.463170,6.047753,4.218480,2.927824,2.961576,3.937346,5.022794,
4.497949,1.707622,1.434190,4.185327,4.119784,0.008701,1.916277,3.216973,4.434586,6.069844,4.238355,2.918965,2.984942,3.958291,5.051667,
4.498164,1.734969,1.418558,4.170010,4.099893,-0.015425,1.931986,3.239922,4.405943,6.085640,4.258682,2.905745,3.009473,3.981429,5.080280,
4.503570,1.760337,1.405722,4.163993,4.078121,-0.037463,1.943168,3.261800,4.378631,6.100851,4.278771,2.896039,3.030224,4.005483,5.108890,
4.507466,1.786099,1.389935,4.151930,4.054605,-0.054022,1.950881,3.286201,4.350671,6.106346,4.291922,2.902679,3.053868,4.025845,5.138002,
4.504069,1.811843,1.377382,4.145833,4.030753,-0.066323,1.958366,3.309438,4.322172,6.115425,4.304229,2.912872,3.071712,4.048210,5.166844,
4.507109,1.838984,1.362343,4.133351,4.005027,-0.074639,1.966275,3.334704,4.293261,6.110376,4.309848,2.922167,3.093268,4.063329,5.196349,
4.519810,1.866825,1.350238,4.118559,3.981329,-0.084520,1.972974,3.359000,4.264625,6.101694,4.318836,2.932425,3.116354,4.079040,5.225431,
4.537818,1.893904,1.339062,4.102856,3.959987,-0.097415,1.978772,3.382254,4.236743,6.098443,4.331656,2.945392,3.136321,4.095151,5.254813,
4.558261,1.912090,1.324191,4.086594,3.938810,-0.107122,1.989394,3.404982,4.215273,6.094750,4.342907,2.950645,3.152074,4.110085,5.283656,
4.581404,1.926945,1.308180,4.078457,3.919366,-0.119639,1.998628,3.425564,4.195463,6.091205,4.357188,2.959297,3.163813,4.123446,5.311947,
4.604174,1.934767,1.289478,4.066402,3.899088,-0.126956,2.003095,3.443066,4.181754,6.087204,4.368236,2.973364,3.172653,4.136554,5.338829,
4.623136,1.941869,1.269356,4.056413,3.878751,-0.133978,2.006969,3.460417,4.168464,6.087040,4.380150,2.984092,3.180125,4.148703,5.364903,
4.645389,1.946984,1.248678,4.052440,3.859353,-0.141172,2.009537,3.475969,4.156471,6.089317,4.393199,2.994505,3.185478,4.160400,5.390759,
4.670394,1.950537,1.227301,4.054763,3.843207,-0.150780,2.011054,3.489174,4.142501,6.091497,4.408771,3.008994,3.187338,4.170668,5.417181,
4.697448,1.955673,1.209070,4.057973,3.831148,-0.161382,2.011782,3.501686,4.126705,6.099304,4.425359,3.025238,3.182592,4.178412,5.442432,
4.724329,1.959741,1.193380,4.067021,3.820860,-0.172850,2.013343,3.514531,4.110248,6.101667,4.443959,3.041040,3.172925,4.184171,5.466152,
4.730249,1.960387,1.174320,4.077726,3.813630,-0.183386,2.013713,3.526350,4.099338,6.104212,4.462948,3.057420,3.160066,4.190019,5.489878,
4.741316,1.961432,1.154166,4.091211,3.807417,-0.194530,2.014029,3.536601,4.088041,6.103620,4.482704,3.073672,3.144622,4.195018,5.511593,
4.752050,1.961317,1.133624,4.104971,3.801161,-0.206514,2.011510,3.545357,4.075345,6.100002,4.503032,3.086758,3.130372,4.198903,5.532517,
4.764943,1.962405,1.111725,4.122353,3.794328,-0.218799,2.012198,3.553687,4.061079,6.095000,4.523069,3.100342,3.115838,4.200654,5.552317,
4.774615,1.971857,1.089337,4.140691,3.790012,-0.233475,2.013801,3.561471,4.041602,6.093217,4.543140,3.113754,3.104883,4.202019,5.571399,
4.788029,1.982034,1.063885,4.160031,3.785164,-0.245808,2.015242,3.565485,4.024046,6.084280,4.561967,3.124071,3.095758,4.202034,5.589208,
4.801446,1.990658,1.039384,4.178553,3.779741,-0.257565,2.016837,3.568248,4.006330,6.078439,4.579930,3.130982,3.088221,4.199404,5.605054,
4.811899,2.001140,1.013028,4.198926,3.771912,-0.270941,2.018611,3.570400,3.986508,6.074658,4.597396,3.139098,3.083853,4.193695,5.619817,
4.818770,2.010707,0.989193,4.220310,3.764409,-0.282750,2.020819,3.571730,3.966206,6.070613,4.614881,3.148374,3.080152,4.186546,5.633326,
4.828181,2.018388,0.965227,4.242112,3.756414,-0.294880,2.023474,3.574769,3.946660,6.071699,4.632155,3.154517,3.075311,4.176912,5.644493,
4.841201,2.022962,0.945583,4.262270,3.748585,-0.305261,2.025368,3.577504,3.932237,6.075485,4.648125,3.161115,3.068777,4.166634,5.654851,
4.853933,2.031640,0.927998,4.283625,3.738542,-0.317320,2.027923,3.579415,3.913546,6.078139,4.663244,3.167359,3.064912,4.154691,5.663659,
4.870874,2.038081,0.907865,4.306206,3.727111,-0.327912,2.031185,3.581123,3.897934,6.079105,4.677427,3.173344,3.062375,4.141295,5.672100,
4.887437,2.046334,0.889672,4.330242,3.717442,-0.339508,2.033237,3.582832,3.882126,6.082323,4.692849,3.181875,3.058008,4.127349,5.679235,
4.908388,2.058360,0.877184,4.353649,3.707035,-0.352028,2.034086,3.585314,3.863745,6.083893,4.708210,3.191509,3.059047,4.112005,5.684596,
4.928411,2.071130,0.866028,4.376234,3.695460,-0.363795,2.035084,3.588525,3.846408,6.083689,4.721852,3.199245,3.063312,4.096370,5.690124,
4.942141,2.086096,0.859211,4.399921,3.685132,-0.374798,2.037086,3.591750,3.828201,6.080854,4.735665,3.205942,3.071658,4.080643,5.694216,
4.954110,2.103388,0.855178,4.424674,3.677377,-0.385553,2.036787,3.594704,3.807770,6.078771,4.748975,3.212357,3.081954,4.064088,5.696872,
4.971230,2.122000,0.849679,4.450116,3.668693,-0.396271,2.036427,3.596464,3.786414,6.076218,4.761766,3.218297,3.087208,4.047948,5.698638,
4.991870,2.136829,0.838762,4.476235,3.659369,-0.405002,2.037632,3.598171,3.765100,6.073222,4.773295,3.226043,3.091056,4.031283,5.699724,
5.014977,2.151131,0.831404,4.502456,3.650414,-0.413265,2.037825,3.598331,3.746155,6.070408,4.784999,3.232433,3.094899,4.014466,5.700470,
5.028719,2.165617,0.822271,4.527830,3.639133,-0.423293,2.038934,3.599579,3.725474,6.062936,4.794912,3.238549,3.101090,3.997530,5.701839,
5.044136,2.180738,0.817392,4.554712,3.629331,-0.433326,2.038611,3.599153,3.706718,6.053573,4.805594,3.245703,3.108838,3.980408,5.701728,
5.053096,2.193622,0.816097,4.580190,3.618383,-0.442964,2.037805,3.598724,3.689596,6.044752,4.815723,3.252813,3.119725,3.961455,5.698106,
5.054832,2.204750,0.815208,4.606875,3.609053,-0.451938,2.035175,3.597589,3.671412,6.035606,4.825919,3.260508,3.129225,3.942803,5.693949,
5.058758,2.214364,0.820245,4.633922,3.605344,-0.460716,2.031503,3.595560,3.657047,6.026764,4.837173,3.268517,3.137591,3.924668,5.688733,
5.076068,2.222821,0.828662,4.657946,3.601263,-0.467013,2.027318,3.594380,3.643641,6.025877,4.847463,3.276407,3.140987,3.906733,5.683702,
5.093933,2.230885,0.838895,4.680945,3.597427,-0.472295,2.022619,3.593575,3.631690,6.024425,4.857377,3.286654,3.142698,3.889920,5.678472,
5.115412,2.240548,0.845891,4.702220,3.595474,-0.478091,2.017753,3.592979,3.619469,6.021237,4.867178,3.297967,3.144263,3.873731,5.673850,
5.109836,2.242326,0.848066,4.713488,3.592776,-0.482266,2.018552,3.593620,3.601600,6.017416,4.878055,3.300616,3.145320,3.859217,5.671788,
5.103466,2.248493,0.851373,4.723725,3.589223,-0.487146,2.018464,3.593683,3.585548,6.013024,4.888458,3.303868,3.147603,3.845264,5.669406,
5.100988,2.255367,0.861675,4.735642,3.591362,-0.490701,2.016810,3.592332,3.567416,6.015426,4.898418,3.307529,3.143050,3.832818,5.667818,
5.094926,2.259579,0.874947,4.748292,3.594204,-0.494337,2.014429,3.591484,3.550182,6.016285,4.908603,3.308820,3.141715,3.820364,5.664948,
5.093368,2.259775,0.886128,4.760425,3.592694,-0.499036,2.011082,3.590048,3.539498,6.014837,4.918275,3.308359,3.142749,3.806708,5.659698,
5.090850,2.257952,0.897096,4.769027,3.591140,-0.504330,2.006088,3.588963,3.531432,6.013173,4.927712,3.306388,3.143127,3.792951,5.653092,
5.088875,2.256760,0.908384,4.779123,3.589804,-0.509273,1.999786,3.587650,3.522057,6.012568,4.936283,3.301862,3.146485,3.779407,5.646027,
5.086065,2.252336,0.919463,4.788033,3.589085,-0.515502,1.992625,3.587120,3.520229,6.010290,4.945218,3.298453,3.148421,3.764473,5.635953,
5.082323,2.246443,0.928869,4.796617,3.589727,-0.524536,1.985762,3.586112,3.524209,6.000567,4.954423,3.294870,3.155275,3.747886,5.622206,
5.078306,2.240245,0.930701,4.806733,3.587965,-0.531706,1.979352,3.584456,3.529416,5.988243,4.962694,3.292594,3.165021,3.732700,5.611358,
5.071163,2.235273,0.928221,4.817474,3.586935,-0.538754,1.972762,3.582756,3.539250,5.973106,4.970339,3.291391,3.176627,3.717168,5.600565,
5.076329,2.222581,0.923431,4.828260,3.582778,-0.544922,1.965668,3.581152,3.556081,5.956738,4.974028,3.288669,3.188764,3.698908,5.585805,
5.081550,2.212471,0.919206,4.837806,3.580738,-0.549426,1.958350,3.579761,3.569808,5.941733,4.978153,3.288370,3.200544,3.683351,5.573826,
5.087317,2.201449,0.911598,4.847231,3.577982,-0.552711,1.951732,3.578100,3.585102,5.924087,4.983185,3.289265,3.213646,3.669428,5.565006,
5.093836,2.191739,0.905776,4.855980,3.574888,-0.555356,1.945828,3.577246,3.597852,5.909512,4.986844,3.291294,3.222809,3.657762,5.558145,
5.097106,2.178205,0.897542,4.861685,3.568455,-0.556840,1.942876,3.575396,3.612049,5.896467,4.988964,3.289754,3.230353,3.645514,5.549476,
5.074695,2.156590,0.876889,4.851085,3.559196,-0.577449,1.944787,3.587550,3.606602,5.873019,4.977604,3.267680,3.243455,3.624450,5.541726,
5.054001,2.133197,0.859026,4.843029,3.555001,-0.595967,1.947171,3.597284,3.604449,5.850453,4.967045,3.248449,3.254749,3.604717,5.533669,
5.035556,2.114546,0.844560,4.835619,3.552485,-0.612484,1.950235,3.605877,3.599215,5.831269,4.955913,3.231907,3.263045,3.587387,5.529568,
5.018747,2.094588,0.827660,4.827274,3.548969,-0.627394,1.952874,3.613649,3.597606,5.810951,4.945095,3.216911,3.271603,3.571970,5.527185,
5.004020,2.076229,0.811820,4.821194,3.544231,-0.641906,1.956293,3.619934,3.595725,5.792161,4.933615,3.203479,3.276451,3.559164,5.526262,
4.990288,2.059002,0.800276,4.816522,3.544530,-0.654378,1.958522,3.625558,3.595038,5.776078,4.924656,3.192157,3.280810,3.546346,5.523089,
4.977267,2.044991,0.793616,4.813297,3.551274,-0.665777,1.961243,3.631098,3.593573,5.763218,4.915968,3.181521,3.283782,3.534764,5.520810,
4.965192,2.033229,0.781573,4.809416,3.551496,-0.675808,1.963309,3.634385,3.590800,5.746185,4.904322,3.172070,3.290397,3.524729,5.519725,
4.954270,2.020372,0.769522,4.805694,3.545317,-0.683609,1.965189,3.638371,3.590067,5.729113,4.893083,3.163827,3.296524,3.515863,5.522046,
4.943780,2.008754,0.758589,4.802565,3.540975,-0.690963,1.966145,3.642839,3.589364,5.714335,4.882720,3.156139,3.302700,3.508077,5.521236,
4.934264,2.002888,0.744990,4.798743,3.533236,-0.696844,1.965600,3.647540,3.589042,5.698893,4.873934,3.148342,3.314383,3.502350,5.522852,
4.926197,1.993573,0.731411,4.796758,3.525090,-0.703084,1.965356,3.651829,3.591273,5.684627,4.866930,3.141532,3.322104,3.496558,5.524315,
4.917981,1.981001,0.721050,4.795082,3.515786,-0.708025,1.964622,3.656610,3.595390,5.674393,4.860026,3.135041,3.326094,3.490695,5.527040,
4.910428,1.971523,0.711548,4.794093,3.508036,-0.712542,1.964114,3.660347,3.600245,5.664156,4.855126,3.129073,3.330905,3.484896,5.525983,
4.902151,1.968446,0.700181,4.793300,3.505156,-0.716793,1.962255,3.663382,3.605352,5.652246,4.848186,3.124154,3.337232,3.479272,5.523745,
4.894216,1.969910,0.687609,4.792577,3.502094,-0.721666,1.961199,3.665978,3.612066,5.638997,4.840514,3.119387,3.348799,3.474230,5.516528,
4.885438,1.974997,0.676258,4.791930,3.496537,-0.726603,1.959899,3.667847,3.614400,5.627531,4.832777,3.115339,3.363434,3.469142,5.508192,
4.877557,1.977699,0.664080,4.793059,3.494646,-0.730982,1.959484,3.670215,3.616881,5.617184,4.824140,3.110571,3.375996,3.463121,5.498486,
4.870119,1.979269,0.651361,4.793672,3.497697,-0.734663,1.959681,3.673391,3.617570,5.609031,4.816591,3.106307,3.386857,3.456055,5.489163,
4.862137,1.981939,0.637631,4.793364,3.504874,-0.737855,1.960713,3.675327,3.617924,5.601161,4.809029,3.101693,3.396205,3.450663,5.485064,
4.855066,1.979533,0.625849,4.792539,3.514809,-0.739682,1.962036,3.678091,3.620468,5.592646,4.805242,3.098041,3.400418,3.445513,5.482980,
4.848468,1.977646,0.613664,4.791907,3.525337,-0.741383,1.962777,3.680058,3.623341,5.583996,4.801054,3.094800,3.403409,3.440370,5.478977,
4.843552,1.967235,0.602273,4.791149,3.531982,-0.744799,1.964100,3.681635,3.634157,5.575406,4.800065,3.091720,3.399629,3.437313,5.479141,
4.838171,1.953857,0.592094,4.790672,3.536566,-0.747604,1.965916,3.684414,3.647981,5.567494,4.800485,3.090144,3.394368,3.432242,5.477900,
4.833841,1.944431,0.584396,4.788423,3.531870,-0.751982,1.970565,3.688082,3.647063,5.559947,4.795237,3.091302,3.385819,3.427056,5.483122,
4.829190,1.935068,0.577321,4.787132,3.527231,-0.756088,1.974232,3.691496,3.648652,5.554295,4.792086,3.092720,3.378439,3.420484,5.485158,
4.824599,1.926599,0.571155,4.786612,3.532268,-0.759914,1.977597,3.695026,3.650765,5.549070,4.789377,3.093505,3.372576,3.414055,5.487017,
4.820484,1.914562,0.563334,4.786773,3.536445,-0.762904,1.976153,3.697511,3.656381,5.542605,4.788986,3.093168,3.364389,3.407208,5.489540,
4.817232,1.904777,0.556281,4.787515,3.545434,-0.765311,1.975210,3.699983,3.662555,5.535746,4.790245,3.092556,3.358069,3.399982,5.490918,
4.814001,1.898248,0.553427,4.787984,3.559255,-0.767925,1.974568,3.701774,3.667651,5.528507,4.791710,3.092245,3.353562,3.394432,5.490405,
4.811585,1.892328,0.552375,4.787986,3.571992,-0.770563,1.974014,3.703972,3.675919,5.520713,4.794573,3.092156,3.350039,3.388407,5.486755,
4.809234,1.891618,0.553748,4.787747,3.586261,-0.774416,1.972912,3.706570,3.681934,5.512723,4.795943,3.093035,3.347956,3.382269,5.477100,
4.807379,1.885887,0.556332,4.788558,3.597286,-0.778561,1.972060,3.708961,3.691328,5.505688,4.797451,3.093605,3.342751,3.376781,5.463292,
4.805636,1.879205,0.558586,4.788931,3.604441,-0.781582,1.970736,3.709416,3.700399,5.498395,4.796684,3.095098,3.337115,3.370877,5.448428,
4.804556,1.872302,0.558751,4.788846,3.613864,-0.783472,1.969078,3.709287,3.709798,5.491261,4.798178,3.096839,3.330553,3.364421,5.433278,
4.803860,1.866943,0.556064,4.788102,3.619772,-0.786441,1.966338,3.709008,3.719045,5.484395,4.797778,3.098607,3.321800,3.358810,5.426323,
4.803737,1.862515,0.555376,4.787450,3.621683,-0.789473,1.963572,3.708045,3.728669,5.479602,4.799927,3.100039,3.312386,3.354632,5.419908,
4.803051,1.861374,0.553861,4.787259,3.629657,-0.792555,1.960846,3.707123,3.735548,5.474896,4.800747,3.101293,3.306320,3.350309,5.409678,
4.802263,1.857794,0.551847,4.787875,3.637396,-0.795685,1.958480,3.706252,3.744607,5.469693,4.802872,3.102837,3.299649,3.346457,5.401116,
4.801733,1.854823,0.548433,4.788945,3.651767,-0.798713,1.956734,3.705627,3.752021,5.461330,4.801382,3.104685,3.295180,3.341265,5.395568,
4.800443,1.850647,0.546548,4.789633,3.666478,-0.801544,1.956285,3.705438,3.755745,5.455542,4.801638,3.106331,3.290825,3.335800,5.388301,
4.799138,1.845089,0.544285,4.789832,3.677682,-0.804642,1.955319,3.704449,3.758707,5.450388,4.800276,3.107445,3.286644,3.329440,5.382853,
4.797611,1.836171,0.541019,4.790215,3.688334,-0.807903,1.955153,3.704014,3.764498,5.444936,4.799876,3.108894,3.280893,3.323439,5.376140,
4.796218,1.828758,0.541667,4.790931,3.703214,-0.810867,1.956014,3.702663,3.768987,5.440457,4.798928,3.110268,3.276408,3.319376,5.369680,
4.794714,1.831698,0.543922,4.792150,3.722049,-0.813973,1.956596,3.701415,3.765015,5.438731,4.795905,3.111007,3.276076,3.318144,5.364635,
4.793791,1.826084,0.546136,4.794834,3.724547,-0.819174,1.963275,3.700181,3.769666,5.435289,4.804926,3.109122,3.276643,3.321094,5.363506,
4.797296,1.800397,0.544868,4.801746,3.712255,-0.833850,1.974790,3.695294,3.795061,5.425294,4.825183,3.104321,3.265910,3.334454,5.365808,
4.800229,1.779101,0.546546,4.807644,3.703296,-0.847264,1.984907,3.690598,3.816911,5.416841,4.841603,3.100097,3.256151,3.348533,5.368342,
4.801841,1.757537,0.552793,4.812489,3.693777,-0.859408,1.994311,3.685785,3.837220,5.409226,4.858062,3.096242,3.244712,3.364141,5.376421,
4.802151,1.739245,0.558912,4.816640,3.687530,-0.868518,2.002624,3.681080,3.854224,5.401975,4.871712,3.093011,3.234969,3.377715,5.382906,
4.800811,1.721290,0.564954,4.820584,3.681089,-0.877191,2.009845,3.677105,3.871244,5.394998,4.884257,3.090649,3.226369,3.389797,5.387653,
4.797973,1.708323,0.574748,4.824074,3.674470,-0.884230,2.017345,3.673329,3.887168,5.391179,4.893578,3.087651,3.219797,3.399484,5.390590,
4.795339,1.696681,0.585161,4.828056,3.671193,-0.889643,2.022973,3.670368,3.902306,5.386882,4.901132,3.085015,3.215504,3.408602,5.390370,
4.792206,1.688309,0.597573,4.832043,3.666780,-0.894095,2.028302,3.666337,3.916149,5.382588,4.906285,3.083281,3.211727,3.415267,5.387989,
4.788393,1.678658,0.605713,4.834965,3.666143,-0.896847,2.031127,3.663549,3.929822,5.375597,4.908869,3.083101,3.206845,3.419068,5.384211,
4.788194,1.662319,0.621235,4.836734,3.667864,-0.893655,2.029771,3.660063,3.938949,5.363480,4.904200,3.082005,3.210337,3.422272,5.377652,
4.787148,1.653450,0.634835,4.838473,3.676650,-0.889167,2.029072,3.658887,3.944887,5.353308,4.898015,3.081428,3.215918,3.420312,5.364020,
4.785715,1.644398,0.646369,4.840721,3.686682,-0.884828,2.029217,3.657881,3.952137,5.341753,4.892392,3.080916,3.220298,3.415774,5.351227,
4.784034,1.634912,0.655741,4.842750,3.696766,-0.880235,2.029384,3.657752,3.962674,5.327314,4.887792,3.080505,3.223994,3.408288,5.335954,
4.782480,1.625493,0.664579,4.844750,3.705527,-0.875981,2.028426,3.657570,3.972548,5.316234,4.884442,3.080276,3.225999,3.400605,5.326092,
4.779928,1.617820,0.674876,4.846859,3.717667,-0.870779,2.027422,3.656979,3.981079,5.305862,4.879989,3.080322,3.228413,3.393357,5.316773,
4.776633,1.596802,0.680302,4.849541,3.722396,-0.865049,2.025821,3.659677,4.000496,5.291041,4.882303,3.080628,3.223323,3.378990,5.316086,
4.774160,1.579795,0.680338,4.850612,3.726916,-0.861025,2.024839,3.662439,4.017079,5.277322,4.884640,3.080348,3.216763,3.369003,5.319413,
4.772072,1.562129,0.682731,4.850245,3.733112,-0.857290,2.020089,3.663564,4.032704,5.264063,4.881974,3.078793,3.210210,3.368845,5.333338,
4.770844,1.545631,0.685291,4.849895,3.738332,-0.852279,2.014076,3.665371,4.047432,5.252775,4.875110,3.077612,3.203228,3.365740,5.347251,
4.768974,1.528657,0.678053,4.849715,3.734067,-0.847834,2.007792,3.669365,4.061235,5.236572,4.876707,3.076650,3.189854,3.359618,5.358205,
4.767333,1.514770,0.669423,4.850205,3.730886,-0.843589,2.001831,3.673099,4.072982,5.221546,4.878340,3.076470,3.178885,3.352272,5.365647,
4.765731,1.502297,0.656392,4.850685,3.721535,-0.840440,1.996037,3.675346,4.084471,5.204196,4.876704,3.078203,3.173579,3.347985,5.381402,
4.764676,1.485563,0.640150,4.850195,3.706022,-0.840873,1.991969,3.675711,4.098741,5.185495,4.876353,3.080388,3.164125,3.347002,5.397801,
4.763360,1.471280,0.624321,4.849669,3.691459,-0.841746,1.987991,3.676195,4.112179,5.167638,4.878140,3.082863,3.156255,3.345389,5.409386,
4.762123,1.457329,0.618528,4.850224,3.684347,-0.843065,1.979258,3.674796,4.124226,5.155345,4.870969,3.089751,3.149624,3.345654,5.424486,
4.760940,1.445997,0.613298,4.851448,3.682479,-0.843275,1.970660,3.675325,4.134405,5.145769,4.863637,3.096155,3.144531,3.345010,5.432719,
4.759110,1.434649,0.609546,4.851961,3.679336,-0.846079,1.965313,3.675043,4.143768,5.136671,4.861432,3.101798,3.142666,3.342628,5.441607,
4.756984,1.425012,0.604301,4.852327,3.679745,-0.847544,1.960361,3.675154,4.152813,5.125961,4.861914,3.107797,3.140861,3.339003,5.449341,
4.754702,1.420930,0.597978,4.853259,3.685855,-0.848280,1.957420,3.675632,4.160556,5.118220,4.862970,3.114825,3.140233,3.333646,5.449123,
4.752402,1.418204,0.594911,4.854670,3.694506,-0.848593,1.953958,3.677520,4.165939,5.113459,4.863512,3.120949,3.142176,3.327709,5.446324,
4.750250,1.422329,0.591185,4.856468,3.707985,-0.845141,1.950096,3.683404,4.165543,5.109936,4.860496,3.130069,3.145457,3.319195,5.439218,
4.748599,1.421810,0.587334,4.858644,3.715407,-0.845774,1.948140,3.685181,4.170023,5.103273,4.860247,3.137065,3.145826,3.312918,5.432200,
4.746876,1.418230,0.582568,4.861799,3.720022,-0.848987,1.947593,3.685309,4.176598,5.097715,4.860656,3.141128,3.145216,3.309533,5.427057,
4.745729,1.416335,0.580648,4.864507,3.725790,-0.850998,1.945196,3.686810,4.182171,5.091942,4.858953,3.144847,3.145638,3.305584,5.422883,
4.744246,1.412429,0.580913,4.867818,3.729325,-0.852816,1.945262,3.686599,4.189459,5.086238,4.857599,3.147721,3.145159,3.299915,5.418370,
4.742216,1.409069,0.582853,4.871202,3.734684,-0.852532,1.942794,3.687055,4.194286,5.083527,4.857463,3.151730,3.147316,3.293216,5.407554,
4.739915,1.401421,0.580924,4.874769,3.736048,-0.854568,1.942285,3.683605,4.201850,5.080007,4.861941,3.153329,3.146014,3.289951,5.399960,
4.737806,1.394223,0.582385,4.878597,3.738521,-0.855009,1.939514,3.680950,4.207780,5.077185,4.866602,3.154478,3.146024,3.287226,5.393407,
4.735805,1.385648,0.583630,4.882711,3.741327,-0.856254,1.937097,3.679109,4.215767,5.072462,4.871927,3.155365,3.143140,3.280740,5.387844,
4.734769,1.377390,0.588281,4.887359,3.742243,-0.858020,1.936723,3.678605,4.225907,5.069745,4.878284,3.156019,3.141616,3.273565,5.380965,
4.733658,1.369741,0.592903,4.891895,3.743417,-0.859477,1.936956,3.677764,4.235052,5.067667,4.883593,3.157048,3.139990,3.266412,5.373563,
4.732283,1.365262,0.598343,4.896779,3.747622,-0.860202,1.937672,3.679115,4.242879,5.066176,4.888152,3.158656,3.138790,3.259523,5.364155,
4.730959,1.360681,0.605371,4.901411,3.752307,-0.860290,1.938307,3.681301,4.249207,5.067086,4.894117,3.160990,3.136944,3.252485,5.355733,
4.729611,1.356802,0.611911,4.906344,3.757770,-0.861147,1.937933,3.684569,4.254332,5.067958,4.899353,3.163111,3.135133,3.244922,5.348648,
4.728079,1.352122,0.616239,4.910485,3.763956,-0.861521,1.936431,3.687204,4.259157,5.067086,4.905396,3.165696,3.131627,3.236793,5.343759,
4.726739,1.349366,0.621921,4.915187,3.772301,-0.860259,1.933717,3.690802,4.263250,5.068713,4.909634,3.168278,3.129350,3.227950,5.334668,
4.725686,1.349880,0.625448,4.919136,3.778687,-0.860835,1.930807,3.693789,4.268014,5.068996,4.909739,3.171195,3.128331,3.217750,5.326884,
4.724777,1.351522,0.631929,4.921929,3.786751,-0.861312,1.929983,3.697127,4.271851,5.066307,4.906315,3.175546,3.128530,3.207419,5.321344,
4.722552,1.361196,0.639313,4.925509,3.790375,-0.861033,1.932259,3.698175,4.277145,5.062509,4.898939,3.177687,3.130521,3.191711,5.322519,
4.720203,1.367378,0.646579,4.929062,3.791814,-0.861849,1.935108,3.698266,4.283610,5.060747,4.892316,3.178240,3.132634,3.174355,5.326229,
4.718062,1.373417,0.652653,4.932297,3.798504,-0.859615,1.936152,3.698989,4.288892,5.058263,4.887149,3.180951,3.134659,3.159955,5.331963,
4.716025,1.379323,0.658978,4.935588,3.808241,-0.855239,1.936096,3.700651,4.293417,5.057049,4.881659,3.184107,3.137070,3.148189,5.337610,
4.714067,1.382771,0.659205,4.937558,3.816286,-0.850547,1.936775,3.699408,4.299997,5.052125,4.877435,3.186684,3.138819,3.137152,5.344545,
4.712269,1.383839,0.660233,4.939594,3.824977,-0.845672,1.937677,3.698875,4.306498,5.047929,4.876269,3.188698,3.140573,3.126756,5.349960,
4.710779,1.385560,0.664174,4.941682,3.830399,-0.842329,1.937914,3.697906,4.313373,5.045312,4.874806,3.190941,3.142200,3.117038,5.355901,
4.709716,1.390476,0.670585,4.943305,3.838282,-0.839151,1.941224,3.697853,4.316743,5.043324,4.870835,3.191743,3.142660,3.114307,5.363353,
4.708695,1.395180,0.675754,4.945056,3.846477,-0.835780,1.942665,3.699297,4.319985,5.041189,4.866786,3.193998,3.142911,3.111729,5.365756,
4.707846,1.400821,0.683835,4.945854,3.856572,-0.831028,1.944858,3.700221,4.321767,5.039178,4.859448,3.197767,3.142468,3.109685,5.365239,
4.706914,1.407817,0.694361,4.947006,3.868025,-0.826724,1.945145,3.702958,4.321636,5.038818,4.851189,3.203526,3.143313,3.109097,5.358205,
4.705989,1.413180,0.702510,4.947455,3.875861,-0.824138,1.946679,3.704052,4.322232,5.036930,4.844147,3.208212,3.144253,3.107101,5.351839,
4.704723,1.416528,0.711080,4.948219,3.877865,-0.822674,1.951421,3.705525,4.322879,5.036034,4.838435,3.211676,3.145450,3.105177,5.342697,
4.703312,1.420300,0.722555,4.949054,3.876937,-0.821107,1.957097,3.707546,4.324610,5.034443,4.834586,3.215936,3.149591,3.104618,5.328899,
4.702321,1.421303,0.730680,4.949847,3.869294,-0.819507,1.967421,3.708222,4.327551,5.030956,4.838295,3.216559,3.152976,3.106164,5.313558,
4.701624,1.422174,0.729835,4.948908,3.858758,-0.814394,1.977185,3.710070,4.330392,5.023456,4.846449,3.217251,3.154734,3.110369,5.296886,
4.701169,1.424491,0.730099,4.949011,3.853864,-0.809253,1.986519,3.713163,4.331998,5.019824,4.851541,3.220704,3.155996,3.113571,5.276803,
4.700740,1.428165,0.732731,4.948954,3.851892,-0.805012,1.995767,3.716980,4.332721,5.017515,4.853278,3.225390,3.158466,3.118365,5.257384,
4.700418,1.431401,0.733933,4.949110,3.853948,-0.800783,2.004642,3.720906,4.333820,5.015220,4.857433,3.229964,3.159629,3.123860,5.242944,
4.699671,1.435539,0.735556,4.949757,3.861956,-0.795791,2.012846,3.725755,4.331499,5.014748,4.860610,3.234694,3.161812,3.133323,5.233057,
4.698502,1.437655,0.735148,4.950567,3.871130,-0.794491,2.020178,3.729740,4.329795,5.013430,4.861393,3.239416,3.162737,3.139957,5.229568,
4.697042,1.440841,0.734235,4.951126,3.879695,-0.798775,2.025510,3.733863,4.328613,5.011416,4.861624,3.243546,3.163724,3.144346,5.229685,
4.695487,1.442815,0.736780,4.952308,3.891453,-0.802104,2.028978,3.737384,4.328190,5.012033,4.859207,3.246835,3.166260,3.150227,5.230094,
4.693860,1.444735,0.741246,4.952700,3.903925,-0.801599,2.032012,3.741766,4.326823,5.012605,4.854226,3.250141,3.169149,3.157573,5.229104,
4.693890,1.440574,0.752668,4.950282,3.916907,-0.808021,2.038055,3.745619,4.326212,5.018948,4.859908,3.255182,3.173125,3.161021,5.238372,
4.694191,1.436922,0.762019,4.948389,3.928606,-0.815317,2.043125,3.748040,4.326378,5.024926,4.868130,3.260060,3.176478,3.163143,5.249613,
4.694504,1.434021,0.772948,4.946568,3.939515,-0.820741,2.047318,3.751133,4.326719,5.031177,4.873537,3.264531,3.180306,3.162599,5.258889,
4.694803,1.430286,0.780117,4.944971,3.949402,-0.826140,2.050416,3.752175,4.328212,5.034921,4.878953,3.268889,3.182856,3.159632,5.268657,
4.695786,1.428042,0.779071,4.942263,3.957265,-0.833178,2.052410,3.753309,4.328904,5.035461,4.887105,3.273027,3.181376,3.156274,5.277624,
4.696686,1.425543,0.776061,4.939973,3.963376,-0.839994,2.054321,3.754674,4.329850,5.035737,4.896299,3.276062,3.179237,3.152565,5.285387,
4.697458,1.423796,0.774034,4.938410,3.967636,-0.846650,2.056790,3.758779,4.329509,5.036272,4.902574,3.279679,3.177822,3.149109,5.290406,
4.698434,1.422666,0.775761,4.936533,3.972530,-0.853242,2.059423,3.764128,4.329765,5.036621,4.906614,3.285432,3.177268,3.146401,5.296154,
4.699405,1.422238,0.780791,4.934653,3.979804,-0.857073,2.060789,3.769724,4.329731,5.038647,4.906327,3.292210,3.177545,3.143666,5.297585,
4.700064,1.421577,0.786179,4.933282,3.986989,-0.859615,2.061055,3.775574,4.330117,5.040528,4.905154,3.298605,3.177736,3.140452,5.301850,
4.700666,1.421409,0.791044,4.933068,3.997596,-0.861506,2.060927,3.779128,4.329627,5.044060,4.905262,3.302716,3.179558,3.141353,5.312457,
4.700782,1.415148,0.789532,4.932177,4.003583,-0.865977,2.064693,3.776498,4.335483,5.039523,4.911710,3.305629,3.177114,3.142708,5.325460,
4.700647,1.408354,0.788609,4.932027,4.007243,-0.868571,2.069828,3.774549,4.340326,5.036588,4.918675,3.307677,3.175297,3.142900,5.335052,
4.700352,1.400866,0.789542,4.929954,4.006775,-0.872065,2.077017,3.772061,4.345725,5.029947,4.925168,3.311013,3.172290,3.146429,5.345540,
4.700715,1.395815,0.770521,4.930699,4.001473,-0.873098,2.082111,3.770195,4.351204,5.028291,4.932465,3.311699,3.163681,3.147706,5.351957,
4.700973,1.389775,0.748832,4.930374,3.992108,-0.875970,2.087687,3.766918,4.357212,5.022533,4.940076,3.312475,3.152783,3.149852,5.354934,
4.701232,1.383690,0.732861,4.930698,3.985892,-0.876454,2.091817,3.767018,4.361560,5.018866,4.943480,3.314937,3.145707,3.151966,5.355322,
4.701458,1.377222,0.717554,4.930270,3.979829,-0.875779,2.099344,3.768086,4.365766,5.013707,4.944982,3.316821,3.140246,3.153026,5.357055,
4.701966,1.370990,0.700570,4.928667,3.972602,-0.875933,2.105082,3.769463,4.367880,5.011106,4.944018,3.319849,3.132418,3.156811,5.354000,
4.702640,1.365940,0.689636,4.927426,3.970181,-0.873114,2.107351,3.773784,4.368589,5.011497,4.945352,3.322902,3.126823,3.160382,5.352698,
4.703170,1.361834,0.683162,4.926137,3.970339,-0.869102,2.107937,3.778702,4.369266,5.012529,4.945645,3.326171,3.123359,3.164671,5.352157,
4.703970,1.358813,0.678311,4.924727,3.970506,-0.864100,2.106692,3.783287,4.369878,5.013064,4.944535,3.329176,3.119162,3.170241,5.349989,
4.704458,1.357028,0.674118,4.922960,3.968074,-0.856884,2.104708,3.788870,4.369238,5.012584,4.941527,3.332184,3.115851,3.172119,5.343268,
4.705141,1.356792,0.673899,4.922017,3.966805,-0.849132,2.100952,3.794393,4.368287,5.013884,4.940579,3.334808,3.113305,3.172844,5.336255,
4.706098,1.357034,0.675479,4.920747,3.964110,-0.842607,2.097746,3.800620,4.367154,5.018037,4.936751,3.337356,3.111645,3.172754,5.329190,
4.706685,1.355255,0.682436,4.920845,3.954681,-0.838096,2.104715,3.801729,4.367987,5.022403,4.936910,3.335488,3.112283,3.170425,5.322895,
4.707275,1.354551,0.690854,4.921128,3.949828,-0.835957,2.112995,3.804732,4.369232,5.025645,4.934358,3.335561,3.114371,3.168591,5.317549,
4.707468,1.347622,0.706077,4.922465,3.939503,-0.835442,2.131270,3.803868,4.369710,5.030742,4.937530,3.331448,3.117634,3.169579,5.312817,
4.707898,1.340249,0.726640,4.922743,3.933872,-0.831779,2.148932,3.803902,4.368091,5.036972,4.935409,3.329561,3.120870,3.175563,5.310590,
4.708597,1.334740,0.746387,4.923216,3.934363,-0.826954,2.164918,3.804432,4.366632,5.045022,4.932886,3.326822,3.123697,3.178855,5.313841,
4.709221,1.329480,0.766487,4.921971,3.938044,-0.822335,2.180243,3.804097,4.365929,5.050076,4.929929,3.325010,3.126369,3.180814,5.322304,
4.710344,1.322900,0.787236,4.921108,3.942855,-0.819205,2.195900,3.802777,4.367674,5.053352,4.931255,3.322497,3.129662,3.176528,5.337017,
4.711383,1.318095,0.807267,4.920214,3.945616,-0.816784,2.209862,3.802177,4.369171,5.056000,4.930116,3.321285,3.134718,3.172806,5.351538,
4.712635,1.316078,0.827048,4.919222,3.947736,-0.815514,2.223306,3.800542,4.370981,5.056052,4.930762,3.321877,3.140215,3.166335,5.364489,
4.713931,1.314837,0.845965,4.919138,3.952151,-0.815182,2.235104,3.797312,4.373113,5.057234,4.929667,3.322658,3.147055,3.158298,5.377776,
4.715174,1.313541,0.864776,4.918351,3.952648,-0.816742,2.246524,3.795358,4.374885,5.058821,4.926832,3.324935,3.152728,3.151638,5.387130,
4.716799,1.312020,0.885050,4.917267,3.953955,-0.818728,2.259061,3.795058,4.373486,5.061890,4.921990,3.329508,3.158117,3.144108,5.397981,
4.718220,1.310592,0.906660,4.918918,3.958858,-0.819806,2.267228,3.795935,4.371581,5.067434,4.913787,3.334700,3.165561,3.135628,5.404562,
4.719484,1.309458,0.908470,4.915006,3.970353,-0.833174,2.281474,3.798880,4.367902,5.061488,4.912992,3.333691,3.166452,3.126172,5.420150,
4.720846,1.309012,0.911616,4.912072,3.981260,-0.843722,2.294833,3.802689,4.363622,5.059390,4.912986,3.333153,3.168686,3.119031,5.431699,
4.722877,1.310842,0.920810,4.913116,3.989654,-0.850603,2.308030,3.800919,4.358901,5.065234,4.909170,3.331508,3.170398,3.110124,5.440670,
4.724913,1.312534,0.929582,4.914492,3.997770,-0.855764,2.318115,3.800835,4.354938,5.071037,4.905626,3.330475,3.172815,3.102519,5.445721,
4.727368,1.314187,0.937547,4.916146,4.004041,-0.860276,2.328110,3.799249,4.353001,5.075336,4.898105,3.329399,3.175681,3.096667,5.444887,
4.729709,1.316306,0.948723,4.918127,4.007776,-0.863257,2.335751,3.798143,4.351483,5.079510,4.889678,3.329938,3.180483,3.092619,5.441096,
4.731685,1.319181,0.958938,4.920445,4.013455,-0.863476,2.339188,3.799615,4.349406,5.084295,4.883167,3.331078,3.186996,3.089097,5.434423,
4.734006,1.322479,0.967660,4.923059,4.019777,-0.863294,2.342057,3.802374,4.346620,5.091094,4.876974,3.333175,3.192400,3.087295,5.428654,
4.736736,1.328885,0.982025,4.925404,4.029913,-0.863561,2.343099,3.805155,4.344442,5.098936,4.871912,3.335225,3.196859,3.085741,5.423767,
4.739366,1.335200,1.000066,4.927208,4.038765,-0.863027,2.343087,3.806517,4.341386,5.108512,4.865159,3.339070,3.200641,3.085577,5.419565,
4.741950,1.340387,1.017514,4.929405,4.047107,-0.862091,2.343414,3.808219,4.338399,5.118163,4.859404,3.341746,3.205020,3.087083,5.416260,
4.744198,1.344188,1.031445,4.931138,4.054685,-0.860063,2.341911,3.810963,4.334228,5.127023,4.854556,3.345244,3.205144,3.091452,5.411840,
4.746684,1.346859,1.045717,4.932671,4.060591,-0.858058,2.340758,3.813983,4.330600,5.135717,4.850899,3.349242,3.207104,3.098512,5.407371,
4.748975,1.349277,1.061828,4.933800,4.067654,-0.853403,2.338207,3.817866,4.326831,5.146619,4.846613,3.353746,3.211432,3.106901,5.401969,
4.751682,1.352825,1.075560,4.934110,4.076750,-0.850341,2.336127,3.821190,4.322829,5.154812,4.840463,3.358276,3.215698,3.114712,5.397583,
4.754513,1.356102,1.088854,4.934524,4.082653,-0.847012,2.336908,3.823574,4.319733,5.160429,4.837637,3.360520,3.219876,3.122793,5.388186,
4.759043,1.360038,1.101825,4.933987,4.092468,-0.843483,2.337183,3.830523,4.315837,5.168487,4.835404,3.362056,3.225056,3.127984,5.380868,
4.762895,1.363421,1.111357,4.933066,4.097898,-0.838649,2.338523,3.836155,4.312816,5.173283,4.835432,3.362618,3.228454,3.129888,5.372171,
4.766383,1.367699,1.123715,4.933211,4.107103,-0.832802,2.335191,3.845014,4.308127,5.180140,4.831973,3.365092,3.234703,3.133061,5.364522,
4.769796,1.371621,1.136160,4.933288,4.116008,-0.825970,2.330854,3.854512,4.303070,5.188151,4.832100,3.366615,3.240706,3.136081,5.356193,
4.772915,1.372230,1.143644,4.932138,4.122407,-0.821250,2.330584,3.859944,4.297903,5.192380,4.834138,3.364192,3.244848,3.139794,5.354187,
4.776036,1.372850,1.153257,4.928998,4.128559,-0.816976,2.334099,3.864862,4.291064,5.197149,4.833264,3.364142,3.248099,3.146148,5.350233,
4.778689,1.371679,1.155820,4.923710,4.132937,-0.814950,2.336752,3.868601,4.286426,5.196557,4.838198,3.364278,3.247213,3.149703,5.347566,
4.781574,1.373624,1.165189,4.917946,4.134108,-0.814308,2.341650,3.870632,4.279271,5.201667,4.842600,3.364207,3.244233,3.149191,5.340997,
4.784401,1.375463,1.173677,4.913173,4.132364,-0.814365,2.345137,3.872428,4.273389,5.206635,4.846382,3.364470,3.241086,3.150693,5.332940,
4.786978,1.375649,1.180842,4.909536,4.129973,-0.814379,2.347352,3.872961,4.269676,5.207943,4.851524,3.364968,3.236845,3.153452,5.323379,
4.789114,1.376631,1.185716,4.906422,4.127862,-0.812869,2.344643,3.876642,4.265812,5.207998,4.856684,3.368045,3.232857,3.156628,5.313605,
4.791071,1.377680,1.186508,4.901529,4.125008,-0.811982,2.343492,3.879777,4.263162,5.206313,4.862132,3.370387,3.228680,3.158944,5.304670,
4.792983,1.377189,1.186105,4.897224,4.121749,-0.812882,2.342259,3.882832,4.261545,5.204161,4.865688,3.372829,3.225328,3.159824,5.296335,
4.794792,1.376403,1.184488,4.894073,4.119024,-0.818368,2.343695,3.885368,4.260389,5.200938,4.872282,3.374338,3.221486,3.159987,5.290421,
4.798514,1.371135,1.174596,4.886176,4.120263,-0.825701,2.347398,3.887341,4.261032,5.187366,4.884043,3.375348,3.212140,3.164371,5.290465,
4.801795,1.366300,1.169284,4.880358,4.125496,-0.830608,2.350024,3.889996,4.261770,5.176289,4.891483,3.378612,3.205843,3.169041,5.287866,
4.804549,1.362756,1.164290,4.873529,4.134869,-0.835596,2.352299,3.894311,4.261335,5.164929,4.899343,3.380201,3.199847,3.173014,5.284780,
4.807128,1.357585,1.155556,4.865797,4.142033,-0.843189,2.355162,3.896451,4.263482,5.149352,4.909578,3.381381,3.192806,3.172200,5.283973,
4.809644,1.352663,1.148159,4.859290,4.152034,-0.848800,2.358112,3.897868,4.265596,5.134671,4.918793,3.382132,3.187781,3.170585,5.283558,
4.812001,1.346882,1.141259,4.853674,4.159564,-0.853047,2.359796,3.899205,4.267808,5.120780,4.925419,3.384209,3.183578,3.168020,5.282342,
4.814042,1.341043,1.133279,4.846885,4.164142,-0.856038,2.362117,3.902171,4.269749,5.104418,4.930588,3.388514,3.177271,3.162202,5.281051,
4.815128,1.335040,1.128714,4.840828,4.169974,-0.854086,2.364456,3.904578,4.271878,5.090330,4.936300,3.393025,3.172730,3.157280,5.281479,
4.815805,1.326903,1.120014,4.832770,4.178987,-0.851495,2.368099,3.901950,4.276852,5.072270,4.945174,3.398668,3.163281,3.157531,5.287563,
4.816550,1.319429,1.111634,4.824885,4.185525,-0.851120,2.368993,3.899584,4.282245,5.055910,4.951115,3.404698,3.155483,3.158542,5.292783,
4.817265,1.314132,1.103492,4.817747,4.191390,-0.849333,2.368792,3.898568,4.286762,5.042385,4.952359,3.410329,3.149573,3.161434,5.297703,
4.817581,1.309102,1.095392,4.812837,4.195636,-0.846954,2.366508,3.899730,4.289086,5.035147,4.953054,3.415142,3.141959,3.165815,5.298178,
4.816286,1.303478,1.087221,4.807753,4.202113,-0.843542,2.368564,3.901243,4.289669,5.031412,4.950459,3.419635,3.131079,3.173316,5.298521,
4.815578,1.297927,1.081309,4.803878,4.205678,-0.841340,2.369673,3.901717,4.290636,5.029750,4.947269,3.424297,3.121497,3.177425,5.296871,
4.815094,1.283789,1.083916,4.803904,4.204455,-0.858286,2.400227,3.882018,4.298407,5.025685,4.963047,3.407875,3.110176,3.196714,5.306745,
4.814369,1.269410,1.088697,4.803561,4.196950,-0.871023,2.426827,3.866878,4.305495,5.021380,4.974548,3.394165,3.100513,3.214149,5.311640,
4.814054,1.258231,1.095339,4.803688,4.190667,-0.878521,2.447898,3.855803,4.311066,5.017737,4.981391,3.383027,3.093558,3.231839,5.314786,
4.813411,1.247938,1.104763,4.804509,4.185747,-0.884594,2.464832,3.845545,4.314584,5.020112,4.981473,3.374928,3.085893,3.245507,5.313427,
4.812876,1.238717,1.114791,4.805459,4.184106,-0.888967,2.478232,3.838477,4.317807,5.022816,4.983918,3.367502,3.080000,3.254926,5.313120,
4.812448,1.231329,1.126478,4.807073,4.185479,-0.892509,2.489995,3.831818,4.320240,5.027940,4.984234,3.361379,3.073095,3.262997,5.313558,
4.812195,1.231414,1.140630,4.809179,4.189433,-0.890947,2.495568,3.831538,4.318121,5.035992,4.978447,3.357431,3.070621,3.274678,5.307937,
4.812280,1.231381,1.154847,4.811202,4.192032,-0.890319,2.500141,3.832155,4.316557,5.042054,4.972036,3.353943,3.069044,3.283566,5.300917,
4.812421,1.231072,1.167936,4.810783,4.195542,-0.889941,2.504724,3.833017,4.315271,5.048810,4.965186,3.351297,3.067491,3.289975,5.296619,
4.812485,1.235238,1.179021,4.809423,4.198523,-0.892265,2.506222,3.835759,4.312336,5.057040,4.958211,3.350302,3.066393,3.297571,5.291956,
4.811543,1.236005,1.189766,4.808460,4.197201,-0.894953,2.507563,3.839301,4.308634,5.065138,4.951088,3.347819,3.063612,3.304680,5.285042,
4.810831,1.236828,1.195799,4.809096,4.197241,-0.896394,2.506462,3.843680,4.304157,5.077008,4.943076,3.347131,3.058957,3.311644,5.278334,
4.810211,1.237911,1.201104,4.810528,4.194800,-0.895108,2.503689,3.848256,4.301356,5.086232,4.934685,3.347579,3.054933,3.316073,5.272395,
4.808883,1.236722,1.209684,4.811338,4.194348,-0.891542,2.498291,3.853659,4.299199,5.094200,4.919798,3.348128,3.052690,3.323262,5.265325,
4.807915,1.234788,1.219769,4.811221,4.190117,-0.890591,2.493893,3.859191,4.297554,5.101821,4.906256,3.348473,3.050607,3.325848,5.257258,
4.804071,1.233577,1.229813,4.812408,4.182212,-0.888297,2.489153,3.863340,4.298207,5.107996,4.893527,3.350079,3.048195,3.329441,5.247916,
4.800783,1.231544,1.238642,4.813955,4.173039,-0.887655,2.486102,3.860955,4.299548,5.113280,4.885118,3.349496,3.046062,3.331628,5.239936,
4.797773,1.230261,1.248413,4.816554,4.166404,-0.886740,2.482164,3.860452,4.300794,5.119940,4.877042,3.349870,3.043690,3.333386,5.231801,
4.795314,1.229217,1.254223,4.819316,4.164080,-0.886169,2.473584,3.862319,4.301841,5.122392,4.866640,3.345954,3.042115,3.332921,5.227310,
4.791984,1.230313,1.262593,4.823027,4.165666,-0.883712,2.465626,3.860820,4.304403,5.121659,4.857307,3.339726,3.042774,3.332939,5.227549,
4.789048,1.231335,1.272330,4.826801,4.167665,-0.879254,2.457978,3.859748,4.307041,5.120758,4.850743,3.334112,3.044247,3.332565,5.225741,
4.786517,1.231342,1.284155,4.830359,4.169650,-0.875175,2.450631,3.859753,4.310122,5.121150,4.845808,3.330441,3.047496,3.331569,5.224593,
4.783589,1.231322,1.287600,4.831434,4.163030,-0.877263,2.444202,3.858409,4.314326,5.116143,4.845269,3.327478,3.047262,3.326672,5.225652,
4.781288,1.232535,1.293374,4.834144,4.161251,-0.875408,2.436501,3.860523,4.316315,5.112903,4.840074,3.326999,3.048076,3.324078,5.224683,
4.779739,1.230700,1.303671,4.835241,4.163772,-0.873263,2.430355,3.864823,4.316513,5.111258,4.832749,3.327983,3.047921,3.317762,5.220669,
4.778561,1.230818,1.312764,4.835262,4.162047,-0.871557,2.424478,3.870231,4.314655,5.109923,4.825144,3.329855,3.048566,3.311367,5.216316,
4.778051,1.231417,1.321218,4.836405,4.160692,-0.870800,2.418714,3.875159,4.312087,5.108164,4.819529,3.332051,3.049545,3.306259,5.211802,
4.777109,1.237053,1.331630,4.839093,4.161777,-0.861741,2.419141,3.883367,4.304827,5.114516,4.807055,3.331279,3.051156,3.313914,5.206154,
4.777283,1.242998,1.336300,4.841114,4.161422,-0.860256,2.421033,3.887751,4.299174,5.115875,4.799467,3.329007,3.051214,3.320585,5.203335,
4.777100,1.245979,1.334859,4.841160,4.155845,-0.861120,2.424490,3.890178,4.295684,5.114947,4.795810,3.325071,3.049417,3.322997,5.202370,
4.776637,1.250170,1.335372,4.841307,4.146822,-0.862227,2.426874,3.893463,4.291631,5.114421,4.793626,3.322395,3.048380,3.323122,5.199997,
4.775537,1.255392,1.331676,4.842064,4.133818,-0.863830,2.429588,3.894732,4.288702,5.111912,4.791964,3.319130,3.046534,3.324321,5.197854,
4.776051,1.258497,1.329344,4.842641,4.111389,-0.872380,2.431391,3.896089,4.284053,5.110035,4.798805,3.316253,3.044410,3.329624,5.189389,
4.776796,1.261208,1.323071,4.841889,4.086762,-0.882679,2.432793,3.897142,4.280853,5.103816,4.808846,3.313744,3.041257,3.330719,5.183850,
4.776866,1.262995,1.318516,4.841252,4.066588,-0.890761,2.432986,3.899254,4.278033,5.099349,4.819581,3.312720,3.039251,3.332096,5.175584,
4.776624,1.265687,1.314869,4.840904,4.047986,-0.898489,2.433425,3.901565,4.274540,5.095468,4.830718,3.311672,3.036968,3.334413,5.167192,
4.776766,1.268946,1.314981,4.842598,4.041208,-0.900239,2.432966,3.905216,4.271953,5.093548,4.839006,3.312311,3.033237,3.336734,5.158756,
4.776980,1.272222,1.313063,4.844485,4.040580,-0.897870,2.431978,3.909592,4.269710,5.090446,4.845445,3.313382,3.028404,3.341985,5.152638,
4.777161,1.275353,1.310262,4.845753,4.044795,-0.894665,2.430127,3.914553,4.268349,5.086346,4.851990,3.316050,3.023316,3.348956,5.148764,
4.777371,1.277490,1.310201,4.847115,4.051597,-0.890734,2.428209,3.918041,4.266893,5.085191,4.857354,3.318027,3.017521,3.355172,5.147463,
4.776090,1.286041,1.316152,4.847941,4.061881,-0.889566,2.426606,3.921394,4.263234,5.078759,4.860598,3.322678,3.021573,3.364754,5.145464,
4.774121,1.291688,1.322243,4.848860,4.070648,-0.887631,2.425035,3.925264,4.260308,5.072936,4.862128,3.325565,3.025589,3.374086,5.143123,
4.772545,1.297528,1.329012,4.850411,4.081657,-0.885057,2.420821,3.931107,4.256624,5.069197,4.864006,3.329643,3.029898,3.381616,5.141610,
4.770847,1.303650,1.336315,4.852994,4.090676,-0.882629,2.415595,3.935530,4.252989,5.066000,4.865559,3.334402,3.036002,3.388722,5.140305,
4.769995,1.309669,1.345403,4.856152,4.096205,-0.880693,2.414617,3.936073,4.249952,5.065438,4.865054,3.336307,3.042105,3.396642,5.138677,
4.770552,1.313514,1.352476,4.860090,4.093506,-0.874755,2.414644,3.935293,4.245032,5.063293,4.865064,3.339782,3.049913,3.402438,5.134328,
4.771523,1.317602,1.360194,4.863867,4.090861,-0.869378,2.413421,3.935296,4.239946,5.061487,4.865406,3.342111,3.057157,3.405116,5.130199,
4.771860,1.324463,1.367843,4.868875,4.086137,-0.867109,2.406117,3.935940,4.234819,5.058045,4.862409,3.340320,3.063983,3.404153,5.127429,
4.772302,1.330090,1.368781,4.876741,4.080761,-0.855563,2.393922,3.937624,4.229181,5.060107,4.855775,3.335012,3.068207,3.398476,5.122856,
4.772111,1.329810,1.372238,4.884176,4.071219,-0.846443,2.380323,3.943324,4.227880,5.063031,4.842096,3.331643,3.071392,3.398452,5.124890,
4.771846,1.327706,1.375533,4.891394,4.067215,-0.836353,2.367196,3.948714,4.227179,5.065490,4.827988,3.328930,3.073262,3.397822,5.125966,
4.771166,1.325582,1.378374,4.897565,4.067205,-0.830400,2.354040,3.954241,4.225636,5.067140,4.818732,3.326628,3.074434,3.395324,5.126112,
4.770988,1.321702,1.381101,4.903579,4.064054,-0.821325,2.341776,3.958792,4.226105,5.068189,4.809575,3.325424,3.075862,3.389073,5.123424,
4.770242,1.315914,1.384533,4.908138,4.061111,-0.812977,2.332267,3.963233,4.228301,5.068120,4.803387,3.324250,3.076168,3.383142,5.122713,
4.769690,1.309665,1.385896,4.911925,4.056584,-0.807421,2.323229,3.968354,4.232493,5.066574,4.799409,3.323907,3.074632,3.377676,5.124764,
4.769961,1.305615,1.386721,4.916530,4.057698,-0.802266,2.314531,3.973553,4.237139,5.064670,4.797665,3.324728,3.073014,3.374089,5.129760,
4.769168,1.302047,1.388364,4.921370,4.060859,-0.798477,2.305600,3.979222,4.242986,5.062779,4.794745,3.324905,3.072615,3.372483,5.137242,
4.770187,1.299846,1.390832,4.925789,4.063997,-0.795275,2.296702,3.984224,4.248134,5.062090,4.792132,3.325396,3.071727,3.368625,5.143862,
4.769693,1.299979,1.397359,4.927109,4.060940,-0.783626,2.287375,3.992934,4.245182,5.064590,4.781024,3.324187,3.069722,3.376543,5.141900,
4.769374,1.300205,1.403273,4.929447,4.058400,-0.772325,2.278882,4.001071,4.242650,5.067062,4.772071,3.324606,3.068701,3.383188,5.139663,
4.769869,1.296164,1.413365,4.929693,4.059691,-0.757708,2.266899,4.009502,4.235777,5.069395,4.757009,3.323306,3.070169,3.392867,5.131735,
4.770555,1.292822,1.424329,4.930876,4.061804,-0.745661,2.253347,4.017387,4.229375,5.072789,4.742280,3.321896,3.073135,3.399220,5.122930,
4.771066,1.289823,1.435998,4.933157,4.064146,-0.734267,2.241088,4.024932,4.223347,5.077300,4.730953,3.322335,3.076371,3.402675,5.111071,
4.771912,1.288430,1.447464,4.935907,4.060707,-0.727456,2.230676,4.032779,4.217251,5.081569,4.727870,3.322422,3.080253,3.401098,5.100290,
4.772707,1.289589,1.456380,4.938578,4.046626,-0.720826,2.223013,4.035532,4.211811,5.084080,4.732121,3.322947,3.087063,3.395775,5.092591,
4.773388,1.289429,1.466679,4.941396,4.037611,-0.715470,2.216282,4.037711,4.207259,5.087678,4.739376,3.323888,3.093966,3.392819,5.086503,
4.773870,1.287131,1.474521,4.943897,4.028865,-0.711630,2.213993,4.033669,4.205950,5.088307,4.751179,3.324576,3.100466,3.395840,5.084786,
4.774846,1.286177,1.482121,4.946860,4.024037,-0.711258,2.212010,4.029472,4.204894,5.088097,4.763754,3.324774,3.105610,3.398625,5.085347,
4.776646,1.285063,1.488498,4.949830,4.018898,-0.712294,2.217062,4.025372,4.206210,5.087884,4.778390,3.316185,3.111302,3.405868,5.090936,
4.777914,1.283610,1.496832,4.952554,4.016049,-0.712655,2.221488,4.022135,4.208561,5.089027,4.795991,3.308218,3.120463,3.411089,5.096096,
