6.095542,4.460355,5.198323,3.073100,4.824243,4.276926,0.414192,0.133075,4.242865,5.722184,3.929806,1.413773,5.080159,6.081661,3.714823,2.256803,2.191327,5.765257,2.760144,3.092279,3.661456,6.014669,4.228473,
6.093574,4.489126,5.223565,3.043655,4.797109,4.300768,0.415794,0.129963,4.272146,5.729783,3.904574,1.439108,5.054789,6.053937,3.742824,2.240294,2.190285,5.756306,2.786364,3.063693,3.646088,6.010096,4.209954,
6.085292,4.512789,5.226882,3.018320,4.769183,4.327023,0.428877,0.116316,4.300985,5.716095,3.882232,1.463451,5.033945,6.050052,3.743379,2.245640,2.205601,5.774332,2.814093,3.035076,3.654903,6.026129,4.186694,
6.074949,4.524953,5.232546,2.993259,4.744348,4.341442,0.437467,0.115568,4.321970,5.717609,3.859499,1.489903,5.009642,6.041249,3.759242,2.250829,2.205554,5.783641,2.840738,3.008042,3.646873,6.028484,4.171662,
6.059645,4.542556,5.243420,2.974051,4.717962,4.347585,0.445923,0.115027,4.338971,5.724193,3.841398,1.516107,4.983398,6.025363,3.780388,2.256649,2.199930,5.788659,2.868456,2.980775,3.630392,6.021948,4.160316,
6.039747,4.562998,5.250742,2.956379,4.692364,4.348395,0.451295,0.124030,4.355667,5.729073,3.821123,1.542094,4.967153,6.018036,3.803236,2.263972,2.197332,5.791735,2.884510,2.952832,3.612922,6.013091,4.147952,
6.020997,4.581900,5.259109,2.934888,4.665519,4.351986,0.463418,0.127620,4.373854,5.729680,3.799196,1.569357,4.948795,6.010188,3.827670,2.278348,2.198305,5.804057,2.899517,2.924641,3.594306,6.004410,4.131799,
6.002096,4.594845,5.264949,2.917892,4.637645,4.351365,0.478536,0.128382,4.390163,5.730457,3.775513,1.596819,4.930249,6.002559,3.853826,2.296090,2.200389,5.808544,2.913287,2.895725,3.572403,5.991162,4.116275,
5.980936,4.607881,5.272487,2.902417,4.612572,4.359727,0.493900,0.130089,4.408720,5.725462,3.752648,1.623211,4.909768,5.991692,3.878105,2.314606,2.205690,5.819519,2.930471,2.867278,3.553959,5.976778,4.096369,
5.957134,4.621928,5.286886,2.884533,4.585895,4.369826,0.512966,0.126466,4.424778,5.725528,3.730684,1.650742,4.891892,5.976766,3.903875,2.336605,2.207095,5.822341,2.949585,2.838030,3.533830,5.960515,4.079079,
5.937366,4.636935,5.296419,2.862951,4.558309,4.374530,0.530741,0.130432,4.439647,5.730005,3.710469,1.675925,4.876188,5.964446,3.929122,2.359335,2.204802,5.825123,2.966876,2.808178,3.513664,5.943406,4.063954,
5.914629,4.656042,5.309194,2.840397,4.531333,4.378210,0.548798,0.135159,4.454795,5.733693,3.699271,1.698639,4.868548,5.955340,3.954200,2.380929,2.202904,5.822278,2.976464,2.778397,3.493567,5.926255,4.048724,
5.893911,4.667496,5.324914,2.816611,4.504908,4.383422,0.569524,0.136633,4.469030,5.738578,3.691651,1.721493,4.860897,5.942867,3.979957,2.404910,2.199988,5.816018,2.988682,2.748888,3.472136,5.907839,4.034400,
5.873020,4.679068,5.338894,2.791908,4.478136,4.392674,0.588677,0.144248,4.482845,5.741195,3.684819,1.746272,4.852500,5.932174,4.006749,2.429190,2.199739,5.803118,3.002589,2.718639,3.449684,5.886975,4.019112,
5.853917,4.691314,5.352275,2.769058,4.451143,4.401118,0.608760,0.149400,4.497091,5.743230,3.677849,1.771548,4.841747,5.922372,4.032669,2.454785,2.200070,5.787713,3.017798,2.689274,3.427752,5.866431,4.004012,
5.836146,4.701178,5.367065,2.746088,4.424893,4.409550,0.625646,0.155609,4.510580,5.745785,3.677220,1.795313,4.833285,5.911186,4.057261,2.477827,2.199577,5.769832,3.032445,2.660730,3.407039,5.846487,3.989375,
5.817115,4.711812,5.385570,2.720603,4.399103,4.422151,0.641718,0.166398,4.523078,5.750809,3.679524,1.820285,4.828744,5.894755,4.079755,2.501373,2.196881,5.750005,3.050024,2.632046,3.388884,5.827112,3.976968,
5.797666,4.723033,5.400776,2.693504,4.375011,4.435035,0.658196,0.175619,4.533653,5.756825,3.681458,1.843003,4.823567,5.878968,4.096787,2.525865,2.193712,5.730288,3.067103,2.603977,3.376262,5.809694,3.967254,
5.781601,4.738124,5.412095,2.666239,4.351440,4.441782,0.670287,0.188138,4.542842,5.763575,3.688117,1.861644,4.817177,5.865490,4.111734,2.545593,2.190579,5.709402,3.081753,2.577444,3.367214,5.793824,3.959541,
5.772326,4.748136,5.410961,2.638311,4.331887,4.449391,0.677873,0.203167,4.552395,5.771355,3.692335,1.880822,4.803396,5.859047,4.118720,2.559446,2.187264,5.693268,3.084149,2.552762,3.362176,5.782424,3.953534,
5.763299,4.759182,5.409783,2.610287,4.313833,4.458320,0.678891,0.217033,4.561258,5.779478,3.695876,1.899065,4.789754,5.853808,4.123567,2.568674,2.183676,5.677292,3.085565,2.529998,3.359150,5.772945,3.948839,
5.756195,4.772968,5.406371,2.586251,4.297591,4.466490,0.679509,0.225464,4.570053,5.787591,3.706801,1.917843,4.776899,5.851455,4.127044,2.573575,2.180079,5.659012,3.085497,2.507854,3.356734,5.763870,3.944196,
5.749244,4.791704,5.400840,2.564884,4.282387,4.473462,0.679819,0.237976,4.578575,5.795244,3.721113,1.932660,4.761906,5.851474,4.130450,2.578858,2.176860,5.640006,3.086312,2.486619,3.355431,5.755534,3.939854,
5.743615,4.800887,5.392609,2.540949,4.267575,4.479388,0.674762,0.241574,4.587705,5.803848,3.725848,1.949561,4.750009,5.852691,4.130316,2.580722,2.172420,5.627133,3.085105,2.465875,3.357220,5.748164,3.937007,
5.737861,4.809988,5.388514,2.518347,4.252942,4.484969,0.667812,0.249857,4.595922,5.811297,3.735292,1.964839,4.738386,5.853000,4.130751,2.581454,2.169092,5.612434,3.087846,2.445609,3.360930,5.740859,3.934041,
5.733015,4.822241,5.380596,2.496195,4.239690,4.492235,0.658853,0.266458,4.604881,5.818281,3.740823,1.980065,4.731673,5.855692,4.128767,2.579227,2.165977,5.601681,3.087916,2.424536,3.367545,5.734423,3.931062,
5.727529,4.835323,5.371389,2.474172,4.230646,4.501936,0.651241,0.286174,4.616682,5.824330,3.739556,1.994284,4.721840,5.860461,4.124133,2.579692,2.162939,5.598735,3.083538,2.404897,3.373126,5.729046,3.925922,
5.722281,4.852072,5.365155,2.452104,4.221205,4.504600,0.640995,0.309080,4.627635,5.829364,3.741402,2.005811,4.717159,5.861550,4.119312,2.578672,2.161415,5.595044,3.083861,2.385216,3.380687,5.724433,3.921883,
5.717449,4.866065,5.356415,2.432253,4.212237,4.507444,0.631062,0.330640,4.639586,5.833514,3.740756,2.018432,4.718886,5.865358,4.112233,2.578787,2.159890,5.593701,3.083137,2.366390,3.387149,5.719826,3.917559,
5.712976,4.884587,5.348252,2.411982,4.205584,4.505475,0.622605,0.350725,4.649780,5.836609,3.746074,2.029977,4.721301,5.869064,4.106466,2.576884,2.159579,5.588071,3.084496,2.347233,3.394559,5.714997,3.913862,
5.708960,4.907002,5.334880,2.389737,4.200343,4.500492,0.618231,0.369887,4.662039,5.838802,3.746441,2.041545,4.717697,5.877910,4.099738,2.578615,2.159684,5.589462,3.083038,2.328502,3.400577,5.709762,3.908510,
5.705333,4.926524,5.324137,2.370468,4.195585,4.496358,0.611423,0.392827,4.674221,5.839855,3.745873,2.052742,4.708235,5.889572,4.092751,2.577134,2.161216,5.592042,3.085331,2.308282,3.405948,5.703837,3.902293,
5.701745,4.935464,5.307836,2.350765,4.191911,4.489396,0.602397,0.416414,4.686503,5.841827,3.746596,2.060962,4.701922,5.905468,4.080089,2.572663,2.162692,5.596020,3.084613,2.291266,3.411371,5.701442,3.897567,
5.698479,4.941665,5.288320,2.331888,4.188035,4.480550,0.592274,0.442783,4.699800,5.843798,3.745064,2.065259,4.695634,5.923298,4.064618,2.567965,2.164246,5.602469,3.079431,2.274809,3.415149,5.700232,3.892967,
5.695902,4.942367,5.265331,2.313679,4.186288,4.475384,0.580524,0.470477,4.712724,5.844987,3.744297,2.069318,4.691517,5.943974,4.049899,2.562653,2.165992,5.608743,3.074091,2.259176,3.415393,5.697666,3.887310,
5.692890,4.937058,5.239835,2.297633,4.185461,4.467688,0.565252,0.495527,4.724067,5.845844,3.746110,2.074987,4.688912,5.967116,4.034478,2.553981,2.168371,5.613629,3.070226,2.242988,3.416918,5.694652,3.882400,
5.687756,4.925650,5.215917,2.282177,4.184928,4.455866,0.552771,0.512274,4.735253,5.847791,3.749357,2.081073,4.694940,5.990154,4.017255,2.544908,2.169797,5.618073,3.066456,2.228954,3.421078,5.693204,3.879535,
5.682510,4.919495,5.190581,2.266787,4.184523,4.441046,0.537533,0.528889,4.745369,5.849004,3.756292,2.085683,4.698106,6.014967,4.001446,2.532533,2.172511,5.620308,3.063986,2.215922,3.424556,5.691063,3.875813,
5.676899,4.908240,5.167858,2.256109,4.187905,4.420531,0.517724,0.551617,4.753963,5.850402,3.762554,2.088563,4.703511,6.043743,3.985427,2.526632,2.175263,5.622652,3.061911,2.204504,3.426578,5.688849,3.872165,
5.671649,4.894943,5.145744,2.246492,4.191516,4.399521,0.497297,0.575560,4.762025,5.851426,3.767075,2.090505,4.713477,6.072151,3.968601,2.520381,2.178703,5.627032,3.060485,2.192826,3.429158,5.687291,3.868437,
5.666944,4.880155,5.127518,2.238398,4.195585,4.381399,0.476263,0.602639,4.771612,5.851617,3.773284,2.091020,4.726647,6.099930,3.951939,2.514166,2.181946,5.632773,3.060287,2.182388,3.429909,5.684620,3.862112,
5.664492,4.861341,5.106907,2.230393,4.201052,4.360499,0.455727,0.628278,4.780745,5.852575,3.774946,2.092421,4.735121,6.129352,3.932204,2.507352,2.185414,5.642158,3.057390,2.175307,3.430906,5.683814,3.856774,
5.664510,4.841505,5.088283,2.221927,4.210361,4.342631,0.437278,0.650207,4.789842,5.852743,3.778665,2.093660,4.750028,6.157751,3.912158,2.499464,2.189140,5.651122,3.057703,2.168108,3.430233,5.682339,3.849924,
5.663831,4.822412,5.064905,2.214186,4.218023,4.322050,0.422138,0.668840,4.797697,5.853641,3.785402,2.092797,4.765338,6.188430,3.891693,2.493567,2.193365,5.659783,3.048743,2.161405,3.431537,5.682108,3.843589,
5.671508,4.800866,5.047639,2.211184,4.226321,4.302699,0.409128,0.680861,4.802514,5.857065,3.792169,2.092653,4.775552,6.212776,3.868196,2.488538,2.196365,5.670020,3.041171,2.157940,3.436266,5.683561,3.840862,
5.679256,4.776790,5.035931,2.216778,4.232344,4.284598,0.397016,0.691944,4.804387,5.860335,3.804879,2.090581,4.774031,6.235497,3.847989,2.482923,2.199224,5.674674,3.041878,2.151351,3.440450,5.683113,3.838097,
5.687800,4.756996,5.027804,2.223321,4.236218,4.262996,0.382848,0.704940,4.805061,5.863622,3.818866,2.087712,4.770393,6.255277,3.830321,2.475232,2.202788,5.677439,3.044893,2.144331,3.444601,5.681214,3.835814,
5.698568,4.736503,5.021485,2.230763,4.242169,4.246043,0.369818,0.718259,4.804534,5.867885,3.832588,2.084486,4.763038,6.273142,3.812019,2.466683,2.205337,5.680757,3.051520,2.138629,3.448397,5.679425,3.834624,
5.708600,4.726235,5.014074,2.227080,4.244290,4.241315,0.350779,0.737887,4.806958,5.871789,3.843796,2.084456,4.748070,6.286428,3.791719,2.467067,2.206274,5.684900,3.065315,2.131913,3.448700,5.676115,3.833512,
5.720137,4.715735,5.006951,2.227105,4.249986,4.236851,0.330479,0.758819,4.808813,5.875286,3.855294,2.081122,4.731480,6.303648,3.772095,2.468429,2.207951,5.689152,3.078029,2.125785,3.448511,5.672897,3.830589,
5.732741,4.701932,5.007424,2.233034,4.260160,4.237071,0.311101,0.778233,4.808417,5.882049,3.868413,2.077179,4.710766,6.313373,3.751180,2.469728,2.206820,5.691501,3.092715,2.125550,3.449007,5.671644,3.831146,
5.744077,4.691298,5.005938,2.238240,4.269386,4.233853,0.292915,0.796255,4.808603,5.888705,3.883795,2.072687,4.695085,6.324555,3.732809,2.469169,2.205525,5.690909,3.106413,2.124661,3.449725,5.669184,3.831624,
5.752390,4.683313,5.006864,2.244047,4.273855,4.230503,0.278046,0.806054,4.808980,5.891676,3.883553,2.073471,4.675998,6.330364,3.718110,2.470882,2.207593,5.699921,3.120649,2.120217,3.446578,5.664136,3.827539,
5.756931,4.674391,5.004756,2.248540,4.278446,4.227449,0.264809,0.816703,4.809276,5.893770,3.878799,2.073226,4.659688,6.339095,3.703518,2.473043,2.210133,5.714311,3.130403,2.116844,3.444477,5.658655,3.822945,
5.761794,4.673258,5.005134,2.253391,4.285025,4.227099,0.254210,0.824158,4.808487,5.895434,3.875001,2.072249,4.637508,6.350514,3.689098,2.473823,2.213060,5.727494,3.131238,2.112830,3.440766,5.652806,3.817526,
5.753581,4.665152,5.009230,2.262602,4.292537,4.227933,0.246396,0.829869,4.808749,5.897172,3.871721,2.073011,4.612838,6.358926,3.676263,2.473680,2.215560,5.741041,3.133781,2.111025,3.434251,5.646183,3.813541,
5.738041,4.652980,5.005574,2.268190,4.305675,4.228785,0.235404,0.841580,4.811378,5.899721,3.862825,2.070389,4.588632,6.372436,3.659383,2.474928,2.218079,5.757452,3.128044,2.114458,3.430662,5.642695,3.811040,
5.712505,4.656980,5.011070,2.270323,4.316986,4.224097,0.221943,0.855234,4.812487,5.900332,3.856008,2.066958,4.570108,6.382584,3.647512,2.476224,2.222854,5.771284,3.126077,2.111774,3.422494,5.635035,3.806145,
5.680247,4.663632,5.024729,2.275729,4.331678,4.220966,0.204106,0.873875,4.812872,5.901508,3.849768,2.061933,4.563908,6.389808,3.638656,2.475050,2.226966,5.783556,3.130148,2.108823,3.415970,5.626553,3.799905,
5.649966,4.669912,5.039028,2.283345,4.350111,4.225546,0.184742,0.894931,4.815143,5.902290,3.845126,2.046922,4.558177,6.400971,3.628893,2.470881,2.229240,5.794436,3.132806,2.107969,3.411046,5.618065,3.791482,
5.615435,4.682562,5.053893,2.289769,4.365153,4.226657,0.166192,0.913831,4.816441,5.903539,3.842265,2.033369,4.545310,6.409273,3.620735,2.463368,2.231812,5.802636,3.132891,2.106180,3.407993,5.609333,3.784216,
5.576997,4.700860,5.070071,2.296020,4.379107,4.228461,0.151032,0.924959,4.816050,5.904592,3.837889,2.019770,4.525692,6.416759,3.614270,2.455389,2.235810,5.810705,3.129728,2.104492,3.404421,5.600187,3.777600,
5.540428,4.722269,5.082761,2.302563,4.389444,4.224134,0.136206,0.935044,4.815004,5.905501,3.835855,2.005205,4.507715,6.423438,3.611869,2.445634,2.239829,5.816054,3.123671,2.100772,3.402047,5.590085,3.770882,
5.506049,4.749344,5.098288,2.312057,4.400137,4.214339,0.127214,0.934269,4.811731,5.904394,3.839260,1.984431,4.485722,6.424803,3.611619,2.435188,2.245164,5.815626,3.110338,2.092606,3.396356,5.575154,3.758490,
5.479734,4.773440,5.111312,2.320093,4.397419,4.203893,0.119588,0.930573,4.816089,5.901736,3.822474,1.960233,4.463671,6.440101,3.608072,2.431021,2.237602,5.830089,3.100977,2.087392,3.396734,5.548598,3.742129,
5.446188,4.795994,5.120458,2.332537,4.400914,4.197869,0.110771,0.928020,4.820066,5.901789,3.812598,1.933734,4.440799,6.458550,3.600995,2.429306,2.230403,5.839277,3.085502,2.086657,3.401399,5.525889,3.730058,
5.410697,4.818712,5.130223,2.346280,4.400907,4.190441,0.102921,0.924991,4.823369,5.903363,3.804387,1.909388,4.418208,6.477783,3.598053,2.424984,2.223283,5.845878,3.074911,2.084586,3.408835,5.504570,3.720444,
5.370347,4.842041,5.133955,2.363478,4.400742,4.184244,0.098492,0.919546,4.825754,5.904820,3.798366,1.885919,4.388526,6.499311,3.594843,2.417868,2.217528,5.851338,3.066457,2.082692,3.416685,5.484989,3.711319,
5.330518,4.854100,5.138694,2.383494,4.402819,4.188657,0.092401,0.916773,4.828100,5.907001,3.794873,1.858854,4.364893,6.520451,3.588753,2.415257,2.210744,5.855910,3.063226,2.081167,3.420479,5.467463,3.699690,
5.286783,4.861962,5.145680,2.409060,4.410799,4.195404,0.088709,0.911547,4.831353,5.911682,3.795321,1.829132,4.342180,6.538663,3.576894,2.410548,2.204426,5.857658,3.058646,2.087153,3.432183,5.454922,3.692728,
5.240568,4.862465,5.165096,2.436446,4.424188,4.211489,0.086757,0.906494,4.835840,5.918981,3.795027,1.803637,4.325998,6.543303,3.560597,2.409458,2.196754,5.859936,3.062403,2.098730,3.447283,5.445864,3.692119,
5.192561,4.859869,5.176529,2.462580,4.437653,4.228205,0.079348,0.903695,4.840789,5.923771,3.796540,1.779004,4.303679,6.558114,3.550167,2.401267,2.190492,5.859231,3.078216,2.102729,3.456429,5.433681,3.686242,
5.142685,4.852948,5.182039,2.489717,4.448159,4.246174,0.067659,0.904688,4.846187,5.927988,3.799173,1.755048,4.275320,6.569516,3.544165,2.397470,2.186739,5.857667,3.096826,2.104332,3.466063,5.421940,3.680743,
5.091772,4.848747,5.185970,2.521086,4.462917,4.264141,0.055902,0.906345,4.854076,5.933327,3.802452,1.729123,4.244799,6.583188,3.534362,2.393677,2.182692,5.857810,3.107565,2.109145,3.478750,5.413341,3.676836,
5.051257,4.849056,5.188071,2.552952,4.477397,4.277672,0.049194,0.905244,4.861133,5.936949,3.804592,1.705179,4.215082,6.596605,3.530125,2.383134,2.181056,5.859059,3.122633,2.110588,3.488205,5.403186,3.669256,
5.008394,4.846212,5.188914,2.578185,4.491132,4.288253,0.038166,0.905987,4.869201,5.940914,3.806085,1.684819,4.188812,6.614288,3.521721,2.376179,2.179196,5.860913,3.134992,2.111647,3.498914,5.394736,3.664543,
4.963948,4.847204,5.195149,2.601810,4.500772,4.290037,0.030096,0.909449,4.877161,5.943225,3.806409,1.664315,4.173882,6.625186,3.513911,2.380896,2.178439,5.865587,3.151767,2.110092,3.502763,5.387763,3.657606,
4.918092,4.854344,5.203323,2.622705,4.510495,4.287929,0.022339,0.913049,4.887135,5.944635,3.805274,1.646682,4.155496,6.636463,3.504584,2.389994,2.179903,5.870727,3.172797,2.106917,3.505785,5.381146,3.651973,
4.886564,4.872429,5.212812,2.644675,4.522009,4.294869,0.012342,0.909787,4.894509,5.945105,3.804221,1.631158,4.151799,6.642151,3.506999,2.387170,2.182216,5.876125,3.194044,2.108134,3.512220,5.374884,3.644504,
4.874658,4.896143,5.224953,2.663008,4.525302,4.309196,0.001541,0.907786,4.901863,5.943432,3.805065,1.617487,4.149727,6.646731,3.517857,2.383243,2.184663,5.876187,3.206133,2.106043,3.514671,5.366285,3.638722,
4.863149,4.912492,5.233737,2.678175,4.529832,4.326849,-0.002493,0.901682,4.911942,5.940473,3.806189,1.603471,4.139814,6.655160,3.531247,2.386595,2.187511,5.875479,3.210241,2.102742,3.507451,5.356955,3.630234,
4.855217,4.926055,5.235293,2.695566,4.535788,4.343393,-0.010747,0.899843,4.923818,5.937633,3.806370,1.589287,4.126533,6.667846,3.539940,2.389730,2.191318,5.874808,3.207017,2.106295,3.504219,5.349856,3.627545,
4.850835,4.939237,5.242302,2.707953,4.542914,4.352953,-0.017299,0.898396,4.935280,5.935341,3.805762,1.578222,4.107927,6.678072,3.545250,2.396355,2.196854,5.875007,3.199574,2.116378,3.507619,5.345648,3.630021,
4.857294,4.951884,5.253481,2.716776,4.554500,4.355927,-0.033025,0.905129,4.945787,5.935778,3.806806,1.562187,4.088246,6.690896,3.550461,2.402163,2.201695,5.874716,3.189448,2.132831,3.514906,5.342964,3.632719,
4.859888,4.964965,5.270434,2.717430,4.568152,4.350888,-0.055938,0.919351,4.954634,5.936515,3.808049,1.549636,4.077380,6.700240,3.552693,2.406832,2.208107,5.873652,3.185132,2.154652,3.525627,5.342372,3.637328,
4.875395,4.981201,5.288168,2.712056,4.581084,4.352806,-0.066358,0.920956,4.961003,5.936359,3.807349,1.543425,4.080102,6.710085,3.555365,2.420457,2.214748,5.873248,3.186952,2.171586,3.527798,5.339264,3.639056,
4.885120,4.994787,5.311178,2.712660,4.589960,4.352636,-0.075102,0.924111,4.965913,5.935747,3.807701,1.533728,4.090122,6.708166,3.557291,2.439202,2.221540,5.875226,3.188500,2.185699,3.525707,5.336362,3.637186,
4.892356,5.005986,5.338067,2.705719,4.597736,4.348010,-0.084572,0.927908,4.970143,5.935082,3.808168,1.524818,4.097433,6.704934,3.554993,2.459304,2.229301,5.874797,3.193984,2.200907,3.525728,5.334537,3.636191,
4.903484,5.009217,5.356268,2.692858,4.598774,4.367992,-0.074863,0.923596,4.971925,5.927884,3.808074,1.521598,4.095515,6.695171,3.563925,2.457731,2.244442,5.862775,3.189878,2.209847,3.516719,5.322904,3.630546,
4.913687,5.013027,5.369657,2.681507,4.600940,4.385856,-0.063774,0.916013,4.974578,5.921225,3.811817,1.510425,4.099780,6.690004,3.569270,2.460129,2.258223,5.849081,3.179699,2.218177,3.507460,5.312817,3.625934,
4.926858,5.010524,5.388724,2.671401,4.606624,4.401419,-0.053724,0.907240,4.977349,5.918845,3.815159,1.503449,4.115044,6.683021,3.568306,2.463722,2.270810,5.833430,3.173912,2.234647,3.509872,5.306216,3.628255,
4.932876,5.008642,5.408055,2.658508,4.612112,4.412689,-0.047036,0.900948,4.977756,5.916424,3.818059,1.497954,4.131207,6.674625,3.564763,2.470529,2.283620,5.819564,3.168067,2.250389,3.514228,5.301060,3.630461,
4.941893,5.004108,5.422295,2.647701,4.619080,4.418001,-0.039190,0.894395,4.979541,5.915214,3.817011,1.500567,4.150191,6.670481,3.557881,2.479477,2.295663,5.811396,3.158283,2.270004,3.523135,5.298343,3.634411,
4.950216,4.999894,5.435165,2.632872,4.627745,4.419536,-0.031338,0.890060,4.983163,5.917539,3.815137,1.504116,4.166150,6.668599,3.544245,2.491826,2.304651,5.805923,3.148162,2.292620,3.538109,5.297833,3.640706,
4.955981,4.992857,5.444745,2.621690,4.635830,4.419459,-0.024608,0.886627,4.987753,5.919740,3.811164,1.509565,4.180868,6.669877,3.527887,2.505634,2.312506,5.800992,3.138938,2.313179,3.552735,5.298010,3.647284,
4.966355,4.988935,5.454008,2.611325,4.644094,4.425799,-0.027555,0.894875,4.995236,5.922603,3.804053,1.516492,4.191125,6.672478,3.509300,2.511753,2.316951,5.796506,3.129278,2.330690,3.561634,5.297333,3.652504,
4.968329,4.981218,5.456733,2.611137,4.656199,4.429970,-0.033723,0.908064,5.004092,5.925035,3.794410,1.525134,4.201873,6.678278,3.490447,2.517895,2.320640,5.798890,3.123028,2.339425,3.562397,5.295356,3.654174,
4.965820,4.978697,5.453001,2.612973,4.669316,4.432572,-0.039434,0.916504,5.012407,5.925081,3.782599,1.537358,4.208284,6.689651,3.476616,2.528377,2.325970,5.801277,3.114727,2.338650,3.552479,5.289334,3.652609,
4.963824,4.972656,5.444204,2.615447,4.685496,4.432906,-0.043509,0.923856,5.021086,5.926097,3.771063,1.547048,4.216588,6.703466,3.458076,2.539022,2.329733,5.805827,3.104736,2.338029,3.545125,5.284657,3.652590,
4.963923,4.956031,5.437206,2.625022,4.701673,4.440907,-0.050940,0.931208,5.029646,5.924911,3.757513,1.566408,4.233792,6.720272,3.434942,2.548296,2.333794,5.806692,3.106558,2.330357,3.527332,5.275363,3.649095,
4.961808,4.945212,5.437033,2.631530,4.722283,4.444895,-0.066554,0.926174,5.037423,5.920398,3.749107,1.575941,4.250893,6.736183,3.418150,2.563801,2.339850,5.813954,3.106920,2.312971,3.499846,5.264971,3.637823,
4.958537,4.937117,5.442536,2.634124,4.745424,4.446685,-0.079836,0.921885,5.046653,5.919379,3.738880,1.590503,4.259248,6.748484,3.400663,2.575953,2.342674,5.817723,3.114692,2.298643,3.480901,5.256902,3.631367,
4.958012,4.935982,5.451303,2.639532,4.766761,4.448962,-0.091173,0.916389,5.055717,5.916870,3.727747,1.604596,4.260783,6.755153,3.385343,2.591442,2.346537,5.822625,3.125485,2.285647,3.461536,5.249191,3.624261,
4.959309,4.941357,5.468406,2.648271,4.788919,4.451855,-0.099930,0.910035,5.063820,5.918581,3.715418,1.615340,4.262539,6.755067,3.369814,2.603635,2.347040,5.827270,3.144647,2.276784,3.451056,5.244119,3.620034,
4.960178,4.945984,5.488036,2.663147,4.812664,4.456465,-0.108031,0.902738,5.072264,5.923286,3.708402,1.616872,4.263742,6.754323,3.354449,2.616244,2.344729,5.828206,3.168702,2.268632,3.445691,5.241208,3.616504,
4.962055,4.956372,5.507057,2.668719,4.834854,4.462624,-0.115284,0.895464,5.079695,5.926843,3.700968,1.617455,4.264688,6.753025,3.343412,2.623840,2.343545,5.829292,3.188475,2.257268,3.436732,5.236034,3.611314,
4.961952,4.961627,5.530335,2.674045,4.854534,4.470632,-0.124765,0.886914,5.088194,5.932015,3.692917,1.617433,4.267310,6.750458,3.331431,2.633152,2.341361,5.832133,3.208063,2.245174,3.431327,5.232538,3.605661,
4.964222,4.966451,5.559666,2.669836,4.874225,4.475243,-0.135484,0.883171,5.098034,5.940074,3.684417,1.612688,4.269720,6.747429,3.319336,2.642549,2.338522,5.833697,3.225911,2.236069,3.434650,5.232136,3.604317,
4.980421,4.969200,5.592703,2.658983,4.894015,4.480943,-0.144277,0.881892,5.108191,5.950140,3.678833,1.599631,4.277507,6.744308,3.308293,2.655157,2.334861,5.836138,3.244035,2.226341,3.443173,5.234090,3.600671,
4.990905,4.984192,5.599332,2.665031,4.911268,4.489943,-0.149468,0.877313,5.119074,5.954631,3.669511,1.605472,4.281145,6.754784,3.302714,2.672369,2.335962,5.838067,3.269771,2.209387,3.439293,5.232540,3.594227,
4.999099,4.996546,5.603642,2.670193,4.926641,4.501682,-0.156336,0.883760,5.123222,5.956946,3.655069,1.620335,4.298549,6.770930,3.297883,2.682013,2.337432,5.848936,3.299775,2.186019,3.428232,5.223701,3.579168,
5.005623,5.007487,5.605742,2.673604,4.941403,4.508920,-0.161457,0.890145,5.130528,5.960206,3.645080,1.630514,4.313446,6.792366,3.291665,2.690810,2.337073,5.855462,3.321855,2.170750,3.422741,5.218021,3.568440,
5.013201,5.018675,5.606081,2.676437,4.953121,4.512197,-0.166463,0.904517,5.135333,5.960837,3.636473,1.635144,4.326878,6.813663,3.289229,2.697636,2.338072,5.863142,3.335482,2.160580,3.417616,5.212935,3.554063,
5.018146,5.029131,5.597675,2.681743,4.964499,4.512761,-0.170531,0.923426,5.143547,5.959628,3.628935,1.641103,4.332728,6.843276,3.284988,2.708929,2.339777,5.868941,3.336200,2.156307,3.415417,5.208424,3.543091,
5.021637,5.038046,5.588571,2.688676,4.975535,4.513995,-0.174416,0.941280,5.152346,5.957782,3.622791,1.643689,4.332561,6.869267,3.279541,2.722431,2.341369,5.871521,3.332672,2.156400,3.415326,5.204950,3.533017,
5.022676,5.050108,5.583601,2.694983,4.987471,4.516821,-0.180546,0.959183,5.161929,5.956395,3.616879,1.647822,4.325138,6.893499,3.273270,2.739847,2.341350,5.873473,3.322239,2.159881,3.419311,5.202570,3.526325,
5.027738,5.059439,5.574306,2.700557,5.000538,4.521217,-0.187723,0.977370,5.173933,5.956572,3.610613,1.649280,4.316223,6.918580,3.266034,2.757867,2.340388,5.875173,3.306093,2.170108,3.431666,5.202129,3.525127,
5.034120,5.062301,5.562715,2.701378,5.015028,4.527846,-0.191376,0.993857,5.186622,5.955800,3.609847,1.643171,4.303933,6.947523,3.259340,2.779361,2.338841,5.873414,3.287833,2.181436,3.444669,5.201248,3.520103,
5.042113,5.065066,5.556186,2.706246,5.030346,4.534922,-0.194014,1.011175,5.200992,5.955819,3.610816,1.636340,4.284317,6.967015,3.253311,2.803030,2.336521,5.868000,3.268899,2.198617,3.464342,5.202654,3.520811,
5.049220,5.063508,5.553897,2.705487,5.060904,4.557052,-0.221333,1.028202,5.207938,5.958061,3.609394,1.619658,4.267399,6.979560,3.247914,2.801540,2.334583,5.865613,3.256610,2.201245,3.475941,5.204622,3.512697,
5.053662,5.053654,5.564626,2.705981,5.091694,4.573894,-0.245715,1.046769,5.215984,5.964562,3.608257,1.606418,4.241605,6.982434,3.239031,2.802200,2.330083,5.863002,3.249425,2.209368,3.497875,5.207757,3.513448,
5.052460,5.046669,5.574666,2.707788,5.120690,4.586943,-0.268281,1.058523,5.224723,5.970109,3.606725,1.593350,4.214704,6.984675,3.230880,2.803636,2.326500,5.860335,3.242730,2.218543,3.520787,5.209932,3.515945,
5.050241,5.038374,5.582848,2.709024,5.151652,4.595823,-0.289169,1.068115,5.233204,5.975142,3.605429,1.582655,4.182773,6.987968,3.219484,2.807306,2.323578,5.857685,3.232031,2.228863,3.545048,5.211907,3.522028,
5.050539,5.031096,5.592729,2.712230,5.181180,4.600566,-0.309383,1.084390,5.238670,5.978025,3.600886,1.572968,4.153798,6.986971,3.210071,2.819516,2.321870,5.856875,3.222631,2.243131,3.567493,5.213619,3.526293,
5.060268,5.024895,5.608923,2.707817,5.205775,4.600880,-0.327614,1.090428,5.243435,5.980426,3.596581,1.564797,4.133087,6.983197,3.205814,2.833557,2.319606,5.855584,3.214355,2.259691,3.590754,5.215991,3.532666,
5.062676,5.026833,5.629476,2.702232,5.236150,4.599684,-0.347864,1.102343,5.243059,5.980861,3.588819,1.557403,4.103563,6.973091,3.197878,2.846344,2.317495,5.859983,3.197464,2.279999,3.609351,5.219463,3.540178,
5.072108,5.021432,5.657488,2.695923,5.264141,4.603241,-0.368204,1.116217,5.241067,5.980881,3.581478,1.555141,4.075140,6.956835,3.188450,2.862013,2.313212,5.861463,3.188617,2.298128,3.625198,5.223129,3.547140,
5.088494,5.015629,5.675746,2.695578,5.288821,4.615498,-0.385368,1.117830,5.237287,5.978118,3.574562,1.550669,4.048084,6.934814,3.175275,2.879930,2.309277,5.866412,3.180778,2.313000,3.632127,5.223186,3.551434,
5.100844,5.012901,5.690655,2.695420,5.319704,4.635677,-0.405009,1.127644,5.230201,5.973482,3.572307,1.543832,4.018201,6.918872,3.159590,2.906909,2.307255,5.867008,3.173974,2.326331,3.633762,5.221621,3.554155,
5.114451,5.007138,5.705476,2.690452,5.349845,4.655679,-0.423583,1.136480,5.222280,5.965931,3.569371,1.539258,3.989587,6.906950,3.144394,2.932468,2.307754,5.870160,3.171206,2.328894,3.627465,5.219080,3.552509,
5.128483,5.006145,5.718024,2.686489,5.377320,4.672702,-0.439988,1.139344,5.213838,5.956850,3.567537,1.534534,3.962173,6.899318,3.131876,2.960807,2.307983,5.870403,3.164980,2.326823,3.617383,5.215569,3.552088,
5.138103,5.001492,5.725425,2.683726,5.405481,4.695041,-0.449808,1.119863,5.205601,5.943682,3.566336,1.525924,3.933067,6.894100,3.120833,2.997618,2.311132,5.870809,3.160661,2.315791,3.601054,5.206588,3.544601,
5.135279,4.992844,5.731639,2.683936,5.428123,4.723643,-0.459236,1.094928,5.199953,5.926166,3.567568,1.518013,3.909950,6.888853,3.112399,3.034768,2.317234,5.872328,3.159257,2.294379,3.575110,5.194416,3.529724,
5.129367,4.983372,5.737202,2.687595,5.451808,4.747360,-0.469252,1.074184,5.195101,5.909811,3.569601,1.508923,3.889009,6.887287,3.105819,3.071271,2.322639,5.873502,3.156027,2.275206,3.553212,5.183356,3.516864,
5.131273,4.977382,5.741247,2.688381,5.480829,4.774637,-0.481283,1.053507,5.189773,5.893591,3.572740,1.499450,3.869389,6.881555,3.101884,3.108009,2.327678,5.876089,3.150841,2.257991,3.531762,5.171843,3.500886,
5.131926,4.971592,5.749617,2.686089,5.507164,4.794746,-0.494018,1.033592,5.186597,5.883732,3.576013,1.490512,3.860129,6.873391,3.098099,3.142526,2.328452,5.875831,3.146909,2.246453,3.520658,5.162288,3.492064,
5.132898,4.966505,5.756202,2.684901,5.531021,4.812685,-0.506262,1.012305,5.189167,5.874855,3.580403,1.482188,3.855960,6.865389,3.092465,3.174324,2.328016,5.873306,3.140197,2.239787,3.515175,5.155070,3.486711,
5.130637,4.962910,5.767922,2.688536,5.553652,4.825714,-0.520128,0.988970,5.193553,5.871454,3.584042,1.476647,3.861402,6.853574,3.084359,3.204574,2.324551,5.870077,3.136698,2.236748,3.516142,5.148641,3.485661,
5.125747,4.961004,5.784618,2.687145,5.576227,4.826598,-0.532338,0.965025,5.201377,5.875632,3.584034,1.472149,3.876627,6.839975,3.074525,3.227104,2.317098,5.870499,3.133065,2.236177,3.526811,5.145763,3.487125,
5.128098,4.961632,5.800014,2.684688,5.594293,4.823615,-0.545751,0.937184,5.211102,5.883153,3.583555,1.468985,3.898099,6.828795,3.062000,3.248412,2.307140,5.870257,3.128995,2.238318,3.541278,5.144614,3.491116,
5.133609,4.966317,5.811044,2.686893,5.610559,4.813761,-0.556331,0.912055,5.223730,5.891878,3.581455,1.468198,3.923300,6.819712,3.047171,3.268091,2.296428,5.868300,3.126436,2.245104,3.559356,5.145695,3.497118,
5.134431,4.966066,5.820137,2.686481,5.624620,4.808157,-0.567855,0.881128,5.236507,5.897801,3.580930,1.464607,3.949848,6.813473,3.031981,3.283166,2.288379,5.867934,3.124007,2.250014,3.574488,5.145643,3.500004,
5.136436,4.966182,5.827430,2.687454,5.636780,4.806607,-0.578810,0.851052,5.248044,5.901652,3.580638,1.461979,3.976588,6.807756,3.014829,3.297673,2.282971,5.868908,3.122792,2.252185,3.585825,5.144787,3.500146,
5.143976,4.974203,5.828517,2.685329,5.644462,4.804356,-0.587461,0.824681,5.258006,5.905837,3.579185,1.457748,3.998827,6.807211,2.999355,3.311677,2.277939,5.868335,3.115154,2.256628,3.597442,5.143991,3.502974,
5.150716,4.989946,5.831520,2.682073,5.652682,4.804385,-0.590057,0.817198,5.267323,5.907685,3.577052,1.453824,4.013635,6.808661,2.989511,3.334041,2.275632,5.866923,3.110768,2.255509,3.603944,5.139848,3.504365,
5.163225,5.004842,5.831877,2.672980,5.659704,4.803254,-0.592507,0.815932,5.277770,5.909706,3.574206,1.449233,4.026503,6.813909,2.981362,3.354010,2.274461,5.866791,3.104122,2.255945,3.612064,5.136976,3.505010,
5.174744,5.021557,5.834401,2.665145,5.666203,4.803818,-0.594920,0.812682,5.286936,5.910074,3.570725,1.440643,4.037522,6.818611,2.976920,3.368402,2.275600,5.870287,3.101691,2.253978,3.617241,5.134812,3.501977,
5.187141,5.037979,5.835740,2.657946,5.673256,4.802189,-0.596874,0.809180,5.293676,5.910809,3.566984,1.432513,4.047195,6.825141,2.975273,3.381481,2.276314,5.874179,3.097464,2.254252,3.622762,5.132804,3.500349,
5.193154,5.071157,5.834872,2.650239,5.679140,4.802802,-0.597770,0.814212,5.298807,5.907168,3.568340,1.415298,4.046120,6.831559,2.985557,3.393622,2.282712,5.866391,3.093479,2.241475,3.618544,5.126282,3.500656,
5.188043,5.100385,5.835103,2.641037,5.682534,4.809606,-0.597380,0.820198,5.304232,5.901749,3.574012,1.396347,4.042635,6.836238,2.992116,3.406858,2.288346,5.851116,3.088283,2.230623,3.611225,5.118190,3.502617,
5.185546,5.127145,5.835797,2.631082,5.683822,4.815206,-0.596704,0.826720,5.309083,5.896203,3.583589,1.379024,4.037335,6.838107,2.997496,3.417397,2.294206,5.834549,3.082185,2.220399,3.604687,5.112091,3.503518,
5.185764,5.149496,5.836852,2.622663,5.683032,4.814028,-0.597029,0.833051,5.313361,5.891685,3.592441,1.365021,4.030972,6.840851,3.003032,3.431650,2.299608,5.817912,3.077134,2.213961,3.600587,5.108375,3.505756,
5.186869,5.169976,5.837509,2.615330,5.684396,4.812552,-0.598569,0.839792,5.317643,5.886532,3.601128,1.353929,4.027003,6.842957,3.007389,3.438991,2.304943,5.801971,3.072424,2.210973,3.597691,5.105455,3.509223,
5.188870,5.186185,5.841892,2.608069,5.683720,4.811262,-0.601366,0.841000,5.321288,5.883111,3.608927,1.344866,4.023181,6.836184,3.013339,3.444056,2.308081,5.785729,3.066154,2.213108,3.597704,5.103009,3.511068,
5.192633,5.199236,5.844845,2.601705,5.681308,4.809673,-0.605745,0.839462,5.323874,5.880509,3.614781,1.339164,4.023898,6.832097,3.019057,3.448917,2.311073,5.767997,3.062181,2.214469,3.596793,5.101554,3.514979,
5.195762,5.208339,5.852228,2.593719,5.675346,4.806277,-0.608687,0.838586,5.327931,5.880724,3.619017,1.336612,4.024650,6.830131,3.021847,3.453067,2.311085,5.751542,3.060387,2.216639,3.598789,5.101885,3.520777,
5.192880,5.211174,5.858509,2.588368,5.669128,4.806520,-0.609261,0.842799,5.333231,5.880503,3.624246,1.331314,4.023943,6.828150,3.022686,3.458138,2.309988,5.735739,3.060243,2.220746,3.601737,5.101264,3.523057,
5.193978,5.214945,5.866709,2.584069,5.660618,4.803704,-0.608756,0.845304,5.339295,5.880147,3.633134,1.327686,4.029049,6.822037,3.025768,3.463807,2.309228,5.719286,3.058243,2.225986,3.605776,5.101598,3.526978,
5.182665,5.214023,5.880845,2.576501,5.652682,4.805868,-0.604721,0.853817,5.341582,5.877059,3.639229,1.323976,4.033814,6.811085,3.028230,3.467399,2.307002,5.707631,3.052431,2.230238,3.606998,5.097459,3.527007,
5.171876,5.213076,5.891536,2.571648,5.645438,4.814057,-0.602270,0.862885,5.340983,5.873019,3.646541,1.319333,4.037821,6.806714,3.026220,3.469460,2.305909,5.695228,3.050065,2.231299,3.606430,5.092774,3.526348,
5.171407,5.210518,5.900483,2.570188,5.634268,4.824954,-0.601262,0.864796,5.339173,5.870753,3.651097,1.315995,4.039994,6.803214,3.019917,3.470291,2.303629,5.684785,3.046682,2.234764,3.607990,5.089484,3.525421,
5.178395,5.211227,5.911327,2.569732,5.626512,4.832491,-0.602947,0.867023,5.337147,5.867731,3.654457,1.314880,4.044814,6.795097,3.015161,3.471617,2.301597,5.676596,3.044292,2.236422,3.607620,5.088627,3.524435,
5.186304,5.211942,5.923793,2.567923,5.619928,4.837590,-0.601856,0.873066,5.333873,5.863969,3.652978,1.318318,4.048805,6.784872,3.011096,3.473637,2.301241,5.666561,3.050907,2.234028,3.604578,5.087688,3.524399,
5.196656,5.203946,5.936689,2.563051,5.615313,4.830000,-0.598458,0.884113,5.331219,5.863324,3.648478,1.323941,4.057871,6.775381,3.012087,3.474971,2.300538,5.664396,3.055159,2.238812,3.605032,5.092821,3.522007,
5.206022,5.199747,5.951678,2.555897,5.614342,4.826910,-0.594593,0.895150,5.327224,5.860059,3.642073,1.330237,4.066325,6.764211,3.011096,3.478651,2.301259,5.666086,3.063209,2.239143,3.601291,5.096486,3.516533,
5.212823,5.197757,5.965409,2.545554,5.610210,4.823911,-0.595104,0.907660,5.324570,5.856608,3.635012,1.337882,4.073291,6.753358,3.017947,3.481423,2.302124,5.665986,3.069420,2.238497,3.596208,5.100214,3.512274,
5.217306,5.199630,5.974042,2.534725,5.604435,4.819281,-0.595842,0.919253,5.324903,5.854041,3.631008,1.342048,4.078019,6.745926,3.026739,3.482947,2.303686,5.662320,3.072983,2.235440,3.591073,5.102449,3.509807,
5.223174,5.200759,5.981863,2.526304,5.599359,4.811381,-0.597324,0.926762,5.327098,5.854249,3.629872,1.344756,4.081187,6.744511,3.036275,3.484727,2.303676,5.657815,3.075567,2.232456,3.588065,5.107100,3.508833,
5.227975,5.198460,5.990284,2.519043,5.595770,4.797232,-0.597775,0.940802,5.329471,5.859314,3.629095,1.347438,4.081482,6.744238,3.045365,3.487151,2.301169,5.655422,3.073307,2.231777,3.590173,5.113467,3.508628,
5.231792,5.192746,5.996095,2.512046,5.586054,4.787474,-0.600559,0.951154,5.335439,5.861679,3.626545,1.351780,4.086853,6.745026,3.054524,3.492020,2.297817,5.654320,3.070455,2.232265,3.592845,5.118551,3.506330,
5.234979,5.187587,6.004427,2.504926,5.573876,4.778482,-0.604285,0.956034,5.340770,5.863131,3.622369,1.364492,4.095428,6.745654,3.063682,3.495840,2.294771,5.654532,3.073206,2.227359,3.592617,5.122126,3.500566,
5.237001,5.181052,6.011332,2.498477,5.573782,4.777125,-0.608799,0.961456,5.346199,5.862865,3.618913,1.372875,4.105610,6.748889,3.070129,3.500544,2.292899,5.656507,3.077816,2.217453,3.588924,5.123392,3.493819,
5.235897,5.174553,6.017971,2.497370,5.575049,4.776435,-0.612483,0.970220,5.350778,5.861289,3.618521,1.378325,4.114798,6.753824,3.072825,3.504783,2.292868,5.661013,3.083738,2.204115,3.582636,5.124182,3.486347,
5.239913,5.167827,6.022812,2.500421,5.576383,4.777807,-0.613114,0.980809,5.360545,5.853838,3.624143,1.378354,4.124302,6.758311,3.072235,3.508784,2.299022,5.664889,3.091010,2.188619,3.574586,5.126212,3.476492,
5.246695,5.157005,6.028320,2.507639,5.577712,4.773037,-0.612960,0.993593,5.372157,5.854003,3.630945,1.376935,4.131014,6.766283,3.069744,3.512337,2.298363,5.668853,3.094031,2.176337,3.571212,5.129134,3.471172,
5.255951,5.143426,6.035341,2.524540,5.573879,4.766294,-0.613564,1.003823,5.382586,5.858067,3.638412,1.374661,4.136999,6.773511,3.066081,3.515029,2.295643,5.670502,3.099354,2.163631,3.568880,5.133964,3.467238,
5.271769,5.132450,6.042308,2.544351,5.567526,4.758026,-0.612358,1.016476,5.387969,5.863965,3.646348,1.368962,4.143604,6.778623,3.063732,3.520177,2.294097,5.675463,3.102663,2.154754,3.568279,5.139461,3.461475,
5.295613,5.120531,6.049288,2.569573,5.564471,4.755307,-0.609808,1.030015,5.391623,5.867332,3.651985,1.364434,4.145565,6.781285,3.053994,3.521744,2.296163,5.679735,3.109752,2.143465,3.566408,5.141642,3.457702,
5.321446,5.109717,6.064741,2.586070,5.563307,4.756851,-0.609881,1.041063,5.389693,5.870887,3.650010,1.359777,4.146610,6.775430,3.048032,3.524228,2.297252,5.689239,3.119519,2.133144,3.563387,5.142211,3.454855,
5.350907,5.104798,6.078509,2.608205,5.564669,4.757247,-0.607845,1.058648,5.382605,5.876151,3.642737,1.351917,4.148366,6.767420,3.044433,3.527459,2.298349,5.697554,3.129332,2.122568,3.559972,5.141924,3.452996,
5.385051,5.101200,6.093677,2.634825,5.565146,4.758383,-0.607815,1.074327,5.372748,5.883124,3.635548,1.347099,4.151489,6.760973,3.041924,3.533101,2.298429,5.704281,3.142020,2.114002,3.557360,5.139289,3.452650,
5.422518,5.098954,6.107181,2.654420,5.563144,4.755408,-0.605564,1.086443,5.361508,5.893359,3.627264,1.345236,4.155429,6.754016,3.043504,3.539390,2.299188,5.707923,3.151145,2.108678,3.556910,5.139736,3.455024,
5.440796,5.084705,6.122702,2.680616,5.567163,4.761684,-0.606242,1.095132,5.349137,5.902727,3.611298,1.342649,4.158762,6.750974,3.046103,3.545534,2.300539,5.715851,3.147919,2.097011,3.553539,5.140261,3.453035,
5.461807,5.076166,6.133376,2.706564,5.566111,4.769990,-0.617335,1.104789,5.338013,5.908148,3.601525,1.342816,4.163647,6.750857,3.051436,3.561747,2.302455,5.720365,3.144680,2.085414,3.549235,5.140374,3.454445,
5.489774,5.072223,6.136324,2.732692,5.561540,4.781451,-0.624886,1.115111,5.327878,5.910532,3.592905,1.346176,4.166875,6.757039,3.057887,3.573567,2.305734,5.722979,3.134092,2.076550,3.544811,5.142231,3.456126,
5.518156,5.069290,6.134957,2.755149,5.552980,4.792708,-0.629859,1.127137,5.320027,5.912367,3.583860,1.352994,4.168826,6.766738,3.066005,3.584638,2.307678,5.724356,3.120670,2.074051,3.544013,5.145612,3.460712,
5.544198,5.065512,6.128512,2.775661,5.544755,4.803502,-0.635600,1.138484,5.313578,5.911781,3.573945,1.362785,4.167576,6.775011,3.075417,3.595128,2.310325,5.723913,3.101065,2.071885,3.542522,5.148340,3.465436,
5.571167,5.063821,6.118366,2.795080,5.533254,4.811486,-0.640348,1.149105,5.310400,5.910312,3.565140,1.371877,4.163883,6.785320,3.083881,3.607190,2.313117,5.722807,3.080470,2.072527,3.542059,5.152477,3.471988,
5.592185,5.060391,6.105676,2.814459,5.523127,4.817427,-0.646769,1.157260,5.309915,5.908785,3.557938,1.379312,4.159098,6.798132,3.090345,3.615540,2.314568,5.721028,3.056614,2.073797,3.542074,5.157197,3.478837,
5.610499,5.056231,6.092367,2.832264,5.514509,4.818744,-0.650723,1.171608,5.311669,5.907951,3.549430,1.391482,4.153199,6.816136,3.096443,3.622426,2.314344,5.717168,3.033341,2.080582,3.545496,5.162705,3.485497,
5.628193,5.056236,6.072723,2.851930,5.505278,4.814435,-0.651493,1.190044,5.317597,5.911546,3.544723,1.401199,4.150309,6.839762,3.098380,3.628505,2.311396,5.711576,3.012009,2.090291,3.552115,5.170541,3.494745,
5.651422,5.054530,6.052857,2.876329,5.496748,4.823241,-0.649551,1.210817,5.316960,5.913243,3.536688,1.413072,4.138315,6.861582,3.096035,3.632928,2.312723,5.705461,2.995302,2.092498,3.556021,5.174288,3.502278,
5.678789,5.046720,6.032233,2.900521,5.487404,4.838109,-0.649284,1.226881,5.312392,5.913956,3.525900,1.426742,4.127770,6.877524,3.086922,3.641612,2.315349,5.701962,2.985053,2.091472,3.558486,5.177938,3.508988,
5.695222,5.041450,6.012391,2.921144,5.481925,4.852574,-0.649332,1.242474,5.311661,5.913598,3.513258,1.436130,4.117590,6.893931,3.080535,3.650305,2.318894,5.703680,2.979367,2.088465,3.560086,5.181984,3.514761,
5.702922,5.034143,5.999449,2.938544,5.475205,4.863500,-0.648530,1.258485,5.311745,5.912641,3.499238,1.445119,4.109562,6.905687,3.076827,3.658357,2.321072,5.706798,2.978991,2.086651,3.561870,5.186259,3.519909,
5.704183,5.025432,5.991327,2.950581,5.466891,4.874570,-0.646421,1.276856,5.313162,5.909976,3.491242,1.450529,4.102202,6.913311,3.074409,3.662600,2.322423,5.709965,2.979432,2.082162,3.561850,5.189117,3.521192,
5.700060,5.016434,5.989582,2.964811,5.450960,4.891252,-0.636909,1.294514,5.309864,5.911451,3.498009,1.446649,4.097100,6.933941,3.078538,3.681870,2.326208,5.719715,2.971060,2.064476,3.556908,5.189873,3.517505,
5.686319,5.008950,5.995255,2.968952,5.434673,4.904959,-0.626390,1.314020,5.309916,5.912859,3.503330,1.441290,4.094710,6.953428,3.084755,3.698120,2.328836,5.731386,2.962238,2.045639,3.550638,5.187164,3.508716,
5.666443,4.997820,6.006366,2.973705,5.417906,4.912342,-0.616554,1.335829,5.313418,5.916370,3.509227,1.431680,4.094804,6.969667,3.085694,3.714424,2.327771,5.739647,2.958600,2.030623,3.545924,5.185905,3.503798,
5.647066,4.987688,6.016806,2.978158,5.398939,4.917804,-0.609299,1.355758,5.316271,5.919572,3.516230,1.415285,4.093818,6.980825,3.083725,3.724565,2.325093,5.746342,2.957191,2.020297,3.543529,5.181226,3.501782,
5.629867,4.976927,6.029891,2.980192,5.382733,4.921283,-0.598761,1.376481,5.320957,5.921908,3.524976,1.399219,4.092046,6.992169,3.083266,3.730293,2.321420,5.754771,2.959867,2.009570,3.539772,5.177083,3.497931,
5.614151,4.968693,6.047043,2.983082,5.368210,4.923157,-0.592046,1.394055,5.324266,5.926675,3.535511,1.383339,4.088499,6.995778,3.081388,3.737465,2.315090,5.762338,2.965659,2.004980,3.539232,5.175414,3.498135,
5.597951,4.965206,6.065114,2.983179,5.356542,4.923640,-0.584908,1.412361,5.326460,5.930646,3.547437,1.367935,4.082878,6.997464,3.079289,3.742935,2.308449,5.767927,2.974678,2.002367,3.539187,5.172005,3.498335,
5.580136,4.962435,6.087443,2.985242,5.345680,4.924220,-0.580889,1.425662,5.330925,5.932495,3.559309,1.353257,4.078888,6.994914,3.077165,3.746290,2.302681,5.766921,2.986534,2.000176,3.538798,5.168932,3.500094,
5.565486,4.964121,6.104925,2.987585,5.336678,4.924607,-0.578087,1.436382,5.337549,5.930910,3.568065,1.343705,4.076796,6.995282,3.078129,3.745528,2.300169,5.768815,3.000627,1.995419,3.535574,5.165431,3.499007,
5.550252,4.965154,6.119870,2.989077,5.328915,4.923258,-0.572447,1.451260,5.343834,5.929449,3.574287,1.335856,4.075631,6.997393,3.077590,3.744268,2.298354,5.772203,3.015207,1.993525,3.533752,5.163842,3.497519,
5.539723,4.967565,6.130706,2.988702,5.320063,4.924339,-0.563190,1.462689,5.349639,5.927376,3.580604,1.323850,4.074156,7.003138,3.074332,3.738112,2.294429,5.774220,3.032077,1.992032,3.529806,5.160396,3.494871,
5.527644,4.974171,6.134884,2.994873,5.315222,4.928462,-0.556311,1.472415,5.354992,5.920097,3.586896,1.311469,4.073570,7.009760,3.072704,3.733848,2.296498,5.777758,3.048466,1.982541,3.520795,5.154416,3.488276,
5.517677,4.978261,6.136970,2.999786,5.311752,4.930899,-0.555513,1.483677,5.361114,5.915090,3.591637,1.303257,4.075150,7.018072,3.072097,3.730903,2.296300,5.785110,3.061136,1.977639,3.515887,5.149215,3.483085,
5.506147,4.976507,6.141903,3.002593,5.316162,4.933422,-0.556946,1.492803,5.370101,5.907357,3.595682,1.300733,4.080059,7.022974,3.071338,3.729192,2.298150,5.795663,3.075506,1.970331,3.509789,5.141190,3.469848,
5.502635,4.973436,6.151909,3.002621,5.320321,4.934763,-0.561823,1.497927,5.375311,5.900384,3.597956,1.300610,4.085580,7.018840,3.069315,3.728394,2.299424,5.806418,3.092985,1.964924,3.503732,5.133737,3.456275,
5.504694,4.971025,6.159206,3.004096,5.319974,4.940501,-0.565534,1.503655,5.378308,5.895595,3.602933,1.297555,4.093840,7.016249,3.066835,3.727249,2.300364,5.817046,3.106135,1.961283,3.498731,5.128658,3.444713,
5.512685,4.970424,6.167134,3.006143,5.320417,4.948308,-0.568328,1.509728,5.379988,5.890615,3.604295,1.299118,4.100322,7.010741,3.063717,3.725197,2.302895,5.825161,3.117442,1.958498,3.493210,5.123693,3.432938,
5.526184,4.977285,6.174138,3.007578,5.315147,4.955878,-0.568742,1.514455,5.379285,5.885762,3.607487,1.297922,4.105799,7.008583,3.062543,3.720487,2.304315,5.830767,3.129073,1.954598,3.485896,5.118918,3.422838,
5.539778,4.983624,6.184324,3.009387,5.314662,4.967198,-0.569343,1.520790,5.375932,5.881345,3.612324,1.301204,4.111753,6.999833,3.059857,3.717129,2.305348,5.830781,3.137323,1.951379,3.478404,5.112208,3.412170,
5.552815,4.987953,6.194775,3.007137,5.316205,4.974912,-0.570670,1.528629,5.374318,5.878865,3.617437,1.303289,4.118825,6.990356,3.056297,3.714223,2.306392,5.830064,3.144645,1.947786,3.471941,5.105472,3.403730,
5.566844,4.991584,6.203549,3.005627,5.318386,4.981136,-0.574003,1.536196,5.372806,5.877153,3.621208,1.307518,4.127798,6.982589,3.050388,3.713858,2.307207,5.827961,3.151304,1.945154,3.466933,5.099041,3.396794,
5.580782,4.992925,6.212811,3.000483,5.319027,4.985605,-0.578961,1.547201,5.372825,5.875022,3.624711,1.317848,4.134675,6.980923,3.044736,3.714227,2.306056,5.829569,3.157043,1.943931,3.463513,5.091492,3.389094,
5.595343,4.992530,6.220806,2.997312,5.319537,4.991618,-0.585702,1.556378,5.374074,5.874045,3.626321,1.322949,4.141724,6.979882,3.038441,3.711915,2.302603,5.832632,3.163781,1.942409,3.458850,5.084030,3.380371,
5.609130,4.991131,6.224517,2.991440,5.318595,4.991729,-0.592005,1.565527,5.381074,5.879247,3.626241,1.327502,4.150437,6.984392,3.029282,3.711645,2.295113,5.837569,3.166394,1.942036,3.457385,5.078248,3.374601,
5.624138,4.989872,6.223445,2.979264,5.317394,4.991007,-0.600397,1.576408,5.389126,5.882679,3.626853,1.330242,4.157125,6.988060,3.019429,3.711248,2.286188,5.844048,3.165970,1.943801,3.458188,5.069916,3.369542,
5.640557,4.990763,6.218289,2.967763,5.313918,4.988370,-0.605013,1.588747,5.397687,5.887261,3.625695,1.333209,4.164264,6.995347,3.008871,3.709695,2.276828,5.850949,3.162029,1.945996,3.458492,5.063631,3.366289,
5.658339,4.994333,6.212645,2.955986,5.309937,4.986175,-0.609730,1.598750,5.405593,5.890770,3.626654,1.333588,4.166337,7.002706,2.997878,3.710924,2.267465,5.855191,3.157952,1.948155,3.459528,5.058319,3.363393,
5.674084,4.997035,6.205760,2.942760,5.305078,4.981836,-0.613110,1.611024,5.414161,5.895615,3.626576,1.333851,4.168156,7.011947,2.985540,3.712647,2.258361,5.860084,3.154207,1.950342,3.461558,5.053683,3.361755,
5.689609,4.999385,6.197486,2.928506,5.297586,4.974693,-0.614195,1.625445,5.426432,5.901997,3.624013,1.338352,4.168714,7.025110,2.972043,3.712549,2.246954,5.864899,3.144525,1.955168,3.465719,5.048745,3.362991,
5.706503,5.000859,6.190005,2.913789,5.294511,4.966463,-0.615337,1.639320,5.438616,5.907564,3.620952,1.340451,4.168995,7.035028,2.959393,3.713432,2.233931,5.870897,3.133372,1.961151,3.471075,5.046238,3.360062,
5.726707,5.002171,6.180497,2.900178,5.288616,4.956927,-0.616536,1.654393,5.451380,5.914830,3.617120,1.342439,4.172610,7.048051,2.945788,3.716422,2.221537,5.878262,3.121498,1.967957,3.478320,5.044719,3.358835,
5.743139,4.999571,6.176981,2.883775,5.282817,4.949505,-0.616275,1.666863,5.463760,5.921661,3.612125,1.346932,4.177086,7.055988,2.933729,3.717788,2.210472,5.887328,3.111201,1.974074,3.483938,5.041918,3.359353,
5.763043,4.995392,6.178972,2.866476,5.274522,4.938637,-0.613518,1.677432,5.475307,5.928979,3.606416,1.352227,4.179345,7.061349,2.923879,3.716677,2.201158,5.898763,3.103348,1.979684,3.489031,5.039366,3.358360,
5.785306,4.997949,6.182018,2.851691,5.267492,4.929643,-0.610431,1.688437,5.483592,5.934805,3.601581,1.357314,4.175377,7.065337,2.915480,3.715938,2.193256,5.909296,3.098286,1.984120,3.492645,5.036768,3.357769,
5.810954,5.004200,6.186758,2.840031,5.261078,4.921450,-0.605925,1.701092,5.488721,5.940145,3.596567,1.363596,4.166201,7.065803,2.907363,3.715291,2.186791,5.917831,3.095118,1.988003,3.495439,5.035361,3.357400,
5.836317,5.008207,6.194561,2.826976,5.254350,4.916168,-0.602390,1.711232,5.491872,5.945145,3.589704,1.373601,4.156174,7.062086,2.898868,3.715489,2.182431,5.927064,3.093865,1.992876,3.497647,5.033003,3.356030,
5.860820,5.012145,6.200602,2.815429,5.250191,4.911132,-0.600844,1.720988,5.493402,5.949414,3.582753,1.383568,4.147003,7.060330,2.889300,3.716888,2.177514,5.935673,3.100673,1.995354,3.497096,5.030080,3.354439,
5.884016,5.016247,6.208368,2.801057,5.246585,4.904435,-0.603642,1.730015,5.494795,5.954294,3.576199,1.392368,4.139614,7.059124,2.881527,3.724321,2.172181,5.944812,3.105828,1.997755,3.495939,5.027378,3.352711,
5.903098,5.016504,6.213145,2.788053,5.241732,4.899712,-0.609275,1.742248,5.495044,5.959979,3.568292,1.402641,4.133022,7.057627,2.875454,3.733536,2.168002,5.954528,3.110253,2.002386,3.496012,5.024922,3.353255,
5.914978,5.014787,6.217901,2.774720,5.232050,4.891235,-0.616383,1.753445,5.497530,5.964396,3.561928,1.414091,4.124962,7.064475,2.870326,3.745171,2.164360,5.962814,3.115226,2.009035,3.498347,5.022941,3.356039,
5.929857,5.007124,6.219097,2.761663,5.226650,4.886720,-0.619243,1.756307,5.498780,5.966389,3.558554,1.432099,4.114658,7.071499,2.864847,3.752695,2.160880,5.965919,3.119910,2.013566,3.497646,5.021514,3.357864,
5.941701,5.006505,6.219180,2.750567,5.218878,4.885159,-0.622332,1.760075,5.499232,5.965874,3.554865,1.448854,4.100971,7.078594,2.857869,3.760346,2.159515,5.967971,3.124952,2.016038,3.494625,5.020989,3.361676,
5.957041,5.013563,6.221893,2.739255,5.209370,4.882684,-0.621426,1.766499,5.497945,5.963830,3.549584,1.463308,4.081922,7.085055,2.849454,3.765010,2.159707,5.971775,3.132157,2.015462,3.489606,5.018605,3.363957,
5.967671,5.016442,6.227960,2.726197,5.194996,4.880147,-0.620269,1.772858,5.497137,5.960624,3.543949,1.475556,4.067573,7.091130,2.841922,3.766445,2.160010,5.977086,3.138873,2.014899,3.484953,5.016233,3.364821,
5.976266,5.011290,6.234013,2.714831,5.185113,4.884264,-0.622311,1.778329,5.495375,5.954631,3.537725,1.486421,4.057057,7.097184,2.829831,3.767863,2.159629,5.984890,3.143531,2.013695,3.477007,5.012562,3.364020,
5.984854,5.011011,6.241466,2.698971,5.172258,4.888001,-0.626106,1.787716,5.491546,5.949345,3.532582,1.497951,4.041972,7.106518,2.819425,3.769551,2.160683,5.992067,3.145031,2.013340,3.469909,5.008816,3.364357,
5.989020,5.010115,6.253815,2.681509,5.155958,4.891482,-0.626825,1.797469,5.488892,5.943982,3.525335,1.508596,4.031458,7.107878,2.810598,3.768475,2.161399,6.000149,3.146779,2.012274,3.462069,5.006085,3.363996,
5.988395,5.007977,6.264250,2.665784,5.144498,4.893878,-0.625617,1.807091,5.486695,5.938859,3.522410,1.515730,4.022246,7.108789,2.802076,3.764348,2.161138,5.999924,3.149875,2.011804,3.456567,5.003482,3.364628,
5.984801,4.998607,6.273450,2.650411,5.134793,4.898677,-0.624050,1.814214,5.483595,5.935433,3.519212,1.520251,4.019467,7.109936,2.792243,3.760249,2.161616,5.997793,3.152368,2.012557,3.451830,5.001996,3.367737,
5.977795,4.985259,6.281671,2.636558,5.126664,4.901611,-0.622475,1.821389,5.481657,5.932502,3.515231,1.526105,4.017904,7.112696,2.787009,3.756227,2.162201,5.997624,3.154726,2.011737,3.447885,5.000874,3.369667,
5.975135,4.973696,6.282060,2.626573,5.117038,4.906038,-0.627995,1.821917,5.481337,5.929277,3.512492,1.531597,4.012417,7.122346,2.780427,3.757530,2.162426,5.996083,3.154159,2.015364,3.445882,5.002014,3.372737,
5.966174,4.968732,6.274808,2.618671,5.105195,4.910782,-0.633973,1.820710,5.481197,5.927773,3.510880,1.537982,4.004141,7.137130,2.776440,3.759418,2.163260,5.994476,3.147534,2.021984,3.446226,5.005384,3.372877,
5.958490,4.963006,6.267624,2.609023,5.092303,4.915115,-0.641274,1.819091,5.480313,5.926002,3.507794,1.540572,3.998170,7.151412,2.772969,3.762853,2.163671,5.994067,3.141063,2.028203,3.444531,5.008329,3.370797,
5.947094,4.961697,6.261739,2.600957,5.080941,4.917555,-0.643322,1.819035,5.478570,5.924576,3.506484,1.542875,3.988287,7.166146,2.768596,3.762026,2.164683,5.994812,3.134511,2.034087,3.443449,5.010840,3.369016,
5.935592,4.955387,6.256864,2.594658,5.073994,4.920794,-0.647273,1.816533,5.472740,5.926168,3.505652,1.547194,3.986397,7.177550,2.763924,3.756930,2.168237,5.999768,3.130043,2.037956,3.438047,5.015540,3.370931,
5.929231,4.951488,6.251446,2.589077,5.066764,4.921092,-0.657416,1.816022,5.468591,5.929836,3.504121,1.552181,3.985224,7.190225,2.759800,3.757456,2.171012,6.004116,3.125658,2.043309,3.434121,5.021650,3.375497,
5.922253,4.953456,6.245166,2.585444,5.059235,4.919177,-0.668288,1.816337,5.465022,5.931507,3.503655,1.554098,3.978163,7.204036,2.759211,3.757291,2.174190,6.006674,3.120266,2.043005,3.425428,5.023945,3.379180,
5.910990,4.956384,6.241406,2.584633,5.048844,4.916602,-0.677879,1.818935,5.460588,5.932412,3.503892,1.559096,3.972425,7.213741,2.758450,3.758741,2.178066,6.007669,3.116581,2.042764,3.416583,5.025917,3.381207,
5.901706,4.961753,6.238044,2.585752,5.038467,4.912184,-0.688982,1.819668,5.455770,5.934933,3.502882,1.565944,3.966375,7.223772,2.754065,3.762052,2.181739,6.009152,3.117044,2.042145,3.407706,5.028529,3.385579,
5.892478,4.966051,6.230322,2.588425,5.025099,4.908061,-0.700368,1.819925,5.454402,5.937069,3.500882,1.571655,3.963823,7.236921,2.747794,3.764873,2.183011,6.012775,3.121607,2.040947,3.400447,5.031266,3.390292,
5.883141,4.964754,6.229568,2.590324,5.014263,4.907493,-0.712411,1.821338,5.452836,5.937266,3.494726,1.579164,3.964419,7.246974,2.742837,3.770201,2.184973,6.018936,3.130191,2.039484,3.389178,5.031687,3.393643,
5.875282,4.958179,6.225720,2.591400,4.999488,4.907907,-0.721740,1.825060,5.452717,5.936149,3.478414,1.585507,3.970113,7.258768,2.741451,3.774176,2.183572,6.034744,3.136591,2.040464,3.378006,5.031477,3.395360,
5.868744,4.948073,6.226629,2.592007,4.984487,4.911319,-0.729548,1.826356,5.450307,5.933585,3.456847,1.592652,3.979501,7.264768,2.737013,3.774392,2.181605,6.061359,3.136635,2.042616,3.365135,5.030327,3.392621,
5.856184,4.935471,6.230076,2.592371,4.964191,4.911365,-0.734674,1.831689,5.447414,5.931852,3.439639,1.602141,3.990980,7.269141,2.738703,3.772372,2.178435,6.078076,3.138231,2.044014,3.352649,5.027354,3.389160,
5.845480,4.919431,6.236093,2.594102,4.950157,4.911658,-0.740953,1.835955,5.443472,5.931899,3.425730,1.617197,4.004794,7.269760,2.739433,3.771321,2.175233,6.087455,3.141700,2.044521,3.339494,5.025170,3.387098,
5.834540,4.901253,6.237688,2.597542,4.941616,4.909857,-0.748833,1.838519,5.442764,5.932007,3.414759,1.632988,4.023075,7.273464,2.740658,3.772253,2.171558,6.092954,3.142076,2.046103,3.328577,5.024257,3.385800,
5.825453,4.880215,6.240360,2.599262,4.937585,4.914706,-0.753458,1.843546,5.440727,5.932862,3.396226,1.651935,4.043850,7.278373,2.739832,3.771342,2.169257,6.104484,3.140427,2.048057,3.316673,5.020356,3.385759,
5.812710,4.861790,6.242657,2.599153,4.934154,4.919057,-0.756839,1.849709,5.439750,5.933062,3.383025,1.666485,4.060983,7.285792,2.738847,3.771479,2.168105,6.109852,3.137959,2.051064,3.308430,5.016640,3.383851,
5.805062,4.848777,6.233016,2.598968,4.929651,4.925301,-0.760150,1.853417,5.438829,5.929307,3.371245,1.689879,4.077973,7.301240,2.735977,3.772318,2.171947,6.115503,3.138457,2.055638,3.290496,5.010742,3.380740,
5.796600,4.837684,6.219475,2.595991,4.925876,4.928635,-0.764444,1.855932,5.436926,5.927335,3.367911,1.725811,4.093298,7.312155,2.734083,3.774246,2.175460,6.114753,3.136193,2.059237,3.276787,5.005234,3.371746,
5.791888,4.829473,6.209882,2.593639,4.921748,4.930090,-0.768053,1.859693,5.435466,5.925795,3.368333,1.757362,4.106831,7.318092,2.734437,3.777104,2.177551,6.110377,3.133899,2.062942,3.265398,4.999629,3.361399,
5.785118,4.821818,6.199927,2.592506,4.917932,4.928135,-0.772682,1.864694,5.436416,5.926587,3.369331,1.782492,4.120885,7.319446,2.735855,3.780928,2.177226,6.105102,3.135338,2.065163,3.256656,4.993980,3.351987,
5.779408,4.815620,6.187917,2.590690,4.913696,4.927120,-0.775624,1.871348,5.436927,5.926677,3.370624,1.805872,4.129684,7.322760,2.736566,3.782738,2.176734,6.100104,3.135860,2.068202,3.247996,4.989616,3.342857,
5.777776,4.811737,6.179130,2.589921,4.909597,4.928066,-0.779092,1.877521,5.436680,5.926945,3.374409,1.828059,4.135777,7.326243,2.737019,3.784583,2.177529,6.093926,3.135952,2.073280,3.242041,4.985862,3.334857,
5.780869,4.808901,6.171335,2.589078,4.903478,4.928504,-0.781767,1.883962,5.436603,5.927430,3.378360,1.849912,4.141495,7.328752,2.736968,3.785953,2.177834,6.087428,3.138895,2.078947,3.239671,4.983258,3.325459,
5.782918,4.811486,6.169954,2.586393,4.897768,4.926408,-0.783893,1.891791,5.438233,5.928409,3.381995,1.870311,4.144166,7.326388,2.740698,3.789508,2.178719,6.077987,3.144190,2.085628,3.238142,4.981245,3.316479,
5.786134,4.817867,6.168788,2.585399,4.894317,4.924399,-0.783725,1.898770,5.436642,5.929835,3.385326,1.887205,4.142747,7.321931,2.744142,3.791682,2.181695,6.070008,3.149726,2.094280,3.237440,4.979347,3.309174,
5.786655,4.819088,6.171536,2.580246,4.891073,4.922508,-0.785081,1.904753,5.433654,5.929560,3.389886,1.903140,4.140902,7.318059,2.747759,3.794156,2.182322,6.060073,3.153795,2.106529,3.238229,4.977590,3.304319,
5.781977,4.816694,6.171044,2.576111,4.890229,4.922139,-0.790197,1.909705,5.433610,5.929144,3.400739,1.916908,4.141284,7.315544,2.750560,3.801800,2.180989,6.043604,3.158831,2.118520,3.238483,4.975810,3.298645,
5.780211,4.812547,6.172044,2.572434,4.888187,4.920451,-0.793703,1.914309,5.435158,5.927980,3.411307,1.930716,4.140485,7.311816,2.754170,3.807914,2.181298,6.027898,3.162914,2.129301,3.242836,4.975775,3.294409,
5.779305,4.814491,6.169466,2.569487,4.884492,4.919890,-0.797192,1.919393,5.434569,5.930611,3.422203,1.943482,4.138887,7.308152,2.761956,3.812266,2.182290,6.012428,3.163701,2.141915,3.248715,4.976655,3.292198,
5.777829,4.817521,6.168065,2.569593,4.881198,4.921252,-0.801912,1.924290,5.436052,5.932551,3.434999,1.955357,4.134316,7.304336,2.766845,3.817987,2.182552,5.996784,3.163796,2.155918,3.251449,4.977809,3.293136,
5.772442,4.823088,6.161287,2.568738,4.876764,4.916543,-0.806337,1.927015,5.441293,5.932422,3.447976,1.966664,4.126024,7.305968,2.764139,3.821764,2.182215,5.980620,3.165666,2.166766,3.250602,4.978002,3.295337,
5.768541,4.824599,6.156001,2.566610,4.869548,4.909005,-0.809948,1.931401,5.449160,5.930605,3.459163,1.977856,4.118324,7.302842,2.757344,3.828886,2.176531,5.966287,3.172383,2.177703,3.252186,4.979792,3.293911,
5.765565,4.828123,6.153524,2.564149,4.860978,4.902033,-0.813310,1.937538,5.457747,5.926580,3.466808,1.988161,4.109083,7.295662,2.752507,3.835327,2.172106,5.952104,3.179477,2.188415,3.254742,4.980366,3.295617,
5.762179,4.829872,6.156678,2.563543,4.855521,4.894715,-0.815966,1.946443,5.465304,5.921704,3.475402,1.997334,4.101959,7.284272,2.746049,3.841941,2.168152,5.937942,3.186730,2.196199,3.259392,4.979949,3.295159,
5.761549,4.836576,6.157222,2.562556,4.845858,4.882761,-0.818969,1.955972,5.468603,5.916847,3.484322,2.007247,4.090930,7.278586,2.738542,3.848671,2.166968,5.923744,3.190551,2.206076,3.258751,4.981087,3.294503,
5.769382,4.845250,6.164630,2.562308,4.836917,4.873558,-0.819225,1.963357,5.466786,5.913960,3.491949,2.013221,4.076272,7.269827,2.732424,3.857396,2.165764,5.910725,3.200686,2.221329,3.263542,4.980471,3.294966,
5.777357,4.852077,6.172065,2.562335,4.829621,4.864424,-0.817372,1.972221,5.465585,5.912421,3.496112,2.019014,4.063171,7.263206,2.732176,3.864122,2.165212,5.900682,3.207032,2.233553,3.274075,4.981517,3.298213,
5.788557,4.860662,6.177216,2.558593,4.822865,4.854364,-0.814213,1.980689,5.464020,5.911628,3.497578,2.024241,4.048457,7.259435,2.738002,3.869153,2.164281,5.893187,3.214819,2.245281,3.288404,4.983497,3.302793,
5.797489,4.869529,6.181566,2.552577,4.823105,4.847492,-0.808013,1.988283,5.458379,5.909660,3.499389,2.028213,4.031710,7.256233,2.742212,3.873456,2.164929,5.884633,3.223319,2.260445,3.296690,4.982835,3.304714,
5.805366,4.878458,6.189389,2.546637,4.824256,4.840309,-0.799253,1.999130,5.453241,5.908637,3.502072,2.031287,4.015952,7.250762,2.744498,3.876010,2.164901,5.875993,3.234469,2.274266,3.309391,4.982636,3.304782,
5.812757,4.888956,6.199853,2.540653,4.819929,4.829846,-0.788892,2.013784,5.449200,5.910331,3.502048,2.035613,4.002533,7.244483,2.751942,3.877080,2.165026,5.868175,3.243685,2.287355,3.327554,4.981189,3.305095,
5.817136,4.894841,6.205583,2.535521,4.817019,4.821861,-0.777597,2.029461,5.442416,5.912666,3.507687,2.034888,3.994019,7.243124,2.758923,3.875227,2.165233,5.855966,3.251449,2.299121,3.340173,4.979769,3.301102,
5.825049,4.899682,6.207270,2.532301,4.813664,4.811603,-0.766695,2.045437,5.436473,5.915257,3.511922,2.034236,3.990576,7.246365,2.765534,3.873289,2.164610,5.845119,3.258937,2.308332,3.350990,4.977401,3.296484,
5.842244,4.898947,6.200164,2.534172,4.815773,4.803295,-0.757266,2.065455,5.424927,5.918387,3.516824,2.033213,3.986270,7.251815,2.766747,3.863551,2.164744,5.840680,3.260665,2.317582,3.353925,4.974306,3.289972,
5.856798,4.899267,6.193051,2.533425,4.815239,4.794964,-0.755311,2.085312,5.415757,5.918687,3.522178,2.032406,3.982287,7.259173,2.776678,3.859230,2.164640,5.835692,3.260654,2.320331,3.354406,4.972262,3.284048,
5.870714,4.895923,6.187049,2.529220,4.812630,4.787068,-0.761208,2.102675,5.406325,5.917822,3.527971,2.031597,3.970752,7.269381,2.785858,3.861467,2.166371,5.830247,3.257124,2.320628,3.349394,4.968123,3.280519,
5.885752,4.893585,6.179852,2.525857,4.811592,4.779575,-0.764842,2.119938,5.397182,5.916927,3.530416,2.030192,3.962184,7.280091,2.795869,3.861477,2.167843,5.828872,3.245942,2.325851,3.348129,4.963594,3.274931,
5.900028,4.891143,6.174275,2.523018,4.808838,4.771999,-0.765205,2.137153,5.387999,5.915144,3.531547,2.028970,3.957035,7.288562,2.803536,3.859897,2.170217,5.828229,3.234880,2.330749,3.340523,4.959064,3.268808,
5.910132,4.890637,6.164782,2.518161,4.804093,4.763381,-0.759847,2.154742,5.382532,5.913175,3.535822,2.034722,3.952425,7.295107,2.807667,3.855431,2.170223,5.831546,3.225525,2.331344,3.335818,4.954918,3.266852,
5.914543,4.894944,6.157995,2.511569,4.793619,4.755189,-0.756623,2.171128,5.376602,5.908712,3.540122,2.038742,3.950316,7.298992,2.808218,3.851939,2.172162,5.834944,3.218177,2.333279,3.326994,4.949806,3.261652,
5.914105,4.899510,6.155150,2.509002,4.779951,4.743102,-0.756313,2.186338,5.376110,5.907468,3.542995,2.042231,3.955896,7.301016,2.803171,3.851898,2.174346,5.838407,3.213618,2.328651,3.324635,4.946101,3.254035,
5.913928,4.904891,6.152699,2.509149,4.768932,4.730041,-0.755766,2.199002,5.376392,5.907859,3.547447,2.043322,3.964425,7.302412,2.798927,3.851498,2.176420,5.840390,3.210341,2.323805,3.326283,4.942246,3.242402,
5.911081,4.908990,6.171121,2.515566,4.755898,4.713275,-0.743413,2.220127,5.382179,5.913213,3.547641,2.043978,3.985692,7.287634,2.800422,3.842225,2.173571,5.845756,3.220716,2.309298,3.339784,4.937730,3.230664,
5.910893,4.910639,6.195678,2.522511,4.742638,4.695000,-0.732278,2.242072,5.385280,5.920004,3.546481,2.044117,4.006505,7.267577,2.801335,3.833695,2.170258,5.851488,3.235172,2.294455,3.353415,4.933073,3.219156,
5.915630,4.915464,6.221006,2.529200,4.726559,4.677036,-0.724375,2.259147,5.387802,5.925607,3.544387,2.044634,4.025024,7.245720,2.798688,3.829313,2.169106,5.857609,3.249605,2.278619,3.364521,4.928854,3.205631,
5.923619,4.921491,6.241960,2.537354,4.707534,4.660871,-0.719944,2.272548,5.390891,5.930370,3.541814,2.044470,4.041344,7.225308,2.797270,3.827110,2.166467,5.863799,3.259082,2.265196,3.375854,4.922918,3.197595,
5.933425,4.927199,6.264603,2.544573,4.693601,4.648302,-0.716201,2.289380,5.384705,5.936482,3.537849,2.044084,4.060576,7.209490,2.798663,3.820181,2.167343,5.870180,3.259843,2.257357,3.380195,4.918031,3.191989,
5.943561,4.935472,6.282099,2.552127,4.679909,4.637480,-0.716504,2.304642,5.381070,5.941643,3.532439,2.043300,4.075277,7.197273,2.802244,3.815887,2.167212,5.876970,3.257327,2.251905,3.385166,4.910873,3.193312,
5.960567,4.948355,6.300207,2.557729,4.671331,4.629670,-0.710730,2.321128,5.376389,5.945342,3.527909,2.042557,4.083157,7.186835,2.804002,3.808635,2.165086,5.883354,3.248030,2.251755,3.390645,4.904048,3.193067,
5.974940,4.964743,6.309912,2.564899,4.659922,4.622982,-0.705339,2.333242,5.374613,5.946506,3.523765,2.042372,4.089859,7.182765,2.799948,3.804205,2.163572,5.889435,3.234047,2.253503,3.394284,4.898690,3.194070,
5.993558,4.978255,6.310056,2.570503,4.652662,4.619205,-0.701371,2.346391,5.374880,5.945337,3.520530,2.041736,4.092616,7.187134,2.799772,3.800248,2.160388,5.894671,3.212939,2.255509,3.397478,4.894261,3.196844,
6.002587,4.991224,6.306946,2.570953,4.648355,4.619755,-0.690525,2.359743,5.375742,5.940440,3.514450,2.040416,4.098045,7.190952,2.799877,3.799241,2.153959,5.901207,3.189415,2.258888,3.395465,4.887406,3.197160,
6.009787,5.005751,6.301509,2.569461,4.646140,4.618218,-0.676570,2.370684,5.375968,5.933801,3.508898,2.039881,4.100690,7.197566,2.797150,3.796249,2.148176,5.907274,3.165721,2.264089,3.390396,4.880280,3.199947,
6.012019,5.018830,6.291961,2.571543,4.649636,4.616565,-0.669190,2.382194,5.380131,5.925204,3.504171,2.039999,4.101352,7.206242,2.794647,3.790210,2.139946,5.913057,3.139299,2.266929,3.380898,4.870487,3.205878,
6.011832,5.025090,6.281578,2.571575,4.656028,4.621431,-0.667182,2.394760,5.386851,5.915151,3.500334,2.039432,4.097339,7.218389,2.795066,3.788257,2.131353,5.917465,3.111191,2.267406,3.371960,4.860809,3.207264,
6.018687,5.019377,6.266642,2.574558,4.663521,4.636552,-0.667845,2.406123,5.387913,5.903334,3.497816,2.039547,4.098425,7.230916,2.798762,3.788055,2.116697,5.920004,3.092670,2.276207,3.353598,4.858354,3.200455,
6.019964,5.012893,6.260241,2.578098,4.669083,4.649563,-0.672660,2.419888,5.393040,5.893422,3.494239,2.040149,4.099098,7.237483,2.802246,3.791878,2.102422,5.922949,3.079843,2.281296,3.341926,4.854564,3.196736,
6.019782,5.008494,6.255540,2.583543,4.674819,4.661464,-0.678486,2.433591,5.398352,5.886356,3.490837,2.040759,4.096585,7.241537,2.802945,3.795477,2.090507,5.925744,3.068517,2.286242,3.336801,4.850355,3.196399,
6.014722,5.005888,6.255750,2.592625,4.689381,4.671435,-0.679897,2.443371,5.408147,5.880704,3.486352,2.040921,4.092656,7.243431,2.797849,3.797962,2.080872,5.929384,3.061016,2.290259,3.339984,4.844450,3.202577,
6.011805,5.008426,6.256826,2.599263,4.701161,4.678368,-0.680430,2.452935,5.414131,5.875546,3.482222,2.041535,4.081436,7.245815,2.792151,3.799116,2.073980,5.932575,3.058331,2.292379,3.339180,4.837679,3.210354,
6.009160,5.013562,6.259772,2.607778,4.714893,4.685256,-0.682438,2.461742,5.411862,5.870818,3.481523,2.041661,4.066499,7.246652,2.781810,3.802850,2.070537,5.933185,3.061037,2.295213,3.330839,4.829396,3.220648,
6.005585,5.018855,6.271435,2.614906,4.731383,4.694551,-0.689824,2.473252,5.405230,5.866534,3.481728,2.041571,4.049988,7.240156,2.763105,3.811770,2.067938,5.932987,3.066933,2.302114,3.319918,4.820840,3.225258,
6.002466,5.028963,6.290325,2.616187,4.752215,4.703994,-0.690482,2.484649,5.395439,5.862625,3.482626,2.041322,4.027871,7.228790,2.736115,3.815067,2.067312,5.931462,3.076485,2.313450,3.306185,4.811699,3.229781,
5.996143,5.033778,6.308211,2.616677,4.769352,4.711046,-0.698028,2.495446,5.386392,5.859036,3.484013,2.041018,4.008845,7.218148,2.711953,3.824459,2.068895,5.929498,3.091739,2.319594,3.291619,4.804228,3.233281,
5.984115,5.036907,6.327010,2.613147,4.781667,4.709916,-0.703095,2.507914,5.377318,5.858678,3.484426,2.040021,3.989478,7.200423,2.696554,3.827063,2.071937,5.929570,3.100066,2.328532,3.286663,4.800029,3.234011,
5.970065,5.036900,6.343667,2.609346,4.789820,4.707101,-0.703507,2.519120,5.371017,5.860058,3.485259,2.038974,3.977613,7.185484,2.686004,3.826582,2.075210,5.929887,3.106011,2.335852,3.287834,4.798394,3.232135,
5.950902,5.034392,6.358246,2.609863,4.792084,4.698530,-0.698170,2.534925,5.375206,5.864531,3.486565,2.038140,3.974804,7.175176,2.680493,3.822786,2.076457,5.929903,3.109289,2.332269,3.295824,4.796962,3.228970,
5.929320,5.033358,6.370975,2.608485,4.794167,4.686758,-0.693189,2.550332,5.383160,5.869799,3.487211,2.036013,3.973737,7.168034,2.675178,3.820050,2.077701,5.928814,3.109563,2.325095,3.307634,4.796163,3.225320,
5.899842,5.029867,6.381453,2.606693,4.794443,4.670709,-0.683851,2.563394,5.398832,5.876194,3.488011,2.034456,3.977576,7.165267,2.673174,3.816350,2.079355,5.927893,3.107915,2.313815,3.325893,4.796815,3.220240,
5.865114,5.021546,6.391673,2.603068,4.794834,4.653762,-0.670212,2.577697,5.414439,5.882567,3.489016,2.033197,3.981516,7.161753,2.674364,3.807882,2.079970,5.926759,3.107116,2.297450,3.345699,4.796758,3.216948,
5.825145,5.006864,6.399872,2.591635,4.789790,4.632567,-0.656934,2.592907,5.431891,5.891989,3.489160,2.033030,3.990929,7.167008,2.683241,3.801095,2.078151,5.926200,3.100071,2.283650,3.370774,4.795176,3.217929,
5.796053,4.993698,6.405013,2.585063,4.783028,4.611634,-0.647954,2.603901,5.447573,5.901056,3.488860,2.033139,3.996575,7.175342,2.693615,3.799140,2.077096,5.925698,3.093558,2.272228,3.396141,4.794096,3.219790,
5.783929,4.987466,6.404900,2.576928,4.779851,4.591961,-0.641537,2.611852,5.459231,5.907097,3.487622,2.033610,3.995713,7.188452,2.699703,3.800189,2.077233,5.925967,3.094585,2.258987,3.415731,4.792070,3.223039,
5.779169,4.985078,6.405684,2.566722,4.777372,4.572147,-0.638815,2.615945,5.467805,5.911188,3.485612,2.035521,3.992474,7.200750,2.700817,3.803788,2.079456,5.927683,3.095232,2.250755,3.431660,4.791294,3.225799,
5.781955,4.985946,6.408205,2.559220,4.775983,4.550141,-0.632908,2.615572,5.472176,5.911425,3.487075,2.037146,3.987305,7.207080,2.691168,3.802856,2.085145,5.927350,3.094950,2.241167,3.440928,4.788779,3.224434,
5.784125,4.990238,6.414316,2.555160,4.779369,4.535111,-0.625247,2.611171,5.475172,5.912705,3.488840,2.038477,3.978230,7.213339,2.691467,3.802739,2.091035,5.926609,3.096303,2.235599,3.452244,4.786666,3.224579,
