-0.000001,-0.000008,-0.000040,-0.000020,-0.000307,0.000086,-0.000522,0.000363,0.004548,-0.004524,0.000724,0.000010,0.000005,0.000028,-0.000094,-0.000563,-0.003830,-0.000694,-0.000036,0.001006,0.000388,-0.001136,0.000014,
-0.000002,-0.000025,-0.000019,-0.000023,-0.000990,0.001018,-0.000391,0.000290,-0.009913,0.019644,0.002341,0.000034,0.000023,-0.000084,-0.001150,-0.000425,0.011959,-0.002289,0.000068,0.001245,0.001039,0.011775,0.005165,
-0.000001,-0.000019,-0.000033,-0.000031,-0.000727,0.001175,-0.000230,0.000066,-0.002216,0.014827,0.000673,-0.000054,0.000019,-0.000092,-0.001288,-0.000299,0.007238,-0.000767,0.000077,0.000716,0.000734,0.014313,0.002252,
-0.000002,-0.000030,0.000117,0.000015,-0.000127,0.000227,-0.000065,-0.000012,0.002209,-0.003246,0.000518,0.000041,0.000031,-0.000155,-0.000229,-0.000117,-0.003554,-0.000456,0.000144,0.000770,0.000499,-0.001063,-0.000368,
-0.000001,-0.000009,-0.000004,0.000014,0.000615,-0.000653,-0.000162,0.000114,0.014396,-0.034929,-0.001841,-0.000035,0.000008,-0.000004,0.000775,-0.000200,-0.026706,0.001764,0.000004,0.000141,-0.000155,-0.022920,-0.005533,
-0.000000,-0.000019,0.000100,0.000019,-0.000290,0.000631,0.000022,-0.000060,-0.003922,0.013268,0.002640,-0.000003,0.000020,-0.000133,-0.000686,-0.000036,0.009280,-0.002449,0.000120,0.000393,0.000380,0.011223,-0.000141,
0.000000,-0.000015,0.000165,0.000032,-0.000407,0.000877,-0.000018,-0.000038,-0.005689,0.017921,0.002470,-0.000026,0.000018,-0.000192,-0.000901,-0.000101,0.011489,-0.002245,0.000180,0.000615,0.000625,0.015035,0.000110,
0.000001,0.000003,0.000060,0.000009,-0.000100,0.000212,0.000026,-0.000002,-0.002682,0.005067,-0.000404,-0.000009,-0.000002,-0.000069,-0.000223,-0.000001,0.002715,0.000429,0.000059,0.000230,0.000155,0.002185,-0.000406,
0.000000,0.000001,0.000034,0.000006,-0.000141,0.000245,0.000081,-0.000049,-0.013479,0.022066,-0.005418,-0.000005,-0.000000,-0.000025,-0.000237,0.000072,0.017638,0.004883,0.000009,0.000128,0.000053,0.005576,0.000470,
0.000001,0.000012,0.000062,0.000010,-0.000124,0.000168,0.000122,-0.000080,0.005510,-0.007015,0.004805,-0.000010,-0.000010,-0.000002,-0.000131,0.000114,-0.007626,-0.004345,0.000004,0.000074,0.000142,0.002683,0.000360,
0.000000,0.000009,0.000011,0.000011,-0.000078,0.000129,0.000002,-0.000003,-0.010947,0.017307,-0.005959,-0.000008,-0.000009,-0.000025,-0.000165,0.000003,0.012595,0.005654,-0.000005,0.000101,-0.000091,0.003268,0.000266,
0.000001,0.000018,0.000221,0.000030,-0.000078,0.000131,0.000007,0.000025,-0.002742,0.006593,-0.000539,-0.000010,-0.000016,-0.000072,-0.000158,0.000049,0.004302,0.000702,0.000064,0.000112,-0.000012,0.004700,0.001648,
-0.000000,-0.000002,0.000075,0.000012,0.000084,-0.000208,0.000073,-0.000032,0.005709,-0.012984,0.003692,-0.000012,0.000000,0.000015,0.000221,0.000116,-0.008914,-0.003240,-0.000013,-0.000056,-0.000132,-0.003794,0.001683,
0.000001,0.000019,0.000082,0.000016,-0.000259,0.000385,0.000266,-0.000190,-0.015299,0.034681,-0.004853,-0.000025,-0.000019,-0.000027,-0.000528,0.000299,0.024209,0.004608,0.000012,0.000236,-0.000210,0.016823,0.003411,
0.000001,0.000024,0.000251,0.000014,-0.000029,-0.000037,0.000149,-0.000061,0.006630,-0.010979,0.007688,-0.000003,-0.000021,-0.000015,0.000018,0.000202,-0.008042,-0.006994,0.000012,-0.000007,-0.000100,0.001988,0.003087,
0.000000,0.000012,0.000230,0.000008,0.000094,-0.000355,0.000078,0.000023,0.011157,-0.034332,0.004442,-0.000006,-0.000012,0.000035,0.000352,0.000211,-0.023113,-0.004023,-0.000023,-0.000108,-0.000151,-0.015092,0.007013,
0.000001,0.000035,0.000221,-0.000001,0.000075,-0.000362,0.000107,-0.000008,0.026308,-0.071035,0.010518,0.000002,-0.000032,0.000031,0.000381,0.000245,-0.048487,-0.009258,-0.000027,-0.000147,-0.000093,-0.029640,0.014554,
0.000000,0.000000,0.000002,-0.000000,0.000001,-0.000002,0.000001,0.000000,0.005068,-0.021203,0.004271,-0.000004,-0.000000,-0.000000,0.000002,0.000001,-0.013756,-0.004826,0.000000,-0.000001,-0.000001,-0.011204,0.005629,
-0.000000,-0.000012,-0.000094,0.000003,-0.000025,0.000102,-0.000056,0.000024,0.008326,-0.020178,0.003312,0.000034,0.000011,-0.000006,-0.000112,-0.000089,-0.012620,-0.003162,0.000005,0.000025,0.000011,-0.009171,0.003992,
-0.000005,-0.000070,-0.000060,0.000017,0.000162,-0.000753,-0.000135,0.000188,-0.047877,0.092115,-0.024021,0.000138,0.000054,0.000003,0.000298,-0.000115,0.066854,0.024033,0.000149,0.000156,-0.000135,0.026747,-0.005591,
-0.000001,-0.000029,-0.000405,0.000041,-0.000051,0.000282,-0.000160,0.000011,0.021692,-0.038566,0.010037,0.000045,0.000028,-0.000005,-0.000262,-0.000322,-0.027843,-0.009084,-0.000004,0.000167,0.000156,-0.007955,0.005940,
-0.000002,-0.000047,-0.000570,0.000051,-0.000032,0.000180,-0.000354,0.000216,0.008246,-0.014462,0.007505,-0.000006,0.000044,-0.000013,-0.000187,-0.000456,-0.008996,-0.006928,0.000003,0.000010,0.000132,-0.004214,0.003823,
-0.000004,-0.000107,-0.000635,0.000076,-0.000132,0.000523,-0.000262,0.000099,0.001451,-0.013269,0.001467,0.000071,0.000097,-0.000129,-0.000643,-0.000501,-0.010121,-0.000614,0.000123,0.000134,-0.000076,-0.012626,0.006625,
-0.000002,-0.000063,-0.000777,0.000109,-0.000073,0.000515,-0.000163,-0.000016,0.008037,-0.017832,0.002815,0.000049,0.000059,-0.000110,-0.000557,-0.000443,-0.012235,-0.002405,0.000077,0.000079,0.000017,-0.009607,0.005701,
-0.000004,-0.000153,-0.000487,0.000117,0.000604,-0.001248,0.000122,-0.000190,-0.006006,0.022699,0.002354,-0.000032,0.000134,-0.000126,0.001333,-0.000198,0.014044,-0.002282,0.000270,-0.000011,0.000218,0.017439,0.000347,
-0.000001,-0.000058,-0.000117,0.000029,0.000177,-0.000609,-0.000424,0.000331,-0.037881,0.053553,-0.012600,0.000327,0.000041,-0.000149,0.000467,-0.000342,0.038588,0.011786,0.000030,-0.000380,0.000198,0.008705,-0.002079,
0.000000,-0.000019,-0.001359,0.000342,0.000348,-0.000882,0.000094,-0.000166,-0.004909,0.015092,-0.002146,0.000135,0.000017,-0.000247,0.001102,-0.000079,0.011748,0.001914,0.000281,-0.000768,0.000517,0.012069,-0.003270,
0.000001,-0.000049,-0.000854,0.000279,0.000034,0.000740,-0.000681,0.000197,0.006431,-0.015440,0.003665,-0.000014,0.000046,0.000072,-0.000629,-0.001234,-0.011551,-0.003549,-0.000019,0.000138,0.000246,-0.008774,0.008611,
-0.000002,0.000041,-0.001355,0.000360,0.001047,-0.001659,-0.000347,0.000136,-0.027685,0.053857,-0.011191,0.000324,-0.000013,-0.000206,0.002229,-0.000566,0.038196,0.010100,0.000165,-0.001113,0.000750,0.020306,-0.003341,
0.000014,-0.000300,-0.000465,0.000194,0.002119,-0.004289,0.000118,0.000018,-0.024649,0.070105,0.000013,-0.000060,0.000239,-0.000042,0.004378,0.000230,0.047404,0.000231,0.000554,0.000444,0.000148,0.043594,-0.008139,
0.000003,-0.000010,-0.000601,0.000346,0.000091,0.000403,-0.000958,0.000425,-0.000875,-0.000539,-0.000897,0.000066,0.000001,0.000262,-0.000263,-0.001373,0.000651,0.000790,-0.000197,-0.000219,0.000518,-0.003373,0.004516,
-0.000007,0.000150,-0.001081,0.000341,0.000379,-0.000710,-0.000586,0.000177,-0.000430,0.006756,0.006064,-0.000101,-0.000143,0.000099,0.001086,-0.000937,0.004522,-0.004980,0.000221,-0.000356,0.000794,0.005990,0.000842,
-0.000011,0.000185,-0.000895,0.000400,0.000042,0.000632,-0.000111,-0.000087,0.003187,-0.006074,-0.000007,0.000083,-0.000171,-0.000074,-0.000536,-0.000709,-0.006074,-0.000524,0.000048,-0.000133,0.000334,-0.005213,0.005564,
0.000005,0.000010,-0.000493,0.000425,-0.000080,0.001251,-0.000248,-0.000078,0.012302,-0.022690,0.002764,0.000030,-0.000016,0.000548,-0.001083,-0.001073,-0.013633,-0.002616,-0.000520,0.000745,0.000658,-0.010198,0.007326,
0.000003,0.000050,-0.000667,0.000419,0.000347,0.000175,-0.000194,-0.000010,0.002193,0.000272,0.002558,-0.000029,-0.000042,0.000263,0.000098,-0.000771,-0.000672,-0.002415,-0.000147,0.000451,0.000344,0.000262,0.004726,
-0.000028,0.000484,-0.000924,0.000797,0.000016,0.001619,0.000602,-0.000565,0.008708,-0.015302,-0.002249,0.000135,-0.000459,0.000111,-0.001151,-0.000927,-0.011989,0.001700,-0.000242,0.000558,0.000987,-0.011568,0.010149,
-0.000001,0.000288,-0.001143,0.001076,-0.000450,0.003815,-0.000039,-0.000373,0.040409,-0.080754,0.010612,-0.000099,-0.000350,0.000871,-0.003339,-0.002330,-0.058450,-0.009563,-0.000990,0.001969,0.002010,-0.033809,0.028650,
-0.000006,0.000130,0.000245,-0.000018,0.000223,0.000364,-0.000122,-0.000076,0.000169,0.002516,0.000307,0.000037,-0.000108,0.000296,-0.000013,-0.000755,0.001147,-0.000262,-0.000368,-0.000192,0.000327,-0.000635,0.003179,
-0.000001,0.000139,-0.000261,0.000604,0.000003,0.001946,0.000255,-0.000383,0.018133,-0.032031,0.003598,-0.000024,-0.000164,0.000546,-0.001465,-0.001545,-0.024715,-0.003294,-0.000742,0.000815,0.001154,-0.017306,0.018260,
0.000011,-0.000197,-0.000021,0.000359,0.000210,0.001578,-0.000252,-0.000105,0.012585,-0.024143,0.000658,-0.000011,0.000151,0.001253,-0.001188,-0.001454,-0.020452,-0.000466,-0.000945,0.000786,0.000400,-0.014674,0.015596,
0.000001,-0.000028,-0.001818,0.000341,0.000654,-0.000707,0.000351,-0.000214,-0.006495,0.020718,-0.001510,0.000056,0.000037,-0.000518,0.001046,-0.000529,0.011498,0.001347,0.000673,0.001002,-0.001071,0.005612,0.001657,
0.000000,0.000070,0.001391,-0.000136,0.000257,0.001775,0.000832,-0.000335,0.015747,-0.022232,-0.002412,0.000138,-0.000094,0.000205,-0.001124,-0.000619,-0.017270,0.001801,-0.000574,-0.000074,0.000790,-0.016693,0.011154,
0.000003,-0.000201,-0.000127,0.000010,0.000161,-0.000722,0.001184,-0.000348,-0.005027,0.010416,-0.001253,0.000046,0.000171,0.000289,0.000682,0.000178,0.007466,0.000905,0.000034,-0.000084,-0.000526,0.002516,-0.000675,
-0.000002,0.000252,0.000021,0.000190,0.000847,-0.001686,-0.000198,0.000044,-0.015149,0.036038,-0.007969,0.000414,-0.000087,-0.000078,0.002631,-0.000444,0.022515,0.006980,-0.000016,-0.001595,0.000598,0.012417,-0.003810,
-0.000000,0.000126,-0.004268,0.000774,0.000584,-0.000334,0.000024,-0.000096,0.015810,-0.015336,-0.001915,0.000082,-0.000080,-0.002195,0.001042,-0.000968,-0.015563,0.001783,0.002412,-0.002327,0.000155,-0.008679,0.012495,
-0.000002,-0.000375,0.001585,-0.000178,0.000618,-0.000780,-0.000015,-0.000058,0.011423,-0.007293,0.000298,0.000002,0.000348,0.001331,0.001312,-0.000858,-0.010421,-0.000186,-0.001017,-0.001710,-0.000288,-0.001856,0.009393,
0.000000,0.000013,-0.003360,0.000710,0.000208,-0.000821,-0.000392,0.000066,-0.002176,0.007802,-0.000270,0.000116,0.000059,-0.002481,0.001401,-0.000383,0.000764,0.000240,0.002259,-0.001526,0.002667,0.002689,0.006627,
0.000002,0.000236,-0.002483,0.000506,0.000958,0.000457,0.000952,-0.000127,0.009408,-0.003240,-0.003272,0.000126,-0.000032,-0.002015,0.001211,-0.000125,-0.007144,0.002736,0.001925,-0.001613,-0.000036,-0.005011,0.009648,
-0.000011,-0.001322,0.001552,-0.000440,-0.000589,-0.004667,-0.000243,0.000031,-0.034161,0.058670,-0.009390,0.000496,0.000311,0.001229,0.002484,0.000025,0.043702,0.006547,0.001136,-0.000047,-0.001280,0.021993,-0.018318,
0.000000,0.000090,-0.004141,0.000811,0.000469,0.000863,0.002969,-0.000204,0.001065,0.003462,-0.005552,0.000207,0.000161,-0.002203,0.000188,0.001232,0.000807,0.004317,0.002183,-0.001022,0.000293,-0.004116,0.002201,
0.000002,-0.000579,-0.001179,0.000462,0.000415,0.001483,0.002730,-0.000164,0.014081,-0.015446,-0.005709,0.000198,0.000514,-0.000211,-0.000406,0.000992,-0.015516,0.004396,0.001493,0.000177,0.000554,-0.013337,0.008615,
0.000020,-0.001157,0.001887,0.000892,0.000821,0.002202,0.005089,-0.000195,0.028967,-0.025021,-0.004342,0.000127,0.000797,0.002862,-0.001127,0.002457,-0.029451,0.003508,-0.002010,0.001366,0.000433,-0.019788,0.027995,
0.000065,-0.002065,-0.000061,-0.000405,-0.000542,-0.001833,0.002954,-0.000119,-0.014305,0.036415,-0.003726,0.000067,0.001598,0.000917,0.001313,0.001612,0.033792,0.002914,0.000168,0.001908,0.000543,0.032702,-0.027864,
0.000026,-0.000256,-0.002426,0.000642,0.000131,0.000419,0.006768,-0.000300,0.002320,0.006751,-0.005071,0.000098,0.000065,-0.001490,-0.000153,0.003675,-0.001015,0.003391,0.002829,0.001310,-0.002041,-0.000281,0.007999,
-0.000106,0.001277,-0.004586,-0.001095,-0.001078,-0.002559,0.010549,-0.000605,-0.028844,0.073173,-0.002479,0.000029,-0.000836,-0.003883,0.001366,0.006115,0.054497,0.001882,0.003463,0.005257,-0.011268,0.055836,-0.025081,
-0.000069,0.000821,-0.001898,0.000325,0.000237,-0.000185,0.002583,-0.000215,-0.016790,0.027916,-0.001485,0.000005,-0.000366,-0.001633,0.000479,0.001310,0.011117,0.001122,0.000014,0.002236,-0.005149,0.007183,0.010215,
-0.000145,0.002183,-0.000968,0.000624,0.000612,0.001826,-0.002255,0.000163,0.016738,-0.009290,-0.008737,-0.000038,-0.001948,0.000568,-0.001593,-0.001770,-0.015413,0.005852,-0.000656,0.001405,-0.000105,-0.013109,0.020316,
-0.000041,0.001707,0.009623,0.000235,0.001103,0.006143,-0.008828,0.000784,0.055806,-0.064675,-0.005971,-0.000072,-0.001984,0.010849,-0.004991,-0.007281,-0.063369,0.004126,-0.011504,0.004701,0.003805,-0.050146,0.048637,
-0.000196,0.002873,-0.005505,0.001262,0.000963,0.000079,0.002371,-0.000285,0.002657,0.018294,-0.007535,-0.000213,-0.002351,-0.003496,0.000421,0.001251,0.007019,0.004250,0.003039,0.000618,-0.003168,0.005125,0.008717,
-0.000049,0.001152,0.006032,-0.000074,0.000908,0.002771,-0.006284,0.000621,0.023618,-0.022149,-0.006230,-0.000300,-0.001026,0.006760,-0.002018,-0.005559,-0.028639,0.003415,-0.007228,0.001638,0.001016,-0.029198,0.029781,
0.000025,-0.000158,0.004982,0.000142,0.000859,0.001996,-0.009672,0.000882,0.024339,-0.026575,-0.003034,-0.000192,-0.000194,0.005777,-0.001467,-0.007405,-0.036417,0.001193,-0.005033,0.000990,-0.000199,-0.032108,0.039150,
-0.000007,0.000381,-0.006814,0.000386,0.000464,-0.000964,-0.000454,0.000028,0.003950,0.005759,-0.002953,-0.000207,-0.000320,-0.006229,0.001004,-0.000418,0.003109,0.001312,0.005960,-0.000453,-0.000642,0.003678,-0.000089,
-0.000001,0.000194,-0.017519,0.000942,0.000586,-0.003057,-0.002663,0.000217,-0.006974,0.024136,-0.004439,-0.000343,-0.000024,-0.016223,0.003411,-0.001574,0.019228,0.001948,0.015946,-0.002656,0.001798,0.017011,-0.015400,
-0.000027,-0.002294,-0.003762,0.002437,0.001218,-0.001172,-0.003896,0.000259,0.032933,-0.021115,-0.007511,-0.000638,0.001631,-0.001386,0.001895,-0.002681,-0.027203,0.003822,0.001643,-0.000837,0.001828,-0.019782,0.019693,
0.000003,-0.000098,-0.005197,0.001564,0.001513,-0.004434,-0.004165,0.000234,0.004754,0.020761,-0.007763,-0.000726,0.000521,-0.002146,0.004918,-0.002694,0.009351,0.004432,0.002221,-0.001707,-0.002006,0.005072,0.004832,
-0.000151,-0.004823,-0.005283,-0.003988,0.005644,-0.018957,-0.005851,0.000173,-0.051562,0.132216,-0.011986,-0.001683,0.002324,-0.014217,0.016340,-0.001171,0.093567,0.006339,0.009844,0.012428,-0.052405,0.087090,0.015080,
0.000001,-0.000207,-0.007741,0.000380,0.000817,-0.002914,-0.000169,0.000012,0.008207,0.006985,-0.004549,-0.000623,0.000575,-0.006443,0.003213,0.000342,0.001533,0.002051,0.006587,-0.001355,0.003028,-0.000861,-0.003636,
0.000000,-0.000137,-0.006334,0.000937,0.000601,-0.002917,0.001102,-0.000001,0.004306,0.006877,0.002594,0.000214,0.000443,-0.003772,0.002654,0.001350,0.000522,-0.002375,0.003449,-0.000776,0.000396,0.002025,0.004170,
-0.000004,-0.000427,-0.010856,-0.001015,0.000398,-0.002757,0.003421,0.000025,0.014302,0.001381,-0.004395,-0.000821,0.000460,-0.010351,0.002466,0.002414,-0.000763,0.001946,0.010214,0.000167,0.004145,0.002239,-0.008298,
-0.000012,-0.001724,0.024656,-0.000804,0.000381,0.010929,-0.013512,-0.000242,0.050459,-0.048150,-0.004356,-0.000817,0.001049,0.026027,-0.010818,-0.006015,-0.060602,0.001022,-0.027811,0.013177,0.009498,-0.054109,0.056220,
0.000005,-0.001375,0.025734,-0.001021,0.000191,0.013251,-0.004812,-0.000182,0.044187,-0.048093,-0.003849,-0.000776,0.000663,0.026628,-0.013131,-0.001388,-0.052668,0.001785,-0.027389,0.013275,0.010885,-0.042086,0.029404,
-0.000074,0.004523,0.000465,-0.002556,0.002803,-0.017853,0.008994,0.000399,0.002414,0.063319,-0.001248,-0.001151,-0.002082,-0.005944,0.017709,0.005190,0.035755,-0.002900,0.001738,0.015262,-0.041178,0.038435,0.031665,
0.000008,-0.000245,0.013398,-0.000924,0.000100,0.007849,-0.000277,-0.000115,0.041306,-0.034597,-0.004980,-0.001011,-0.000142,0.014219,-0.007845,0.001984,-0.042834,0.002046,-0.015137,0.009864,0.009915,-0.032992,0.027310,
-0.000021,0.001074,0.005640,-0.000749,0.000161,0.003581,-0.000932,-0.000094,0.012546,-0.009114,0.007438,0.000909,-0.000416,0.006478,-0.002870,0.000445,-0.012857,-0.007072,-0.005887,0.003413,0.002280,-0.008693,0.003966,
0.000017,-0.000558,0.009194,0.001009,-0.000203,0.006532,-0.001993,-0.000227,0.042483,-0.032859,0.002140,0.000028,-0.000161,0.011018,-0.006532,0.001282,-0.041318,-0.004303,-0.010715,0.007856,0.010231,-0.029293,0.020125,
-0.000009,0.000554,-0.006684,-0.000874,-0.000237,0.001664,0.011055,0.000602,0.023118,-0.006849,-0.002064,-0.000768,-0.000537,-0.006410,-0.001607,0.006500,-0.010199,0.000956,0.006280,0.002096,0.005454,-0.002901,0.001207,
-0.000035,0.001789,-0.031175,0.000500,-0.000056,-0.008083,0.014472,0.000758,-0.014898,0.024473,-0.002704,-0.000110,-0.000769,-0.030645,0.007976,0.006527,0.033172,0.003108,0.030290,-0.006164,0.006677,0.032624,-0.036440,
-0.000032,0.002182,-0.013239,-0.001130,-0.000285,-0.001709,0.007506,0.000285,0.012766,-0.001874,0.003742,0.001192,-0.000982,-0.012559,0.001822,0.003612,-0.002127,-0.002738,0.008837,-0.001081,0.003094,0.011137,-0.008638,
0.000005,-0.000703,-0.016596,0.001886,-0.000613,-0.006044,0.011015,0.000265,-0.003188,0.014926,0.004736,0.000615,0.000091,-0.016206,0.005834,0.005465,0.017596,-0.004648,0.016703,-0.004756,0.005669,0.018022,-0.021074,
0.000000,0.000212,-0.042522,0.002106,-0.000447,-0.007508,0.017012,0.000092,0.003139,0.014787,-0.001733,0.000698,-0.000065,-0.041933,0.007321,0.007224,0.018249,0.001748,0.041590,-0.007397,0.011515,0.031646,-0.038329,
-0.000024,-0.003017,0.008993,0.000287,-0.001062,0.001765,0.009887,-0.000196,0.031452,-0.024213,0.000358,-0.001162,0.001192,0.009153,-0.001458,0.003907,-0.028555,-0.001483,-0.010257,0.003439,0.005575,-0.007899,-0.021044,
0.000014,0.001427,-0.057966,0.000777,-0.001347,-0.019678,0.003863,-0.000182,-0.001693,0.023435,-0.001906,-0.000036,-0.000251,-0.056270,0.019771,0.001698,0.023690,0.001466,0.056369,-0.016478,0.014260,0.030250,-0.032532,
0.000000,-0.000025,-0.003335,-0.001072,-0.001115,-0.002115,0.002515,-0.000225,0.012113,-0.003981,0.003343,0.000768,0.000192,-0.002649,0.002223,0.000062,-0.005544,-0.003262,0.002067,0.000474,0.007042,0.001492,-0.012865,
-0.000000,-0.000056,0.001940,0.000739,-0.001708,-0.004949,0.002817,-0.000282,0.002746,0.008924,0.015700,0.000988,0.000139,0.002707,0.005120,0.000981,0.006634,-0.014519,-0.005026,-0.000530,-0.003385,0.007091,0.004866,
-0.000017,-0.001273,0.041550,-0.002545,-0.000992,0.007432,-0.014110,0.001512,0.020205,-0.026825,0.008629,0.000711,0.000627,0.041930,-0.007010,-0.008664,-0.030223,-0.008914,-0.042937,0.013051,0.006494,-0.027740,0.006479,
0.000010,0.000749,0.012874,0.002385,-0.001173,-0.004451,-0.000044,-0.000015,0.009807,-0.005002,0.003177,-0.000032,0.000047,0.015362,0.004666,-0.000777,-0.007633,-0.003151,-0.019278,0.003637,0.004707,-0.004184,-0.004077,
-0.000025,-0.002527,0.042272,-0.001082,-0.000391,0.009612,-0.005055,0.000518,0.016289,-0.029265,-0.002072,-0.000089,0.000729,0.043723,-0.009450,-0.004649,-0.031909,0.001694,-0.042878,0.011320,0.003076,-0.024227,0.012867,
0.000001,0.000216,0.029832,0.000817,-0.000825,-0.002763,0.001933,-0.000391,0.008425,0.005925,-0.010362,-0.001210,-0.000002,0.032329,0.002901,-0.000710,0.003157,0.008057,-0.034108,0.004693,0.002035,-0.003149,0.001276,
0.000002,0.002596,0.017194,0.000477,-0.001062,-0.002291,-0.002840,0.000305,0.011217,-0.007272,0.005065,0.000185,-0.000637,0.017036,0.002421,-0.002707,-0.010482,-0.005202,-0.022738,0.005648,-0.000720,-0.005695,0.011152,
-0.000001,0.000804,0.006365,0.003857,-0.000584,-0.000955,0.001314,-0.000185,0.002913,0.002407,-0.000494,0.000041,-0.000105,0.006858,0.000933,-0.000475,0.001175,0.000049,-0.014508,0.000571,-0.004128,0.002901,0.006568,
-0.000003,0.002056,0.017190,-0.000170,-0.000862,-0.000807,-0.006811,0.000816,0.016471,-0.014934,-0.003893,-0.000331,-0.000520,0.018386,0.000925,-0.005190,-0.018742,0.002628,-0.023322,0.005932,0.003431,-0.010234,0.006529,
0.000001,0.004011,-0.002105,-0.001442,-0.000739,-0.014108,-0.002024,0.000238,0.001811,0.027979,0.006732,0.000344,-0.000934,-0.001071,0.014154,-0.001459,0.025466,-0.006968,-0.006921,-0.001545,-0.006091,0.021182,0.009142,
0.000027,0.004631,-0.011237,0.002221,0.000055,-0.012409,-0.001520,0.000179,0.002524,0.014358,-0.001421,-0.000254,-0.000637,-0.014049,0.012541,-0.000384,0.011037,0.000188,-0.001602,-0.003716,-0.014413,0.014149,0.020440,
0.000011,0.000831,0.010979,-0.001781,-0.000337,-0.010384,-0.001932,0.000194,0.005661,0.015071,0.022001,0.001009,-0.000123,0.008685,0.010509,-0.000933,0.011965,-0.021392,-0.011557,0.007798,-0.033472,0.014539,0.021825,
-0.000038,-0.001939,-0.036192,0.002247,-0.000049,-0.004879,-0.002791,0.000114,0.000435,0.032217,-0.005155,0.000412,0.000883,-0.033861,0.004823,-0.001566,0.031153,0.004308,0.021488,-0.005122,-0.018596,0.034875,0.013413,
0.000045,0.001750,-0.045672,0.001053,-0.000286,-0.011364,-0.002047,0.000221,0.004595,0.008821,-0.011558,-0.000751,0.000233,-0.043951,0.011065,-0.000433,0.007815,0.009085,0.044484,-0.009448,-0.008593,0.024709,-0.011922,
-0.000050,-0.002067,-0.015897,-0.000268,0.000006,-0.001557,-0.000818,0.000066,0.006766,-0.004910,-0.009635,-0.000345,0.000929,-0.013629,0.001035,-0.000749,-0.005163,0.008751,0.015284,0.002376,0.003048,0.006459,-0.007830,
-0.000045,-0.002042,-0.018365,0.000259,0.000157,-0.003301,0.001514,-0.000151,0.000350,0.011126,0.002718,0.000020,0.000741,-0.018922,0.003238,0.000040,0.010773,-0.003083,0.017012,-0.002919,-0.004923,0.011227,0.000141,
-0.000074,-0.004308,0.010173,-0.000636,0.000863,0.013895,-0.009579,0.000796,0.006609,-0.012193,0.008791,0.000759,0.001229,0.010944,-0.013680,-0.003373,-0.014937,-0.008238,-0.014213,0.019989,0.019766,-0.015936,0.013603,
-0.000014,-0.001947,-0.005979,0.001298,0.000983,-0.000813,-0.002182,0.000166,0.007499,-0.001560,0.000249,-0.000030,0.000547,-0.007945,0.000792,-0.000839,-0.003156,-0.000879,-0.000571,0.007328,-0.004352,0.005825,0.005224,
-0.000018,0.003890,-0.010106,-0.001428,0.006922,-0.001663,-0.001129,0.000095,0.004111,0.020113,-0.022364,-0.000976,-0.000078,-0.018489,0.001791,-0.000399,0.017650,0.020402,-0.006556,-0.001559,-0.016491,0.021766,0.022187,
0.000078,-0.005239,0.029852,-0.001669,0.000628,0.025950,-0.003384,0.000163,0.018649,-0.043949,-0.009841,-0.000029,0.000846,0.030841,-0.025903,-0.001677,-0.045143,0.008757,-0.036373,0.027040,0.027169,-0.010721,0.009789,
0.000164,-0.005863,0.008021,-0.001851,0.000440,0.010714,-0.004950,0.000232,0.011188,-0.026197,-0.008723,-0.000281,0.000730,0.011164,-0.010597,-0.000885,-0.026383,0.008759,-0.010619,0.014712,0.015611,-0.001824,-0.003890,
0.000114,-0.002559,-0.009759,-0.001457,0.000261,0.002815,-0.000744,0.000022,0.006750,-0.001942,-0.009375,-0.000543,-0.000133,-0.009780,-0.002836,-0.000500,-0.002481,0.007522,0.006081,0.003896,0.004973,0.006343,-0.012384,
0.000161,-0.002758,-0.025796,-0.000417,-0.000063,-0.009657,0.001613,-0.000034,-0.001012,0.016723,0.004693,0.000158,-0.000364,-0.023052,0.009562,0.000195,0.016844,-0.004752,0.031295,-0.010130,-0.011077,0.017014,-0.001186,
0.000350,-0.005072,-0.008454,-0.005082,-0.000081,0.007604,-0.004188,0.000057,0.017522,-0.032845,-0.032752,-0.001559,-0.000320,-0.008485,-0.007577,-0.000512,-0.034878,0.028733,0.005905,0.012931,0.020531,0.006111,-0.034229,
0.000262,-0.003335,0.009126,-0.002776,-0.000491,0.007179,-0.006375,0.000031,0.008400,-0.019898,-0.003342,0.000301,-0.000187,0.009078,-0.007117,-0.000413,-0.020625,0.003440,-0.010283,0.011041,0.014640,-0.006428,-0.001980,
-0.000057,0.000994,-0.007973,0.002859,-0.001104,-0.004192,-0.005913,-0.000021,0.005659,-0.009898,-0.003417,-0.000725,-0.001460,-0.005907,0.003952,-0.000546,-0.011035,0.001612,0.010419,-0.001296,-0.000426,-0.000337,0.010503,
0.000077,-0.000655,-0.030770,0.011271,-0.000626,-0.008795,-0.003971,-0.000043,0.004447,-0.004846,-0.000062,-0.000084,-0.000950,-0.018626,0.008813,-0.001114,-0.005385,-0.001391,0.018822,-0.006843,0.000150,0.011537,-0.015354,
-0.000371,0.005490,-0.001759,-0.000322,-0.000737,-0.004707,0.001885,0.000040,-0.001619,-0.001386,0.019863,0.002375,-0.002226,-0.000587,0.004799,0.000239,-0.000471,-0.018808,-0.001703,-0.003828,-0.003233,0.002592,-0.001870,
0.000133,-0.002142,0.025415,-0.000635,-0.000886,0.004815,-0.000376,-0.000013,0.007789,-0.024877,0.003776,0.000845,0.000232,0.027940,-0.004740,0.000352,-0.025484,-0.004478,-0.027789,0.009217,0.010048,-0.006863,-0.012461,
0.000093,-0.001941,0.012669,-0.000941,-0.000587,0.001164,-0.000671,-0.000034,0.006509,-0.016808,0.003184,-0.000106,0.000418,0.017364,-0.001089,0.000703,-0.017276,-0.003815,-0.021197,0.004369,0.003662,-0.002272,0.004438,
0.000043,-0.000888,0.039627,-0.001087,-0.001335,0.005483,-0.003570,-0.000136,0.012819,-0.043705,0.007930,0.000216,-0.000205,0.041437,-0.005396,0.001071,-0.044932,-0.008576,-0.043043,0.010154,0.007681,-0.012899,0.003982,
-0.000047,0.001606,-0.003740,-0.002326,-0.000269,-0.002983,0.001042,0.000056,-0.000655,0.009117,0.006630,0.000976,-0.000589,-0.000086,0.002832,0.000018,0.010082,-0.006704,0.004802,-0.001896,-0.001375,0.013564,-0.014073,
-0.000029,0.001533,0.004589,-0.000851,-0.000290,-0.000175,0.002087,0.000087,0.000394,-0.008869,0.005854,0.001143,-0.000676,0.004834,0.000132,0.000846,-0.008650,-0.005466,-0.007002,-0.002268,0.001430,0.000528,0.005292,
0.000064,-0.007985,0.015166,-0.001857,-0.000169,0.000299,0.004456,0.000220,-0.001209,-0.008423,0.017599,0.001834,0.003539,0.023792,-0.000308,0.000469,-0.006888,-0.015873,-0.014108,0.004912,0.005964,0.001614,-0.011695,
-0.000003,0.000265,-0.024681,0.002344,-0.000200,-0.010465,0.001403,0.000077,-0.005008,0.010330,0.026444,0.002092,-0.000154,-0.014551,0.010556,-0.000150,0.011761,-0.023845,0.014061,-0.009603,0.001947,0.015817,-0.003021,
-0.000040,0.002994,0.001197,-0.001830,0.000164,-0.003268,-0.001042,-0.000046,0.005841,-0.012119,-0.007057,-0.000260,-0.001560,-0.006066,0.003346,-0.000007,-0.012553,0.006124,-0.007777,-0.002346,0.003818,0.012457,-0.008592,
0.000017,-0.001501,0.018793,0.000727,0.000692,-0.002879,-0.004117,-0.000209,0.012088,-0.043467,-0.017367,-0.000830,0.000614,0.017731,0.003004,0.000519,-0.044181,0.014865,-0.017495,0.001823,0.002959,0.008065,-0.025175,
-0.000002,0.000400,-0.031286,0.000829,-0.000951,-0.006328,0.002588,0.000127,-0.001783,0.012848,0.012776,0.001071,-0.000493,-0.030808,0.006189,-0.000249,0.012978,-0.010435,0.032891,-0.003647,0.009622,0.016959,-0.013860,
-0.000093,0.012098,-0.024096,-0.000678,-0.001391,-0.009324,0.001182,0.000061,-0.005474,0.026950,0.017883,0.001271,-0.005498,-0.024895,0.009086,-0.000018,0.027321,-0.016676,0.021432,-0.007718,-0.003913,0.015401,0.014311,
0.000072,0.007412,-0.026525,0.001004,-0.000109,-0.004961,-0.000973,-0.000048,-0.002651,0.016553,0.009331,0.000716,-0.003538,-0.023814,0.004920,0.000142,0.017086,-0.007799,0.001660,-0.005102,-0.008384,0.020277,0.019439,
-0.000053,-0.001810,0.026093,-0.001800,0.000784,-0.001549,0.003100,0.000163,0.009301,-0.036207,-0.010785,-0.000459,0.001234,0.024765,0.001629,0.000714,-0.036917,0.008500,-0.027888,0.005992,0.011823,0.001277,-0.025612,
-0.000027,-0.000660,-0.001132,0.004257,0.000323,-0.001635,0.000935,0.000059,-0.002344,0.012228,0.002813,0.000210,0.000556,0.001621,0.001651,-0.000146,0.012591,-0.002059,-0.004068,-0.002090,-0.004535,0.011261,0.023255,
0.000246,0.003188,-0.011324,-0.000694,0.000900,-0.005460,0.000894,0.000045,-0.001489,0.000773,-0.003179,0.000025,-0.000796,-0.004296,0.005648,0.000155,0.001304,0.003905,0.005931,-0.000192,-0.000526,0.008169,0.009474,
0.000028,0.000055,-0.010081,0.002087,-0.004181,-0.009514,0.000700,0.000040,-0.008920,0.029629,0.009892,0.000679,0.000596,-0.007197,0.008499,-0.000088,0.029997,-0.007051,0.012284,-0.007082,-0.007760,-0.004177,0.041171,
-0.000640,-0.006566,0.028519,-0.000797,0.000936,0.002263,0.001504,0.000082,0.002362,-0.011743,-0.006590,-0.000201,0.003054,0.029561,-0.002156,-0.000085,-0.011807,0.005621,-0.034148,0.007652,0.004957,0.004673,-0.014849,
-0.000254,-0.002474,0.034319,-0.001657,0.000590,0.003428,-0.001204,-0.000047,0.002157,-0.024234,-0.003180,-0.000094,0.001069,0.029258,-0.003385,0.000308,-0.024253,0.002308,-0.032509,0.005541,0.007647,-0.012046,0.006206,
-0.000225,-0.002918,0.017840,0.012656,0.001411,0.001159,0.000653,0.000061,0.003522,-0.009501,-0.008946,-0.000183,0.002424,0.016181,-0.001090,-0.000672,-0.009585,0.006951,-0.009978,0.006500,0.010133,0.014496,0.015318,
-0.000405,-0.004453,0.004817,-0.001528,-0.001445,0.001305,0.001816,0.000087,-0.008972,0.027516,0.016935,0.000697,0.002263,0.004092,-0.001765,-0.000120,0.027903,-0.012594,-0.003564,0.002650,0.006092,-0.013710,0.004513,
-0.000048,-0.001115,-0.008912,-0.000770,0.000572,-0.000368,0.001426,0.000078,-0.001725,0.004701,0.000352,0.000094,0.001636,-0.004797,0.000404,-0.000172,0.004772,0.000486,0.005515,0.001395,0.001188,0.004600,0.000466,
-0.000194,-0.003067,-0.024917,0.002763,-0.001998,-0.002635,0.001562,0.000084,-0.010185,0.035849,0.019655,0.000677,0.001779,-0.021101,0.002193,-0.000461,0.036577,-0.012918,0.025145,-0.002392,0.000999,-0.001293,0.002584,
0.000358,0.006360,-0.022682,-0.002007,0.001536,0.000607,0.000329,0.000020,0.002803,-0.005925,-0.011302,-0.000223,-0.001503,-0.021817,-0.000472,0.000026,-0.006063,0.008600,0.013797,0.002168,0.000387,0.016790,-0.003847,
-0.000271,-0.006383,0.016393,0.000298,-0.000361,-0.001120,0.001576,0.000085,-0.000540,0.024450,-0.003745,-0.000093,0.001889,0.017467,0.001067,-0.000409,0.024467,0.003352,-0.019201,-0.000796,-0.000745,0.016929,-0.005529,
-0.000046,-0.001822,-0.015730,-0.002404,-0.003463,-0.006920,0.000959,0.000052,-0.017215,0.057158,0.030207,0.000501,0.000703,-0.020901,0.005749,-0.000083,0.057544,-0.022217,0.023509,-0.006256,-0.007363,-0.026236,0.037688,
0.000029,0.002954,-0.018887,0.000116,0.000160,0.002245,-0.000097,-0.000004,-0.002585,0.023311,-0.000267,0.000010,-0.000760,-0.015242,-0.002222,-0.000223,0.023583,0.000403,0.023679,-0.004097,-0.007532,0.014449,0.008234,
-0.000029,0.008797,-0.039330,-0.005521,0.000949,0.006470,-0.002140,-0.000057,-0.001939,0.024848,-0.013815,-0.000013,-0.001277,-0.036711,-0.006605,-0.001909,0.025066,0.009656,0.022332,-0.005810,-0.009698,0.023586,0.039402,
0.000055,-0.004934,0.029262,-0.000825,0.001369,0.004372,-0.000467,-0.000024,-0.005739,0.010929,0.009794,-0.000024,0.001691,0.028259,-0.004270,0.000077,0.011245,-0.005925,-0.029148,0.004413,0.008644,-0.023249,0.015338,
-0.000056,0.002379,0.005210,-0.002416,0.001624,0.003108,-0.000051,0.000003,0.002256,-0.010657,-0.007431,0.000053,-0.000504,0.004939,-0.003013,0.000097,-0.010635,0.005992,-0.009980,0.004388,-0.001138,0.010561,-0.002366,
0.000048,-0.001511,0.045087,-0.002442,0.003370,0.007156,-0.000285,-0.000009,0.004385,-0.033785,-0.010195,0.000115,0.000541,0.041826,-0.006912,0.000015,-0.033990,0.007227,-0.051672,0.009380,0.012554,-0.013759,0.012225,
0.000109,-0.002501,0.028098,0.001463,0.003371,0.008617,-0.000089,-0.000006,0.007681,-0.040891,-0.022829,0.000265,0.000442,0.028894,-0.008446,0.000246,-0.040878,0.016933,-0.032280,0.012357,0.016240,0.000566,-0.019304,
0.000053,-0.000899,-0.009603,0.000103,0.000602,0.000474,0.000311,0.000022,0.002076,-0.010431,-0.006896,0.000053,-0.000143,-0.001860,-0.000484,0.000145,-0.010285,0.005536,0.004721,-0.000257,-0.004332,0.011472,-0.003307,
0.000067,-0.001041,0.000391,-0.000945,0.000276,0.002182,-0.000856,-0.000060,-0.001117,0.008239,0.005538,-0.000036,-0.000054,-0.003363,-0.002269,0.000109,0.008347,-0.004943,0.002265,0.003968,0.007226,0.002221,-0.012755,
-0.000156,0.002419,-0.017318,0.002698,0.000405,-0.002770,-0.000118,-0.000006,0.003961,-0.016541,-0.005029,0.000018,-0.001334,-0.017121,0.002823,-0.000110,-0.016641,0.003004,0.019463,-0.003140,-0.007033,0.007678,-0.001172,
0.000148,-0.001898,-0.015345,0.003650,0.000545,0.003791,0.000223,0.000011,-0.000387,0.008001,0.000863,0.000000,-0.000053,-0.015464,-0.003725,-0.000164,0.008191,0.000353,0.011177,0.002709,0.003019,0.012567,-0.014550,
0.000056,-0.000656,0.015632,-0.001931,-0.000025,-0.000743,-0.000647,-0.000047,0.003291,-0.023506,-0.008422,-0.000012,-0.000191,0.012095,0.000715,0.000178,-0.023601,0.007590,-0.017538,-0.000027,0.002648,-0.000461,-0.006562,
0.000137,-0.001680,0.006575,-0.001400,-0.000329,0.000398,-0.000042,0.000009,0.001875,-0.006391,-0.003037,-0.000013,0.000125,0.004024,-0.000391,-0.000117,-0.006353,0.002208,-0.005291,0.000825,0.001535,0.003479,-0.004130,
-0.000147,0.001967,0.012184,0.000247,-0.000126,-0.001246,-0.000396,-0.000030,0.002049,-0.018678,-0.003300,0.000036,-0.001031,0.008564,0.001290,0.000162,-0.018439,0.004519,-0.010919,0.000989,-0.000852,0.004781,-0.004077,
-0.000228,0.002903,-0.031115,-0.006485,-0.000887,0.011359,-0.002358,-0.000025,0.000340,0.008800,-0.006900,-0.000063,-0.001008,-0.026111,-0.011420,-0.001885,0.008779,0.005083,0.020507,-0.000663,-0.002970,0.016505,-0.000135,
-0.000087,0.001217,-0.000792,-0.001333,-0.001182,-0.002761,-0.000195,-0.000012,-0.003535,0.002818,0.003954,0.000239,-0.000327,-0.000885,0.002534,0.000065,0.003289,-0.000049,0.003171,-0.002290,-0.001408,-0.000498,-0.001010,
0.000133,-0.001589,0.002368,-0.000122,-0.001208,0.000182,0.000297,0.000050,-0.000986,0.006685,-0.002365,0.000136,-0.000749,0.003116,-0.000296,-0.000181,0.006619,0.003438,0.021120,0.000227,-0.002799,0.013173,0.011164,
-0.000043,0.000683,0.003598,-0.001681,-0.002347,-0.001616,0.000862,0.000081,-0.004576,0.015466,0.008233,0.000440,-0.000448,-0.002969,0.001265,-0.000190,0.015765,-0.003998,0.004047,-0.002469,-0.002959,-0.000318,0.006759,
0.000101,-0.001609,0.019562,0.000346,-0.003270,-0.005125,-0.000398,-0.000037,-0.000674,-0.011499,-0.005147,-0.000064,-0.000509,0.013120,0.004805,0.000281,-0.012397,0.005248,-0.015366,-0.003229,-0.002568,-0.002651,0.003231,
0.000083,-0.001479,0.025711,-0.000030,0.000038,-0.008299,-0.000808,-0.000073,0.005667,-0.032745,-0.007210,-0.000288,-0.000134,0.025284,0.008360,0.000540,-0.032830,0.004961,-0.027802,-0.005326,-0.005441,-0.001161,-0.005478,
0.000007,-0.000089,-0.023909,0.002638,-0.000494,-0.001153,-0.000386,-0.000029,-0.001861,0.010075,0.012967,0.000463,-0.000317,-0.023141,0.001136,-0.000172,0.010383,-0.010296,0.022019,-0.002054,-0.000589,0.008162,-0.015441,
-0.000056,0.001461,0.003798,-0.004068,-0.001045,-0.006543,0.001152,0.000124,0.000641,0.011349,0.009214,-0.000201,-0.000393,-0.001867,0.006441,0.000154,0.011277,-0.008579,-0.003142,-0.004015,-0.003800,-0.010906,0.007870,
-0.000025,0.000806,0.012500,-0.001692,-0.003477,-0.013514,0.002244,0.000225,-0.003897,0.001600,0.016791,0.001077,-0.000005,0.010509,0.013404,0.000383,0.001819,-0.009866,-0.007684,-0.011532,-0.013818,-0.008696,0.012600,
0.000103,-0.004310,-0.022181,-0.005034,-0.003791,-0.004122,0.000009,0.000008,-0.006918,0.031511,0.010072,0.000480,0.001538,-0.006992,0.003544,-0.000234,0.031826,-0.006522,0.015658,-0.005966,-0.010315,-0.004898,0.025085,
-0.000019,0.000893,-0.003595,-0.002878,-0.005260,-0.006755,-0.000617,-0.000044,-0.006206,0.016846,0.005012,0.000373,-0.000223,0.000530,0.004592,-0.000142,0.017214,-0.002442,0.006585,-0.004471,-0.012222,-0.003668,0.032347,
0.000047,-0.001960,0.014486,0.000173,0.001273,-0.005375,-0.000090,0.000006,-0.006144,-0.004224,0.012200,0.000541,0.000706,0.014543,0.005628,0.000414,-0.003941,-0.006404,-0.010173,-0.000354,0.001057,-0.017105,0.019966,
0.000040,-0.001981,0.025752,-0.000820,0.004254,0.002833,0.000857,0.000085,0.003050,-0.018178,-0.006985,-0.000151,0.000306,0.022954,-0.002468,0.000143,-0.018192,0.005555,-0.023370,0.006122,0.010463,0.001216,-0.011553,
-0.000094,0.004541,-0.000563,0.000951,0.006046,0.009907,-0.000094,0.000012,0.008247,-0.027696,-0.016601,-0.000612,-0.001301,-0.005211,-0.009177,-0.000156,-0.027786,0.010432,0.000315,0.008704,0.009879,0.017315,-0.032770,
-0.000061,0.003450,-0.004419,0.000914,0.004295,0.006963,-0.001164,-0.000079,0.005129,-0.020473,-0.010414,-0.000325,-0.000897,-0.005051,-0.006624,-0.000117,-0.020563,0.007105,0.000652,0.006646,0.007857,0.008249,-0.016487,
0.000077,-0.006076,-0.012447,0.002792,0.000844,-0.002268,0.000297,0.000045,0.001621,-0.004689,0.002144,-0.000127,0.001587,0.008110,0.002426,-0.000061,-0.004813,-0.003446,-0.002158,0.000260,-0.001746,0.005099,-0.011903,
0.000004,-0.000361,-0.030275,0.006154,-0.001344,-0.007220,-0.001561,0.000004,0.000910,-0.002636,-0.001817,-0.000186,0.000222,-0.012006,0.007227,-0.000946,-0.002672,0.000314,0.002691,-0.002275,-0.007504,0.007155,0.003706,
-0.000014,0.001086,0.014142,-0.000940,0.002971,0.006977,0.000879,0.000090,0.002859,-0.013187,-0.003607,-0.000046,-0.000282,0.009702,-0.006861,0.000033,-0.013210,0.003232,-0.013916,0.010548,0.014277,0.004309,-0.010605,
-0.000032,0.002542,0.001781,-0.002401,0.002194,0.005824,0.000851,0.000104,0.003344,-0.008380,-0.006508,-0.000272,-0.000581,-0.002380,-0.005481,-0.000500,-0.008269,0.004479,-0.002113,0.003816,0.007471,0.010579,-0.004857,
-0.000021,0.001961,0.019594,-0.000269,0.006992,0.007385,-0.002134,-0.000223,0.014728,-0.057721,-0.027405,-0.001279,-0.000490,0.019283,-0.006669,0.000911,-0.058358,0.015226,-0.022790,0.011822,0.015092,0.004481,-0.011807,
-0.000013,0.001753,0.014771,0.000375,0.001352,0.002365,-0.000767,-0.000068,0.001711,-0.001807,0.000771,-0.000023,-0.000222,0.006182,-0.002244,-0.000130,-0.001773,-0.000631,-0.013783,0.003683,0.002364,0.005883,0.003176,
-0.000032,0.008092,-0.037605,-0.000616,0.001206,0.006415,0.000599,0.000059,-0.000193,0.009402,-0.001592,0.000099,-0.001574,-0.035116,-0.006298,-0.000470,0.009580,0.002828,0.030108,0.005183,0.000047,0.016864,-0.019226,
0.000010,0.002672,0.028581,-0.000218,0.003017,0.007084,-0.000112,-0.000008,0.007019,-0.026486,-0.003311,-0.000205,-0.000476,0.019316,-0.006741,0.000184,-0.026698,0.001611,-0.026450,0.008911,0.014400,0.009081,-0.019680,
-0.000020,-0.001639,-0.023031,-0.000782,-0.001834,-0.004539,0.000295,0.000031,-0.004540,0.016255,0.006789,0.000369,0.000984,-0.016645,0.004356,-0.000186,0.016620,-0.003294,0.027906,-0.005966,-0.009674,0.003970,0.003894,
0.000005,0.000218,-0.049471,-0.001531,-0.006216,-0.014154,0.000585,0.000024,-0.007566,0.032954,0.018696,0.001212,0.000280,-0.024614,0.013280,0.000517,0.033631,-0.013411,0.040536,-0.015443,-0.030084,-0.003069,0.027153,
0.000111,0.005451,-0.031893,-0.001622,-0.002826,-0.000559,0.000696,0.000069,-0.012839,0.031388,0.010999,0.001015,-0.000554,-0.032495,-0.000562,-0.000078,0.032766,-0.005303,0.028726,-0.001020,-0.004979,-0.000070,0.007622,
0.000118,0.004740,0.014242,-0.001263,0.000053,-0.001046,0.000906,0.000103,0.003110,-0.013529,-0.004324,-0.000399,-0.000661,0.009018,0.001129,-0.000138,-0.013658,0.001873,-0.006184,0.007877,0.013960,0.003177,0.003079,
0.000032,0.000950,0.014782,-0.005939,0.000662,-0.003270,-0.000595,-0.000058,0.000850,-0.022910,-0.003391,-0.000344,0.000262,0.009993,0.003537,0.000583,-0.022992,0.002209,-0.013981,-0.001604,-0.005745,-0.004370,0.005378,
-0.000031,-0.000843,0.025312,-0.002026,-0.000632,-0.001714,0.000978,0.000113,-0.002226,-0.001457,0.003692,0.000303,-0.000021,0.022576,0.001517,-0.000204,-0.001041,-0.002202,-0.029220,0.000801,0.001361,-0.002973,0.011778,
-0.000185,-0.004696,0.032600,-0.001464,-0.010888,-0.011038,-0.000429,-0.000057,-0.010176,0.000428,0.003772,0.000346,0.000225,0.028919,0.008893,0.000341,0.000235,-0.001354,-0.019079,-0.006213,-0.007821,-0.017247,0.035615,
-0.000325,-0.007595,0.045037,0.009713,-0.007743,-0.006122,-0.001018,-0.000092,-0.007162,0.011624,0.003907,0.000496,0.001148,0.033082,0.002614,-0.000566,0.012434,-0.000290,-0.012378,-0.001299,0.002436,0.002771,0.041116,
-0.000212,-0.004897,0.001335,-0.001983,-0.006217,-0.010257,0.000330,0.000029,-0.010836,0.019801,0.009614,0.000798,0.000724,0.012512,0.008497,0.000019,0.020792,-0.005029,0.002037,-0.008220,-0.016872,-0.011339,0.038117,
0.000050,0.001089,0.007383,0.001061,0.002973,0.008154,-0.000159,0.000015,0.004915,-0.014223,-0.002109,0.000001,0.000336,0.006117,-0.007887,-0.000273,-0.014177,0.001993,-0.007635,0.008514,0.008755,0.013960,-0.024849,
0.000359,0.009458,-0.005102,-0.003957,0.003633,0.007679,-0.000172,-0.000010,0.007254,-0.009661,-0.010314,-0.000751,-0.000490,-0.013249,-0.007244,-0.000065,-0.010056,0.005434,-0.003173,0.008022,0.007588,0.016209,-0.016387,
0.000074,0.002007,-0.030070,0.004705,-0.001917,0.003165,-0.000385,-0.000027,-0.003692,0.015300,0.003704,0.000329,0.000019,-0.021750,-0.004375,0.000018,0.016053,-0.001109,0.021126,-0.001775,-0.001265,0.011610,0.003784,
0.000221,0.006259,-0.054367,0.002432,0.003634,0.006832,-0.000917,-0.000101,0.007846,-0.008522,-0.011383,-0.000681,-0.000116,-0.047892,-0.006248,0.000004,-0.008951,0.006576,0.043075,0.002965,-0.000681,0.018872,-0.017770,
0.000077,0.002167,-0.042693,0.002749,0.000177,0.005803,-0.000285,-0.000016,0.000376,0.014355,-0.002958,-0.000149,0.000326,-0.047803,-0.005486,-0.000295,0.014619,0.002681,0.035247,-0.001883,0.003101,0.020276,-0.024173,
-0.000019,-0.000639,-0.029849,-0.000605,-0.002387,-0.001911,0.000794,0.000076,-0.000891,0.013166,0.003391,-0.000016,0.000546,-0.022588,0.001338,-0.000124,0.013436,-0.002756,0.022134,-0.004824,-0.011177,0.009673,0.005453,
0.000079,0.002719,0.001078,-0.001974,0.006104,0.009834,-0.002041,-0.000216,0.005848,-0.010602,-0.006283,-0.000374,-0.000122,-0.001325,-0.009113,-0.000216,-0.010801,0.004295,-0.014714,0.002370,-0.000255,0.012858,-0.010363,
0.000018,0.000737,0.000209,0.002915,-0.001221,0.002938,0.000083,0.000032,-0.000021,0.004679,0.000470,0.000138,-0.000489,0.002835,-0.003127,-0.000563,0.004813,0.000278,-0.007869,0.000025,0.000694,0.007451,0.001395,
-0.000006,0.000251,0.000628,-0.000347,-0.001063,-0.005506,0.000125,0.000019,-0.002194,-0.006858,0.000325,-0.000061,0.003057,0.009718,0.004699,0.000427,-0.006658,-0.000361,-0.007407,-0.000074,-0.002772,-0.003484,0.013118,
0.000035,0.002487,-0.019781,-0.004697,0.002891,0.005623,-0.000543,-0.000060,-0.000482,-0.004113,-0.004012,-0.000238,0.001163,-0.009375,-0.004646,0.000146,-0.003870,0.002359,0.008679,-0.005502,-0.007343,0.000450,0.009298,
-0.000008,-0.002518,0.054831,-0.002431,0.009158,0.007515,-0.000365,-0.000035,0.005070,-0.016958,-0.001169,0.000017,0.000369,0.051766,-0.006987,0.000352,-0.016727,0.001672,-0.056398,0.009601,0.011840,0.002173,-0.003427,
-0.000014,0.001603,0.026066,0.000540,0.013846,0.002761,-0.000294,-0.000021,0.018775,-0.038384,-0.011339,-0.001130,-0.000412,0.028314,-0.000952,0.000551,-0.039009,0.004384,-0.034544,0.003700,0.005698,0.010400,-0.018555,
-0.000110,0.005916,-0.018193,-0.005228,-0.007543,-0.014449,0.001462,0.000175,0.000546,-0.006601,0.002430,0.000387,0.000681,-0.009333,0.013970,0.000620,-0.006873,-0.000357,0.020840,-0.012956,-0.018832,-0.001691,0.013826,
0.000180,-0.006183,0.018810,-0.001114,0.000744,-0.005891,0.000534,0.000072,0.005765,-0.021552,0.002280,-0.000096,0.000857,0.034514,0.005103,0.000563,-0.022841,-0.002832,-0.026388,-0.001418,-0.001978,-0.001021,0.007679,
0.000265,-0.006224,-0.027943,0.000430,-0.005804,-0.005622,0.001148,0.000100,-0.005975,0.014545,0.003187,0.000406,0.001285,-0.013109,0.003859,0.000233,0.015234,-0.002148,0.032682,-0.005537,-0.008948,0.003378,0.001804,
0.000046,-0.000702,-0.008400,-0.000082,-0.005887,-0.003238,-0.000129,0.000001,-0.000976,0.001270,0.001620,0.000206,-0.000765,0.000940,0.001337,0.000069,0.000969,-0.001159,0.005985,-0.001306,-0.003275,0.004676,-0.002914,
-0.000004,0.000170,-0.031022,0.003071,-0.002085,-0.000122,0.000268,0.000054,0.000992,0.009277,0.003433,0.000199,-0.000358,-0.026529,-0.000762,-0.000562,0.009193,-0.002639,0.026031,0.002211,0.004969,0.009904,-0.010024,
0.000343,-0.004323,-0.023172,0.007037,-0.003059,-0.000247,0.000713,0.000010,-0.000087,0.009525,0.004810,0.000248,0.000071,-0.001021,-0.000299,0.000186,0.009553,-0.004078,0.028554,-0.006989,-0.004581,0.011300,-0.002365,
0.000259,-0.003013,0.013083,0.009646,0.000260,0.004341,-0.000022,0.000005,-0.000415,-0.000120,-0.000357,-0.000026,0.000394,0.010056,-0.004380,0.000293,0.000039,0.000196,0.002311,-0.002462,-0.001897,0.002720,0.009677,
0.000201,-0.002263,-0.012888,0.001670,-0.006667,-0.005536,0.001660,0.000205,-0.000054,0.004817,0.001055,0.000043,0.002379,0.004199,0.004655,-0.000428,0.004817,-0.000204,-0.000257,-0.002241,-0.001892,0.008698,0.001824,
0.000078,-0.000521,0.010124,-0.001522,-0.009639,-0.008978,0.000395,0.000059,-0.010970,0.000452,0.008897,0.000906,-0.000528,0.020217,0.000149,0.000413,0.002707,-0.005196,-0.015483,0.002542,0.000312,-0.010243,0.024471,
-0.000013,0.000310,0.013342,0.000405,0.002008,0.006414,-0.000129,0.000005,0.003817,-0.006810,-0.003845,-0.000365,-0.000649,0.003169,-0.005983,0.000281,-0.007347,0.001788,-0.013608,0.003939,0.005082,0.004183,0.001208,
-0.000602,0.004789,0.027804,-0.003155,0.007238,0.007665,0.001701,0.000187,0.006249,-0.012126,-0.003550,-0.000414,-0.001048,0.022472,-0.005942,-0.000037,-0.012345,0.001960,-0.029215,0.011856,0.010881,0.003322,-0.003678,
-0.000498,0.004560,-0.008558,-0.005388,0.000842,-0.000793,0.001682,0.000161,-0.001519,-0.002250,0.000865,0.000244,-0.003261,0.007245,-0.000677,0.000474,-0.002133,0.000110,-0.002444,0.003901,-0.000141,0.002916,0.002112,
-0.000185,0.001261,-0.003976,-0.003712,-0.004152,-0.007061,0.001839,0.000195,-0.007502,0.010320,0.007440,0.000644,0.000431,0.001535,0.008657,0.000188,0.011608,-0.004709,-0.001607,-0.005977,-0.007894,-0.004655,0.009971,
-0.000659,0.005748,0.008321,-0.001657,0.009038,0.012955,-0.000162,0.000005,0.007378,-0.007876,-0.001865,-0.000210,-0.002223,0.011836,-0.011650,-0.000140,-0.008328,0.000923,-0.025219,0.010395,0.013173,0.011664,-0.011747,
-0.000056,0.001441,0.055761,-0.003161,0.026539,0.018349,-0.003449,-0.000304,0.031911,-0.062513,-0.017160,-0.001582,-0.003192,0.056979,-0.013759,0.001554,-0.065632,0.008634,-0.059584,0.020829,0.019930,0.010758,-0.014924,
-0.000005,0.000948,-0.046564,0.000878,0.009510,0.007689,0.000708,0.000076,0.006852,0.001834,-0.001946,-0.000360,-0.001998,-0.031409,-0.003195,-0.000611,0.001737,-0.000288,0.028486,-0.001007,0.000874,0.015285,-0.020520,
0.000088,-0.000691,-0.040868,-0.002484,-0.001256,-0.001298,0.000288,0.000023,-0.004383,0.012059,0.000582,-0.000013,-0.001295,-0.030537,0.001232,-0.000305,0.012475,-0.000979,0.039239,-0.003855,-0.004423,0.000307,0.003772,
-0.000203,0.004131,-0.004168,-0.003564,0.006415,0.000103,0.000128,0.000024,0.003788,-0.007563,-0.004183,-0.000436,-0.002149,-0.006494,0.002435,0.000343,-0.006871,0.001707,-0.002103,-0.004800,-0.000932,0.003825,-0.000962,
0.000028,-0.000994,-0.041575,0.000190,-0.003068,-0.000260,-0.000970,-0.000068,0.000755,0.004526,0.000869,0.000094,0.000074,-0.023304,-0.000306,-0.000020,0.004635,-0.000405,0.026779,-0.006045,-0.002608,0.006295,-0.002445,
0.000023,-0.005644,-0.003083,0.000236,0.001724,0.000094,-0.000659,-0.000041,0.003797,0.000041,0.001603,-0.000127,0.001489,0.009434,0.000231,-0.000123,-0.000208,-0.001870,-0.009815,-0.001447,0.001896,0.008565,-0.003324,
0.000033,0.002662,-0.012456,-0.002242,-0.008016,-0.009382,0.001494,0.000121,-0.003257,0.006173,0.003131,0.000285,0.000183,-0.001098,0.009058,0.000052,0.006212,-0.001436,0.009703,-0.008825,-0.009578,0.005247,-0.000444,
-0.000415,-0.015737,-0.008256,-0.001952,-0.023069,-0.024223,0.001041,0.000074,-0.016696,0.015483,0.007311,0.000565,0.002716,0.025576,0.010901,0.000045,0.017298,-0.005117,-0.000440,-0.009964,-0.014500,-0.014763,0.037208,
-0.000221,-0.006837,-0.009822,-0.001656,0.004250,-0.012088,0.002057,0.000157,0.006273,-0.010423,-0.000933,-0.000219,0.001201,0.016149,0.013158,0.000504,-0.011581,-0.000778,-0.009421,-0.006500,-0.006857,-0.002236,0.009235,
-0.000113,-0.003353,-0.002804,-0.000416,-0.008480,-0.007741,0.001321,0.000083,-0.006451,0.006842,-0.000168,-0.000013,0.000245,-0.000024,0.005499,0.000149,0.007380,0.000203,0.004275,-0.004689,-0.004620,-0.003363,0.007754,
0.000040,0.001146,0.002523,-0.003441,-0.001932,-0.001192,-0.000377,-0.000012,-0.000814,-0.000174,-0.000362,-0.000040,0.000794,0.007234,0.000884,-0.000089,0.000067,0.000386,-0.002834,-0.002806,-0.007214,0.001616,0.010678,
0.000021,0.000595,0.029519,-0.003302,0.005436,0.006061,-0.001214,-0.000049,0.003605,-0.012334,-0.004218,-0.000299,0.000164,0.028673,-0.005069,-0.000431,-0.012269,0.002715,-0.031498,0.008008,0.007125,0.002951,0.004128,
-0.000037,-0.001138,0.008316,-0.001829,0.003865,0.009963,-0.000236,-0.000009,-0.000830,0.008640,-0.001836,-0.000099,0.000086,0.007173,-0.008377,-0.000300,0.009082,0.001729,-0.003300,0.006659,0.006557,0.009411,0.003089,
-0.000015,-0.000515,0.026496,0.000203,-0.000162,0.012776,0.000683,0.000070,0.000224,0.002868,0.002403,0.000211,0.000020,0.018446,-0.012997,-0.000297,0.002958,-0.001985,-0.020977,0.008478,0.012222,0.008880,-0.005573,
0.000014,0.000395,0.001486,0.001152,0.003022,0.005954,0.000476,0.000050,0.001038,-0.001481,0.000167,-0.000026,0.000103,0.000424,-0.003977,-0.000322,-0.001513,-0.000530,-0.001235,0.007197,0.007994,0.003124,-0.004792,
-0.000005,-0.000106,0.003274,-0.000224,-0.000286,0.003857,-0.001142,-0.000069,-0.000021,-0.003668,-0.000123,-0.000103,0.000613,0.003533,-0.003675,0.000143,-0.003563,-0.000163,-0.003385,0.005023,0.007625,0.003581,0.000621,
0.000070,0.003087,-0.007856,-0.003015,0.007657,0.010671,-0.002162,-0.000137,0.003881,-0.012308,-0.002098,-0.000172,0.001281,-0.006036,-0.009774,-0.000283,-0.012589,0.001154,-0.001366,0.003288,0.008333,0.001092,-0.000690,
0.000026,0.001258,-0.007290,-0.002273,-0.000199,-0.001958,0.000937,0.000077,-0.008001,0.003886,0.004551,0.000380,0.000119,0.004462,0.002956,-0.000296,0.005245,-0.002591,-0.003196,-0.002435,-0.002037,-0.001411,-0.000505,
-0.000022,-0.001930,-0.010117,-0.009300,-0.006453,0.000276,0.001274,0.000058,-0.002246,0.005060,0.003134,0.000259,-0.000875,-0.024663,-0.000823,0.000945,0.005231,-0.001559,-0.002277,-0.006964,0.014443,0.003626,0.018858,
0.000041,0.004963,-0.055120,-0.006762,-0.000893,-0.002690,-0.000355,-0.000014,0.000519,0.004982,-0.000176,0.000045,0.000432,-0.040880,0.002924,0.000236,0.004913,0.000340,0.044077,-0.006509,-0.002171,0.007187,-0.014334,
0.000005,0.001130,-0.001085,0.003266,-0.003891,0.001286,-0.000243,-0.000005,-0.001124,0.002705,-0.000891,0.000027,-0.000934,-0.008272,-0.002346,-0.000912,0.002711,0.001280,0.001712,-0.005297,0.006496,0.006229,-0.010973,
-0.000004,-0.000582,-0.054840,-0.005481,-0.005392,-0.002214,0.000891,0.000055,-0.006298,0.010171,0.003334,0.000308,0.001522,-0.027405,0.001088,-0.000345,0.010850,-0.001248,0.040010,-0.002765,-0.006141,0.003661,-0.005399,
0.000009,-0.005021,-0.022721,-0.002366,0.002193,-0.006667,-0.000646,-0.000051,0.000760,-0.002987,0.001479,0.000060,-0.000322,0.007476,0.008166,0.000587,-0.002262,-0.001281,-0.000186,-0.005995,-0.005251,0.005760,-0.009635,
0.000046,-0.008271,-0.043683,-0.000608,0.000655,0.001193,-0.000234,0.000004,-0.000530,0.006270,0.000855,-0.000023,0.000263,-0.001691,-0.000435,-0.000317,0.006447,-0.000506,0.012020,-0.001895,-0.004102,0.001451,0.002604,
0.000040,-0.004163,-0.004814,-0.000238,0.006477,-0.010341,-0.001326,-0.000088,0.010966,-0.025644,-0.006228,-0.000504,-0.000293,0.014167,0.011984,0.000930,-0.026961,0.003083,-0.009063,-0.010219,-0.009896,-0.000898,-0.008349,
-0.000015,0.001143,-0.014304,-0.000284,0.005702,0.003278,-0.000772,-0.000053,0.009401,-0.004472,-0.004732,-0.000388,-0.000245,-0.010901,-0.002060,0.000077,-0.004823,0.002564,0.010949,-0.001894,0.000130,0.008905,-0.017091,
-0.000038,0.002462,0.049051,0.000682,0.010473,-0.003581,-0.002704,-0.000180,0.016550,-0.026631,-0.001488,-0.000199,-0.000390,0.039775,0.004843,0.001237,-0.026975,-0.000861,-0.046282,0.001097,0.001534,0.003748,-0.003463,
0.000013,-0.000864,0.015907,-0.001651,0.002544,0.002985,-0.000693,-0.000039,-0.005483,0.002259,0.001718,0.000118,0.000144,0.013888,-0.000851,0.000032,0.003355,-0.000846,-0.011894,0.000807,0.001715,0.003688,-0.002008,
-0.000043,0.002643,-0.009696,0.015740,-0.001398,-0.009048,-0.002212,-0.000133,0.000616,-0.007060,0.000180,0.000035,-0.000485,0.030946,0.008254,-0.001714,-0.007065,-0.000156,0.021201,0.000016,-0.003481,-0.003857,0.022172,
-0.000028,0.001704,0.028832,0.000173,0.000409,0.003594,-0.000981,-0.000044,-0.001472,-0.003391,0.000112,0.000043,-0.000341,0.017955,-0.003705,-0.000036,-0.003290,-0.000029,-0.020267,0.004923,0.006616,0.003049,0.004415,
-0.000041,0.002816,0.059420,0.001547,0.003779,0.008289,-0.001251,-0.000061,0.002562,-0.008990,-0.001651,-0.000083,-0.000332,0.033988,-0.006061,0.000436,-0.009451,0.000832,-0.037791,0.008573,0.013025,0.007416,0.000566,
-0.000008,0.000662,0.000978,-0.004434,-0.003570,-0.003081,0.000655,0.000054,-0.006047,0.002783,0.001113,0.000084,-0.000275,-0.000083,0.002159,-0.000237,0.003684,-0.000571,0.001308,-0.001523,-0.004401,-0.002690,0.014329,
0.000009,-0.000956,0.018237,-0.002134,-0.003421,-0.004463,-0.001841,-0.000101,0.001817,-0.020752,-0.001023,-0.000085,-0.000373,0.022128,0.004144,0.000552,-0.021548,0.000533,-0.018622,-0.001551,-0.003876,-0.002835,0.004665,
-0.000016,0.002589,-0.026518,-0.003903,-0.006926,0.002448,0.001063,0.000075,-0.009597,0.018525,0.002003,0.000197,-0.000561,-0.020325,-0.004584,-0.000647,0.019118,-0.000726,0.023529,0.002199,-0.005413,0.005957,-0.001007,
-0.000001,0.001277,-0.012423,-0.003442,-0.001243,0.006376,-0.000028,0.000008,-0.008598,0.005213,0.001828,0.000170,-0.000537,-0.008671,-0.007422,-0.000594,0.006459,-0.000874,0.009610,0.003908,0.002675,-0.001076,0.000477,
0.000040,0.008218,-0.006042,-0.003644,-0.000347,0.001443,0.000168,0.000022,-0.001746,-0.005042,0.002108,0.000119,0.000877,-0.010612,-0.001023,0.000089,-0.005231,-0.001520,0.007854,0.002778,0.003897,-0.001187,0.000651,
-0.000013,-0.001812,0.001106,-0.000906,0.001765,0.006616,-0.000198,-0.000001,0.000843,0.005628,0.000102,0.000002,-0.000716,0.005697,-0.005522,-0.000125,0.005687,-0.000107,-0.000928,0.004104,0.008396,0.009219,-0.003043,
-0.000117,-0.009616,-0.029005,-0.003286,-0.003093,-0.000322,0.000488,0.000060,-0.003609,0.013057,0.003248,0.000176,-0.000058,0.016960,-0.000722,-0.000349,0.013795,-0.002611,-0.003228,0.000790,-0.003757,-0.001925,0.007079,
0.000102,0.006095,-0.030684,-0.004005,0.000934,0.004503,0.001454,0.000111,0.000207,0.014965,-0.001165,-0.000023,0.000382,-0.024307,-0.003943,-0.000563,0.015057,0.001255,0.017296,0.003397,0.002237,0.015861,-0.021300,
0.000050,0.002581,0.007291,0.002606,0.000707,0.003706,-0.000146,0.000001,0.003693,-0.006404,-0.001606,-0.000149,0.000283,-0.003351,-0.003441,-0.000074,-0.006733,0.000479,-0.003129,0.003322,0.008607,0.004763,-0.015816,
0.000019,0.000825,-0.008841,-0.004752,-0.000859,-0.002443,-0.000442,-0.000026,0.000109,-0.004523,0.000324,0.000031,-0.000375,0.007710,0.003014,0.000236,-0.004550,-0.000105,-0.007277,-0.005207,-0.001711,0.001363,0.001461,
0.000009,0.000323,0.012278,0.007222,0.003813,-0.000661,0.000034,0.000012,-0.000238,-0.006878,-0.002033,-0.000106,0.000095,0.002873,0.003117,0.000083,-0.006758,0.001441,0.000669,-0.002315,-0.006899,0.001311,-0.003093,
0.000001,0.000158,-0.012133,-0.007415,-0.021498,-0.009846,0.000049,0.000017,-0.013105,0.009310,0.003164,0.000237,0.000005,-0.003029,0.000573,-0.000109,0.010517,-0.001788,0.005725,-0.001001,-0.003560,-0.007903,0.015289,
0.000023,0.000697,0.026135,0.001038,-0.002607,-0.007399,0.000587,0.000062,-0.003846,-0.007070,0.000897,0.000054,-0.000041,0.011117,0.006737,-0.000154,-0.006749,-0.000817,-0.004925,-0.002637,-0.003390,-0.004048,0.012877,
0.000153,0.005121,0.012377,0.001849,0.002734,0.000671,0.000063,0.000016,-0.000431,-0.001605,-0.000313,-0.000011,0.000192,-0.005852,0.000455,0.000116,-0.001530,0.000254,-0.000558,0.000563,0.001911,0.004993,-0.002924,
-0.000051,-0.001701,0.001177,0.004284,0.003993,-0.002083,-0.000190,-0.000005,0.002665,-0.005468,-0.001861,-0.000171,0.000265,-0.000689,0.003066,0.000174,-0.005709,0.001010,0.002784,0.000348,0.000534,-0.000795,0.001300,
-0.000084,-0.002890,0.007739,-0.001019,-0.003616,-0.005235,-0.000200,-0.000001,-0.000955,0.001645,0.001091,0.000032,-0.000787,0.003945,0.004170,-0.000516,0.001651,-0.000832,-0.003206,0.005196,0.009672,-0.002585,0.008334,
0.000028,0.000655,0.036868,0.014065,0.001238,-0.002964,0.000131,0.000016,0.000248,-0.008383,-0.000429,-0.000022,-0.000393,0.006958,0.002497,-0.000055,-0.008185,0.000327,0.001141,0.000534,0.001333,-0.002651,0.007818,
0.000053,0.001304,0.011114,-0.000060,0.003022,-0.002466,-0.000394,-0.000027,0.001280,-0.009108,0.000111,-0.000018,0.000062,0.002567,0.002918,0.000319,-0.009120,-0.000283,-0.001180,-0.000521,-0.000102,-0.004507,-0.000209,
-0.000087,-0.002384,-0.018492,-0.007133,0.000310,-0.001069,0.000766,0.000078,-0.006812,0.003536,0.000823,0.000080,-0.000543,-0.001665,0.001222,-0.000247,0.004028,-0.000511,0.013859,-0.001030,-0.001550,-0.002225,-0.005620,
-0.000076,-0.002060,-0.023600,-0.009911,-0.007273,-0.007639,0.000573,0.000055,-0.005671,0.000532,0.000688,0.000040,-0.000491,-0.005173,0.006318,0.000239,0.001282,-0.000428,0.014933,-0.004159,-0.009153,-0.003812,0.004195,
0.000174,0.003613,-0.012438,0.000181,0.003368,-0.005016,0.000536,0.000046,0.007001,-0.011123,-0.001110,-0.000120,0.000882,-0.019668,0.005281,0.000671,-0.011827,0.000280,0.009389,0.000517,0.000956,-0.001872,-0.010635,
-0.000406,-0.008168,-0.063389,-0.011515,-0.003340,0.001398,0.000151,0.000020,-0.000595,0.010924,0.000755,0.000006,-0.000525,-0.006054,-0.002111,-0.000196,0.011212,-0.000975,0.012838,-0.000773,-0.006953,0.000105,-0.005215,
0.000029,0.000476,-0.050925,-0.009799,-0.008469,0.002430,-0.000119,0.000000,-0.005752,0.011268,0.001803,0.000122,0.000104,-0.024432,-0.004230,-0.000425,0.011525,-0.000980,0.025333,-0.000780,-0.005559,0.003836,-0.011537,
-0.000253,-0.004520,-0.024977,-0.004362,0.006314,-0.000546,-0.000377,-0.000030,0.002480,-0.005913,-0.000144,-0.000029,0.000264,0.009088,0.003329,0.000368,-0.005065,-0.000222,-0.004502,-0.002462,-0.006316,-0.004880,0.004120,
0.000115,0.001578,0.004653,-0.001867,0.004605,0.006132,0.000158,0.000023,-0.002137,0.001408,0.000194,0.000015,0.000237,0.000541,-0.004719,-0.000137,0.002004,-0.000039,0.000739,0.002645,0.002024,0.002804,-0.001895,
0.000249,0.004253,0.040076,0.000113,0.011242,0.002285,-0.001728,-0.000144,0.016675,-0.023452,-0.002766,-0.000178,0.001212,0.012325,-0.000416,0.000565,-0.024867,0.001160,-0.019358,0.001506,0.002489,-0.002001,0.012043,
-0.000064,-0.001360,0.023682,0.001910,0.002075,0.001051,-0.000664,-0.000038,0.000244,-0.008644,-0.001128,-0.000053,0.000219,0.010376,-0.000816,0.000104,-0.007991,0.000731,-0.000830,0.003885,-0.002892,-0.004695,0.009361,
-0.000084,-0.001850,0.027136,0.002449,0.005192,0.004095,-0.000596,-0.000046,0.003964,-0.008705,0.000075,-0.000021,-0.000079,0.020213,-0.003783,0.000352,-0.008701,-0.000243,-0.015888,0.004780,0.004817,-0.004334,0.008141,
0.000139,0.002738,0.026683,0.004500,0.010051,0.012851,-0.000054,0.000024,0.004875,-0.005092,-0.000951,-0.000040,0.000960,0.007235,-0.010845,-0.000424,-0.005056,0.000859,-0.008659,0.011074,0.014703,0.006952,-0.004086,
-0.000060,-0.001622,-0.014931,0.005206,-0.000926,0.000271,0.000169,0.000022,-0.005860,0.003184,0.000934,0.000054,-0.000576,-0.005560,0.000087,-0.000171,0.003983,-0.000620,0.010694,0.003020,-0.000101,-0.000189,-0.005499,
-0.000101,-0.003092,0.007543,-0.000630,-0.001860,0.002811,-0.000257,-0.000017,-0.011964,0.004903,0.002242,0.000152,-0.001471,0.005628,-0.002928,-0.000057,0.006222,-0.000892,-0.001657,0.002111,0.005220,-0.002642,0.006668,
-0.000253,-0.007594,0.021622,-0.000448,-0.011479,-0.012238,-0.000117,-0.000004,-0.016834,-0.001398,0.002215,0.000149,-0.002942,0.021287,0.011362,0.000297,-0.000577,-0.000858,-0.001757,-0.011384,-0.016631,-0.006225,0.006949,
-0.000040,-0.001083,-0.000449,-0.004722,-0.002355,0.002510,0.000477,0.000041,-0.002862,0.009309,0.000208,0.000027,-0.000615,-0.004992,-0.003505,-0.000229,0.009217,-0.000041,0.011464,0.001206,-0.002754,0.007813,-0.005894,
0.000067,0.000569,0.001485,-0.004467,-0.003427,0.001917,-0.000123,0.000011,-0.007363,0.010085,0.001599,0.000091,-0.000241,0.000882,-0.004060,-0.000195,0.011340,-0.000891,0.005350,0.003151,-0.003739,0.004567,-0.010724,
0.000130,0.001408,-0.000268,-0.006198,-0.005299,0.001008,0.000375,0.000034,-0.007477,0.010616,0.001801,0.000131,0.000091,-0.006219,-0.003426,-0.000088,0.011473,-0.000603,0.005423,0.003327,-0.002102,0.001866,0.005416,
0.000743,0.008731,-0.002202,0.002146,0.005183,0.004950,0.000043,0.000013,0.002669,0.009017,-0.000469,-0.000005,0.002830,-0.023029,-0.004125,-0.000078,0.009371,0.000567,0.015256,0.004073,0.008636,0.016044,-0.027952,
0.000799,0.009469,-0.012884,-0.003732,0.001354,0.002312,-0.000410,-0.000034,0.004484,0.003601,-0.002219,-0.000114,0.002782,-0.022756,-0.002309,0.000022,0.003089,0.001496,0.019420,-0.001162,-0.001643,0.008026,-0.014926,
0.000160,0.001943,-0.009848,-0.002428,0.001997,0.004163,0.000038,0.000004,-0.003554,0.008482,0.001214,0.000066,0.000303,-0.005333,-0.003167,-0.000106,0.009215,-0.000638,0.001410,0.001747,0.001854,0.004965,-0.008525,
-0.000010,-0.000262,-0.025083,-0.002392,-0.001569,0.002325,0.000462,0.000048,-0.001452,0.009963,0.000250,0.000016,-0.000044,-0.005289,-0.003063,-0.000331,0.010058,-0.000062,0.006048,0.001739,0.003829,0.005824,-0.016848,
-0.000122,-0.002061,0.012604,0.001356,0.002237,-0.002627,-0.000766,-0.000054,0.003361,-0.001974,-0.000067,-0.000004,0.000330,0.009852,0.004387,0.000102,-0.001709,-0.000006,-0.005081,-0.004543,-0.004206,0.000947,0.000846,
0.000590,0.010792,0.031935,0.000371,0.004498,-0.005716,-0.000466,-0.000034,0.007956,-0.010290,0.000050,0.000013,0.001350,-0.011843,0.005735,0.000298,-0.010413,0.000029,-0.019032,-0.005665,-0.010226,0.000226,0.014568,
0.000043,0.000736,0.009570,0.000786,0.002942,0.000244,0.000346,0.000024,-0.001297,0.004126,0.000516,0.000018,-0.000831,0.011549,0.000174,-0.000094,0.004857,-0.000441,-0.015228,0.000253,0.005578,-0.000491,-0.002088,
-0.000087,-0.002675,0.014090,0.002626,-0.001479,-0.001785,0.000289,0.000033,-0.001773,0.000734,0.000385,0.000009,-0.000488,0.007131,0.003052,-0.000087,0.001167,-0.000258,-0.005822,-0.001686,0.002543,-0.002695,0.005119,
0.000099,0.002985,0.017791,0.006839,-0.002557,-0.003154,-0.000081,0.000002,0.001839,-0.002389,0.000311,0.000011,-0.000969,-0.004790,0.001930,-0.000078,-0.002703,-0.000303,-0.010065,-0.002782,-0.001021,-0.001367,0.015053,
0.000080,0.002437,0.017866,-0.000532,-0.001391,-0.007867,0.000103,0.000017,-0.000187,-0.003473,0.000130,0.000009,-0.000729,-0.003353,0.008677,0.000132,-0.003467,0.000100,-0.002499,-0.006486,-0.010211,0.002459,-0.008238,
0.000227,0.007298,0.031395,-0.001777,0.003932,-0.006313,0.000289,0.000035,0.006733,-0.012992,0.000128,-0.000006,-0.000689,-0.003150,0.006187,0.000138,-0.013266,-0.000165,-0.009068,-0.002731,-0.004011,-0.006987,0.010170,
-0.000148,-0.004656,0.021745,-0.004422,-0.006859,-0.008836,-0.001199,-0.000095,0.002366,-0.013849,0.000082,0.000029,0.000495,0.012031,0.005089,0.000409,-0.013554,0.000164,-0.001506,-0.005022,-0.011852,-0.004435,0.013625,
-0.000129,-0.003907,-0.014168,-0.002318,-0.002878,-0.004308,-0.000658,-0.000041,0.002137,-0.000757,-0.000474,-0.000022,0.000680,0.003139,0.003866,0.000023,-0.001450,0.000244,0.005130,-0.003701,-0.006389,-0.001133,-0.000241,
-0.000054,-0.001871,0.035333,0.003468,-0.004961,-0.006361,-0.001227,-0.000086,0.007309,-0.019044,-0.000392,-0.000036,0.000026,0.009878,0.004993,0.000717,-0.020024,-0.000162,-0.011613,-0.001780,0.000352,-0.019488,0.016433,
0.000005,0.000379,-0.016936,-0.007313,-0.004463,0.002811,-0.000050,0.000002,-0.005331,0.004372,0.000599,0.000026,0.000377,-0.004464,-0.006110,-0.000078,0.005581,-0.000351,0.005343,0.002138,-0.001747,-0.001043,-0.023200,
-0.000146,-0.004940,-0.028258,-0.004616,0.003325,0.001305,-0.000109,0.000009,0.000759,-0.000057,-0.000917,-0.000029,0.000952,-0.003974,-0.000354,-0.000419,-0.000248,0.000710,0.011483,-0.000544,-0.005887,0.004428,-0.008845,
-0.000056,-0.002470,-0.033837,-0.005874,0.001101,0.006521,0.000848,0.000074,-0.006179,0.013843,0.000616,0.000032,0.000266,-0.007198,-0.005216,-0.000420,0.014657,-0.000262,0.010033,0.002707,0.001023,0.006952,-0.016153,
-0.000068,-0.003821,-0.016437,-0.001486,-0.003157,0.000265,0.000637,0.000029,-0.010111,0.015449,0.001031,0.000054,0.000061,-0.009285,-0.000101,-0.000051,0.017548,-0.000596,0.010306,-0.004393,-0.003048,0.005961,-0.010261,
-0.000067,-0.004688,-0.019933,-0.004398,-0.002632,0.001787,0.000711,0.000069,-0.008389,0.004922,0.000631,0.000054,-0.000155,-0.001808,-0.002924,-0.000541,0.006173,-0.000245,0.010617,0.002007,-0.005593,0.001024,0.000473,
-0.000063,-0.005954,-0.008841,0.000414,-0.001713,-0.001034,0.000078,0.000003,-0.004401,0.001858,0.000289,0.000010,0.000899,0.007826,-0.001273,-0.000122,0.002800,-0.000243,-0.003410,-0.000420,0.000729,-0.002618,0.004355,
-0.000021,-0.004187,-0.003858,-0.001198,0.001863,0.005224,-0.000056,0.000016,-0.002228,0.004501,0.000911,0.000039,0.000496,0.000972,-0.004158,-0.000418,0.005356,-0.000600,0.003966,0.005095,0.003021,0.001151,0.004135,
0.000001,-0.000423,-0.003932,-0.001932,0.000532,0.007877,0.000855,0.000098,0.000956,0.006604,0.000378,0.000007,-0.000120,0.003070,-0.007793,-0.000548,0.007055,-0.000371,-0.003763,0.006505,0.007771,-0.001173,-0.000299,
0.000020,-0.002575,0.001612,0.001413,0.003096,0.000817,0.001288,0.000026,0.009195,-0.005265,-0.000925,-0.000045,0.000456,0.003394,0.000652,0.000896,-0.005970,0.000505,-0.007151,0.000103,-0.001648,0.001597,0.006793,
0.000008,-0.000464,-0.001983,-0.000059,0.004278,0.007421,0.000817,0.000081,0.001338,0.004145,-0.000136,-0.000003,-0.001116,-0.001349,-0.006381,-0.000462,0.005330,0.000095,0.003297,0.005673,0.007800,0.003538,-0.004493,
0.000145,-0.008470,-0.001683,0.000765,-0.000542,0.004729,0.001161,0.000126,-0.006697,0.024332,0.000864,0.000054,0.000520,0.003961,-0.003545,-0.001323,0.025588,-0.000343,0.003299,-0.004139,-0.001487,0.020684,-0.032016,
0.000041,-0.001836,0.005750,-0.000756,0.011045,0.012496,-0.000178,-0.000001,0.022605,-0.022717,-0.000520,-0.000032,-0.000276,0.012494,-0.009496,0.000262,-0.024516,0.000104,-0.008034,0.008228,0.006196,-0.009479,0.010679,
-0.000069,0.003191,0.018153,0.003297,0.009459,0.009254,-0.000529,-0.000022,0.006282,-0.018858,-0.000690,-0.000019,-0.002046,0.005850,-0.008028,0.000106,-0.017801,0.000429,-0.009495,0.009649,0.012573,-0.014100,0.014987,
-0.000022,0.001381,0.001081,-0.009047,-0.000592,0.002060,-0.001960,-0.000199,0.006188,-0.007974,-0.000266,-0.000017,-0.003345,0.007462,-0.004211,0.000825,-0.008016,0.000003,0.008322,0.006888,0.001300,-0.003053,0.005478,
-0.000024,0.003468,-0.017057,-0.000816,0.005554,0.000751,0.000503,0.000055,0.010701,-0.003397,-0.000166,-0.000009,-0.001270,-0.000690,0.000214,0.000033,-0.004076,0.000101,-0.003739,0.000446,0.006971,0.001033,-0.010253,
0.000077,0.010276,0.017396,0.002867,0.008043,-0.000368,0.000737,0.000093,0.016644,-0.010853,-0.000567,-0.000028,-0.002757,-0.013410,0.002302,0.000354,-0.011366,0.000490,0.008173,0.002210,0.006173,0.001877,-0.008815,
-0.000113,-0.004253,0.010654,0.000217,0.004307,-0.016586,-0.001331,-0.000097,0.022289,-0.033280,-0.000360,-0.000033,0.001929,0.009671,0.017687,0.001591,-0.035525,-0.000013,-0.003122,-0.012849,-0.011641,-0.018020,0.017527,
0.000240,0.005577,-0.002676,-0.000789,0.003112,-0.003305,-0.000303,-0.000015,0.006902,-0.005836,-0.000006,-0.000008,-0.001284,-0.014115,0.004703,0.000453,-0.006447,-0.000052,0.008436,-0.004332,0.002484,0.000167,-0.003702,
0.000032,0.000400,-0.051248,-0.008518,0.003142,-0.008560,0.000420,0.000036,0.007102,0.002211,-0.000122,-0.000010,0.000234,-0.010655,0.009967,0.000413,0.001943,0.000028,0.005641,-0.009384,0.005122,0.008794,-0.026891,
-0.000578,-0.008508,-0.025896,0.002139,-0.001051,-0.006114,-0.001096,-0.000088,0.009580,-0.000504,-0.000148,-0.000014,0.002899,0.010126,0.006352,0.000538,-0.001291,0.000037,0.009339,-0.005282,-0.003762,0.006066,-0.012866,
0.000299,0.003828,-0.015667,-0.001052,-0.001670,-0.001691,-0.000104,-0.000003,-0.001887,0.004942,-0.000083,0.000001,-0.001112,-0.004475,0.002004,0.000069,0.005571,0.000069,-0.005512,-0.004040,-0.001924,0.002095,-0.001668,
-0.000046,-0.001254,0.004989,0.001841,-0.005553,-0.002735,0.001149,0.000098,-0.007009,0.005118,-0.000133,-0.000001,-0.000032,0.000391,0.000462,-0.000219,0.005832,0.000114,0.003470,0.000868,0.003784,0.000679,-0.004878,
0.000343,0.003582,0.013786,0.011739,-0.002359,-0.005173,-0.000804,-0.000061,-0.003875,0.000576,-0.001111,-0.000052,-0.001762,-0.005531,0.003886,-0.000461,0.000739,0.000386,-0.007206,0.001953,0.010625,-0.001419,0.002554,
0.000840,0.007794,0.037993,-0.000282,-0.003795,-0.003968,-0.000145,0.000011,0.003346,-0.016028,-0.000030,0.000021,0.000799,-0.009868,0.004271,0.000410,-0.016554,0.000102,0.005501,-0.000301,-0.001302,-0.008144,0.016887,
-0.001305,-0.012916,-0.044814,0.002277,-0.004852,-0.001626,0.000633,0.000054,-0.008308,0.014553,-0.001144,-0.000050,0.001539,0.022434,0.000402,-0.000579,0.015356,0.000705,-0.010475,-0.001343,-0.000944,0.006393,-0.002839,
0.000164,0.000917,0.015076,0.000109,-0.005280,-0.002091,0.000064,0.000014,-0.007123,-0.003650,-0.000970,-0.000008,0.000191,-0.001902,0.002594,0.000108,-0.003376,0.000464,0.004361,-0.000653,-0.001692,-0.003227,0.007332,
0.000071,0.000124,0.023992,0.004002,-0.001968,-0.000619,-0.000925,-0.000057,0.002765,-0.008735,-0.000507,0.000012,0.001431,0.003666,0.001281,0.000214,-0.009319,0.000415,-0.007649,-0.001788,-0.001607,-0.006000,0.013912,
-0.000318,-0.003474,-0.017455,-0.000480,-0.002273,0.001503,-0.000108,-0.000006,-0.003264,0.014025,-0.000049,0.000005,-0.000434,-0.001097,-0.002521,-0.000166,0.014242,0.000039,0.000489,0.000143,0.002229,0.007811,-0.002456,
-0.000540,-0.005871,-0.016485,-0.003871,-0.014543,-0.005828,0.001139,0.000070,-0.011574,0.014584,-0.002044,-0.000084,-0.001050,0.003951,-0.000649,-0.000320,0.014883,0.001135,0.004283,-0.000849,-0.002116,0.007566,-0.000481,
0.000558,0.005068,-0.001410,0.002083,-0.002102,0.004953,0.000365,0.000025,-0.003714,0.008741,0.000542,0.000050,-0.001205,-0.015421,-0.005296,-0.000198,0.008942,-0.000168,-0.001531,0.003602,-0.006396,0.006984,0.003787,
0.000950,0.007879,0.023711,0.002544,-0.004949,0.005984,-0.000535,-0.000028,-0.003147,-0.002986,0.000080,-0.000007,-0.000334,-0.010698,-0.007691,-0.000050,-0.003059,-0.000081,0.002188,0.008622,0.011744,-0.003132,-0.000190,
-0.000111,-0.001719,-0.005543,-0.003169,-0.007045,-0.000108,-0.000029,0.000000,-0.007957,0.008406,0.000100,-0.000028,-0.001628,-0.002332,-0.004091,-0.000442,0.008929,-0.000351,0.008267,0.003342,-0.000125,0.004217,0.002709,
-0.000630,-0.005918,0.004671,0.000107,-0.012961,-0.003453,-0.000264,-0.000006,-0.014972,0.007989,-0.000318,-0.000008,0.000114,0.003904,-0.002123,-0.000268,0.009973,0.000323,0.006921,0.000906,-0.000459,-0.002191,0.016183,
0.000534,0.003311,0.026349,0.000149,0.006026,0.003371,0.000119,0.000013,0.000040,-0.012281,0.000019,-0.000014,0.001772,-0.003054,-0.001586,0.000089,-0.012363,-0.000041,0.000758,0.005202,0.004868,-0.007874,0.009271,
0.000777,0.006294,0.018792,0.002845,0.002358,0.005107,-0.000241,-0.000007,-0.001178,-0.004925,-0.001289,-0.000033,0.001105,-0.002885,-0.010180,-0.000152,-0.004396,0.000654,-0.004807,0.011004,0.014193,-0.001580,0.006374,
0.000400,0.002540,0.000465,0.003019,-0.000304,0.001880,-0.000089,0.000017,-0.003615,0.006998,-0.000070,-0.000008,-0.000772,-0.003711,-0.002366,-0.000239,0.007555,-0.000017,0.010094,-0.000148,-0.000093,0.006280,-0.004815,
0.001264,0.009387,-0.005043,0.003066,0.003754,0.002236,0.000184,0.000015,0.003244,0.001725,0.000077,0.000001,-0.002884,-0.014861,-0.000504,-0.000013,0.001848,-0.000025,0.002787,0.000563,0.000192,0.005658,0.001292,
0.000147,0.000671,-0.024061,-0.002029,-0.002235,0.004459,-0.000452,-0.000045,0.000518,0.009233,0.000404,0.000005,-0.000225,-0.012833,-0.005290,-0.000054,0.009017,-0.000265,0.011140,0.002541,0.004820,0.006982,-0.025442,
0.000073,0.000374,0.003468,0.003932,-0.003441,-0.004750,0.000280,-0.000072,-0.001727,0.006550,-0.000110,-0.000015,-0.000512,-0.009790,0.003437,0.000369,0.006755,0.000020,-0.004007,-0.001937,0.007714,0.006621,0.000501,
0.000196,0.000456,-0.053225,-0.001760,0.000571,0.002581,-0.000085,-0.000006,-0.002573,0.012922,0.000089,0.000003,0.000808,-0.011241,-0.002247,0.000053,0.013097,-0.000165,0.008252,0.000987,0.004710,0.007159,-0.013875,
-0.002618,-0.015991,-0.051531,0.001781,0.000565,-0.004647,-0.000125,-0.000006,-0.001480,0.007214,0.000183,-0.000022,0.006341,0.009473,0.008047,-0.000050,0.007152,-0.000248,-0.004045,-0.004569,-0.021224,0.006268,0.006449,
-0.001843,-0.011817,-0.069139,-0.002894,-0.007861,0.003626,-0.000111,-0.000010,-0.007582,0.016918,-0.000289,-0.000015,0.001651,0.013376,-0.004318,0.000044,0.017719,0.000123,-0.009133,0.002724,0.001282,0.009006,-0.010804,
-0.000593,-0.004604,-0.025450,-0.003970,0.002943,-0.003290,-0.000157,-0.000008,-0.000312,0.006146,0.000306,0.000017,0.002081,0.009240,0.004344,0.000077,0.006184,-0.000150,-0.010562,-0.004252,-0.008262,0.004146,-0.004259,
0.000386,0.002046,0.011855,-0.000816,0.000468,-0.007655,0.000125,0.000013,-0.000601,-0.003720,0.000069,0.000006,0.000550,-0.007478,0.007252,0.000030,-0.004619,-0.000055,0.008499,-0.007254,-0.006851,-0.006343,0.001248,
0.000150,0.000469,0.023145,-0.002290,0.009145,-0.012655,-0.000335,-0.000022,0.007132,-0.024455,0.000864,0.000047,0.002015,0.007409,0.013323,0.000256,-0.025264,-0.000444,-0.006256,-0.011013,-0.011546,-0.016373,0.014499,
0.000448,0.004353,0.048433,-0.000312,0.014139,-0.011404,-0.000108,-0.000004,0.001409,-0.029429,0.000628,0.000031,0.000052,0.009624,0.013703,0.000306,-0.029084,-0.000366,-0.016012,-0.011789,-0.011904,-0.022364,0.019581,
-0.000065,-0.001546,0.030576,-0.002651,0.013040,-0.006714,-0.000587,-0.000033,0.004802,-0.022870,-0.000454,-0.000022,0.001451,0.021188,0.009071,0.000277,-0.022635,0.000229,-0.015966,-0.007385,-0.011097,-0.012541,0.007313,
0.000125,0.002090,0.068739,-0.003337,0.013653,-0.012069,-0.001383,-0.000095,0.015534,-0.061963,0.000490,0.000020,-0.000192,0.026942,0.013145,0.000785,-0.063838,-0.000313,-0.014519,-0.008845,-0.017317,-0.037376,0.038701,
-0.000466,-0.016182,0.000567,0.000392,-0.005642,-0.007942,-0.000013,0.000010,-0.008080,0.002654,-0.000297,-0.000014,0.004126,0.023716,0.007681,-0.000103,0.003517,0.000156,-0.005255,-0.006830,-0.009464,-0.010174,0.007623,
0.000019,0.006579,0.052147,0.002046,0.012581,0.014412,-0.000909,-0.000055,0.012824,-0.026325,-0.000668,-0.000046,-0.002179,0.006092,-0.012496,0.000350,-0.027481,0.000229,-0.004915,0.014857,0.018602,-0.009114,-0.000357,
-0.000094,0.006664,0.034914,0.000073,0.003566,0.014617,-0.000200,-0.000010,-0.002165,-0.000843,0.000401,0.000023,-0.003391,0.000987,-0.014709,-0.000076,-0.000574,-0.000162,-0.001762,0.014976,0.017326,0.000542,-0.008135,
-0.000310,0.014161,0.051929,0.004385,0.003386,0.022523,-0.000810,-0.000046,0.000675,-0.012806,-0.000808,-0.000073,-0.005951,-0.007899,-0.022277,0.000380,-0.012553,0.000200,-0.000958,0.025187,0.031498,-0.006035,-0.005737,
-0.000085,0.005552,-0.024253,-0.000035,-0.001602,0.009129,0.000198,0.000011,-0.005688,0.017931,0.000452,0.000027,-0.002063,-0.010401,-0.009438,-0.000098,0.018703,-0.000275,0.004212,0.005041,0.007952,0.011806,-0.020222,
-0.000015,0.003494,-0.055635,-0.008247,-0.007902,-0.001522,0.000757,0.000048,-0.014941,0.027950,0.002097,0.000114,-0.002587,-0.023385,-0.000389,-0.000322,0.029285,-0.000918,0.025958,-0.001058,-0.003462,0.012989,-0.013230,
-0.000067,-0.006486,-0.069654,-0.006534,-0.010899,0.001566,0.000810,0.000048,-0.018559,0.030402,0.002435,0.000136,-0.002239,0.000451,-0.005497,-0.000647,0.032260,-0.001210,0.007239,0.000966,0.001982,0.011586,-0.019113,
-0.000027,-0.000855,-0.045993,-0.004829,-0.003684,0.003619,-0.000340,-0.000019,-0.003264,0.012102,0.000300,0.000028,-0.000599,-0.009746,-0.004452,-0.000093,0.012257,-0.000135,0.004971,0.001708,0.000401,0.010139,-0.011156,
0.000456,0.008673,-0.008537,0.001226,0.004640,0.007647,-0.000747,-0.000036,0.002772,0.009624,-0.000107,-0.000008,-0.001316,-0.018426,-0.005618,-0.000252,0.009951,0.000157,0.012559,0.003944,0.009147,0.011099,-0.022766,
-0.000070,-0.001449,0.007181,0.004718,0.002856,0.001151,0.000153,0.000012,0.001965,0.002594,0.000633,0.000012,0.000460,0.001457,-0.000712,0.000002,0.002316,-0.000532,0.004207,0.001976,0.000536,0.002020,-0.004558,
0.000910,0.009966,0.024633,0.003215,-0.000422,0.001687,-0.000002,-0.000007,0.001947,0.007071,0.000645,0.000049,-0.001266,-0.019545,-0.001605,0.000127,0.006892,-0.000253,0.005014,-0.000170,-0.001148,0.007725,-0.004868,
0.000939,0.008029,0.039829,0.004663,0.000427,-0.001898,-0.000137,-0.000005,0.001667,-0.002171,0.000543,0.000004,-0.000765,-0.006384,0.001437,0.000019,-0.001929,-0.000366,-0.000789,-0.003530,-0.001099,-0.001741,0.001843,
0.000070,-0.000067,0.017952,-0.002690,-0.003087,-0.002728,0.000061,0.000007,-0.002262,-0.000187,-0.000576,-0.000019,0.000159,0.002452,0.001345,-0.000072,0.000339,0.000396,-0.002134,-0.002105,-0.002763,0.000201,0.007083,
0.002169,0.014422,0.064206,-0.001455,-0.002666,-0.004273,0.000186,0.000007,0.000486,0.003940,-0.000452,0.000046,-0.001335,-0.018480,0.003712,-0.000038,0.004083,0.000418,0.007803,-0.003029,-0.000722,0.004054,0.009574,
-0.000011,-0.001114,0.029471,0.001944,-0.008004,-0.004074,-0.000306,-0.000021,-0.002455,-0.000683,0.000648,0.000018,0.001438,-0.002683,0.001706,-0.000009,-0.000280,-0.000450,0.006498,-0.005302,-0.011022,-0.000137,0.002347,
0.000758,0.003225,0.031128,-0.000967,0.003767,-0.002910,0.000273,0.000018,0.002718,0.001807,0.000321,0.000012,0.001549,0.000992,0.004423,-0.000067,0.001881,-0.000189,-0.006460,-0.004763,-0.007344,0.002509,0.000433,
-0.000348,-0.002351,-0.004826,-0.000151,-0.003961,-0.005529,-0.000301,-0.000016,0.000072,0.001274,-0.000716,-0.000016,0.000788,0.006145,0.003819,0.000112,0.001390,0.000424,-0.004703,-0.004966,-0.003687,0.002877,0.004238,
0.000046,-0.001187,-0.015687,-0.005408,-0.005406,-0.004071,0.000357,0.000022,-0.002798,0.008205,0.000485,0.000011,0.002857,-0.006890,0.003633,-0.000045,0.008005,-0.000379,0.011398,-0.003757,-0.007727,0.008542,-0.010497,
-0.000058,-0.001139,-0.031203,-0.002367,-0.003109,-0.005671,-0.000135,-0.000006,0.002311,0.000635,-0.000427,-0.000018,0.001822,0.007717,0.005312,0.000057,0.000339,0.000181,-0.007269,-0.004699,-0.005522,0.004887,-0.005596,
-0.001396,-0.008215,-0.023456,0.000806,-0.006509,-0.002794,0.000511,0.000032,-0.006816,0.010580,0.000416,0.000009,0.001958,0.016508,0.000476,-0.000184,0.011549,-0.000262,-0.011384,-0.001739,-0.003325,0.005804,0.004276,
-0.000582,-0.004748,-0.016182,-0.003532,-0.012222,-0.009637,-0.000050,0.000001,-0.009546,0.005568,0.000317,0.000012,0.001003,-0.003649,0.007156,0.000035,0.006573,-0.000445,0.006513,-0.004630,-0.007705,0.002960,0.005922,
-0.001480,-0.009821,-0.029897,-0.001356,-0.011265,-0.001039,-0.000007,0.000008,-0.014414,0.015316,-0.000441,-0.000014,0.001953,0.021658,-0.003360,-0.000427,0.017934,0.000315,-0.014940,0.000612,-0.000246,0.004617,0.002636,
-0.001266,-0.009915,-0.017809,0.001993,-0.002219,-0.006976,0.000883,0.000029,-0.004174,-0.002034,-0.000667,-0.000011,0.004088,0.017366,0.005813,0.000421,-0.000411,0.000493,-0.014075,-0.005409,-0.012514,-0.002025,0.008719,
-0.000373,-0.004116,-0.007158,-0.008726,0.001770,-0.004497,0.000569,0.000042,0.001608,-0.012039,-0.000269,-0.000029,0.003230,-0.001847,0.005636,-0.000128,-0.011259,-0.000003,-0.005452,-0.004509,-0.014555,-0.007440,0.014646,
-0.000050,-0.000912,0.008257,-0.000776,0.003910,0.004455,-0.000112,0.000000,0.005716,-0.007419,0.000617,0.000011,0.001069,-0.002155,-0.003747,0.000012,-0.008085,-0.000316,-0.002530,0.001650,0.000626,-0.004071,0.008638,
0.000166,0.002097,0.026606,0.001343,0.017612,0.013024,-0.000067,0.000014,0.006287,-0.016661,0.000437,0.000014,0.000191,0.003209,-0.006280,0.000080,-0.015798,-0.000395,-0.008303,0.007958,0.008732,-0.013061,0.017246,
-0.000084,-0.002345,-0.001829,-0.002017,0.006123,0.005024,0.000671,0.000043,0.002894,-0.007402,0.000567,0.000024,0.000636,0.005387,-0.003980,0.000085,-0.006959,-0.000311,-0.007052,0.004563,0.003050,-0.006217,0.005965,
0.000012,0.000643,0.002410,-0.000556,0.005485,0.009096,-0.000367,0.000000,0.001993,0.000045,0.000116,0.000022,-0.000563,-0.003470,-0.007569,-0.000333,0.000462,0.000035,0.002930,0.005709,0.007926,-0.001190,0.007029,
0.000014,-0.003179,-0.012881,-0.002987,0.004199,0.004868,-0.000176,0.000004,-0.001474,0.003226,-0.000065,-0.000003,-0.000200,0.007427,-0.002794,-0.000163,0.003733,0.000034,-0.004240,0.000568,-0.002986,0.002249,-0.001689,
-0.000130,0.006126,0.029283,-0.001272,0.004077,0.009269,0.000527,0.000053,0.008582,-0.009866,0.000273,0.000015,-0.002397,-0.020275,-0.010329,-0.000326,-0.010195,0.000010,0.000498,0.007477,0.006833,-0.005296,0.023693,
0.000185,-0.005544,0.001051,-0.000788,-0.003310,0.005215,-0.000575,-0.000029,0.002282,0.007157,0.000188,0.000015,0.000333,0.007560,-0.005380,-0.000219,0.006369,-0.000015,-0.003321,0.001779,0.003244,0.006451,-0.003447,
-0.000321,0.007700,-0.019893,-0.006629,0.006829,0.007975,-0.001410,-0.000091,0.007312,0.007325,0.000093,0.000007,-0.002501,-0.012556,-0.003439,0.000313,0.007127,0.000003,-0.003129,-0.002969,-0.005359,0.007337,-0.005407,
-0.000187,0.004184,-0.027324,-0.000647,0.005110,0.005891,0.000213,0.000024,0.007059,0.011035,-0.000774,-0.000018,-0.001444,0.005681,-0.005303,-0.000511,0.010878,0.000592,-0.008692,0.004078,0.009845,0.010581,-0.018455,
-0.000216,0.004902,-0.031027,-0.000316,0.004649,0.002930,0.000234,0.000029,0.005887,0.007666,-0.000420,-0.000009,-0.001855,-0.003469,-0.002704,-0.000389,0.007723,0.000253,-0.000596,0.000679,0.011372,0.010074,-0.020156,
-0.000626,0.015184,0.008776,-0.002522,0.001767,-0.003931,-0.001245,-0.000036,0.003414,-0.003466,0.000121,-0.000001,-0.004766,-0.019953,0.004295,-0.001321,-0.003924,-0.000103,0.006745,-0.004189,0.004893,0.000340,-0.010147,
-0.000024,0.000894,-0.017839,-0.003679,0.000460,0.001594,0.000067,0.000009,-0.002085,0.007760,0.000049,0.000003,-0.001822,-0.003926,-0.000868,-0.000268,0.008337,0.000028,0.003034,-0.000491,0.005145,0.005699,-0.005349,
-0.000029,0.002988,0.031706,-0.002928,0.004285,-0.004230,-0.000138,0.000000,0.003155,-0.009115,0.000059,0.000009,-0.001899,-0.008289,0.006798,0.000503,-0.007772,0.000116,0.014782,-0.004238,-0.009746,-0.004426,0.005653,
-0.000067,-0.007651,-0.007628,-0.001570,-0.002185,0.001371,0.000760,0.000052,-0.007146,0.011319,0.000331,0.000011,-0.000394,0.007840,-0.002742,-0.000168,0.012914,-0.000175,-0.001310,0.003167,-0.000521,0.004874,0.001965,
0.000033,0.000724,-0.004563,-0.000126,-0.000663,-0.001475,-0.000413,-0.000033,-0.001508,0.000136,-0.000126,-0.000007,-0.000644,-0.005762,-0.000396,-0.000071,0.000441,-0.000010,0.005772,0.000464,0.005098,0.000405,-0.006155,
-0.000022,-0.000620,0.008408,-0.000128,-0.000460,-0.000445,0.000395,0.000039,-0.001235,0.000733,0.000415,0.000013,-0.000048,-0.004062,0.001199,-0.000014,0.000725,-0.000264,0.003654,-0.008844,0.003241,-0.000312,0.002162,
-0.000184,-0.003851,-0.003059,-0.005110,0.003066,0.001477,0.000082,0.000004,-0.012323,0.000416,-0.000720,-0.000016,-0.001156,-0.001246,-0.004593,-0.000515,0.002553,0.000442,0.005794,0.003222,-0.002182,-0.004356,0.006734,
-0.000590,-0.007505,-0.011132,0.000620,0.000964,-0.004537,0.000573,0.000065,0.000812,0.000504,-0.000068,-0.000003,0.001127,0.013022,0.004758,0.000113,0.000558,0.000041,-0.007157,-0.006421,-0.000016,-0.000096,0.000616,
-0.000481,-0.005654,-0.008511,-0.000037,-0.008075,-0.004760,-0.000213,-0.000018,-0.005440,0.005027,-0.000265,-0.000014,0.000099,0.010798,0.003013,-0.000047,0.005199,0.000181,-0.003822,-0.004392,-0.000996,-0.000664,-0.002580,
-0.001125,-0.011145,-0.006716,-0.004150,-0.005703,-0.012033,-0.000175,0.000001,0.010429,-0.015757,-0.000206,-0.000004,0.000275,0.007421,0.011705,0.000331,-0.019459,0.000108,0.011495,-0.010527,-0.010739,-0.004167,0.000746,
0.000814,0.006502,0.043928,0.001576,0.000754,-0.011901,-0.000822,-0.000070,0.011123,-0.022270,-0.000096,-0.000009,0.003961,-0.018308,0.012590,0.000880,-0.022319,0.000005,0.006186,-0.009299,-0.010242,-0.012437,0.006329,
-0.000265,-0.002607,-0.003775,0.000425,-0.000276,-0.002627,0.000380,0.000057,0.001117,-0.005164,-0.000213,-0.000015,0.000508,0.005097,0.003122,0.000087,-0.005000,-0.000039,-0.005261,-0.001611,0.002600,-0.005737,0.000579,
0.000717,0.005744,0.039488,0.001597,-0.000834,-0.006905,-0.000956,-0.000083,0.008758,-0.034341,-0.000409,-0.000028,0.005662,-0.023393,0.007747,0.001417,-0.035263,0.000090,0.020546,-0.003074,-0.000323,-0.023521,0.009283,
-0.000101,-0.001408,0.025102,-0.008529,0.001524,-0.004762,-0.000823,-0.000046,0.008419,-0.016697,0.000219,0.000022,0.002320,-0.003802,0.006267,0.000894,-0.016423,-0.000011,0.014568,-0.004689,-0.018023,-0.007993,0.009139,
-0.001869,-0.022571,-0.057326,0.001363,-0.003805,-0.011042,0.000559,0.000034,-0.003438,0.010057,-0.000223,-0.000007,-0.002477,0.050929,0.010303,0.000094,0.009738,0.000073,-0.031210,-0.011204,-0.009949,0.002464,-0.015561,
0.000260,0.003438,-0.000043,-0.000492,0.002530,0.009954,0.000186,0.000049,0.002522,-0.003142,0.000350,0.000013,0.001380,-0.003085,-0.006658,-0.000019,-0.002655,-0.000255,0.001795,0.005234,0.009484,-0.001777,-0.010688,
0.000266,0.004250,0.023665,0.001244,-0.000586,0.009531,-0.001068,-0.000089,0.003483,0.005335,0.000136,0.000016,0.000749,-0.015773,-0.009114,-0.000023,0.004908,0.000027,0.017202,0.005995,0.012209,0.008161,-0.006207,
-0.000055,-0.001496,-0.008727,0.001764,-0.001706,0.008119,0.000490,0.000039,-0.005425,0.012005,0.000515,0.000018,-0.000862,0.006493,-0.007737,-0.000054,0.012570,-0.000279,-0.003133,0.005357,0.008732,0.004951,-0.013815,
0.000100,0.001637,0.028043,-0.015072,-0.001217,0.006975,0.000523,0.000106,-0.006991,0.025528,0.000312,0.000020,-0.000796,-0.015469,-0.009474,-0.001452,0.026639,-0.000119,0.032085,-0.009580,-0.009306,0.018005,-0.016824,
-0.000047,-0.002388,-0.010435,0.000853,-0.005796,0.004535,0.001095,0.000088,-0.013993,0.013495,0.000339,0.000019,-0.001601,0.007166,-0.007227,-0.000381,0.015900,-0.000163,-0.004429,0.007165,0.008367,0.000516,-0.004310,
-0.000205,-0.007680,-0.050207,0.001881,-0.002321,-0.000150,0.000853,0.000080,-0.006428,0.019902,-0.000034,0.000000,-0.003683,0.030065,-0.001182,-0.000638,0.020348,-0.000062,-0.020590,-0.005183,-0.008533,0.012968,-0.019216,
0.000309,0.007755,-0.007500,0.002879,-0.005417,0.003991,0.000250,0.000025,-0.004861,0.015331,-0.000175,-0.000003,-0.000882,-0.002922,-0.006814,-0.000094,0.015676,0.000119,-0.008840,0.003121,0.004295,0.008143,-0.006327,
0.000099,0.002119,0.019342,-0.000108,-0.003082,0.006189,-0.000951,-0.000059,0.003486,-0.013228,-0.000453,-0.000013,0.000699,-0.003691,-0.007458,0.001008,-0.013511,0.000104,0.003881,0.010705,0.012621,-0.009575,0.002153,
0.000534,0.010995,-0.008097,0.000969,0.001898,0.010014,-0.000006,0.000005,0.011803,-0.005873,0.002178,0.000098,0.002252,-0.014080,-0.009216,0.000425,-0.007202,-0.001012,0.008836,0.010136,0.015072,0.001499,-0.019684,
0.000029,0.000048,-0.020532,-0.002448,-0.000629,0.003670,-0.000423,-0.000055,-0.001433,0.004491,-0.000111,-0.000014,-0.001030,0.003375,-0.004195,0.000429,0.004708,-0.000185,-0.004655,0.002545,-0.000297,0.004257,-0.011688,
-0.000038,-0.001011,-0.015675,0.002823,-0.000833,-0.000263,0.000556,0.000034,-0.000137,0.005127,0.000434,-0.000009,-0.000734,0.009952,-0.000058,-0.000037,0.005397,-0.000454,-0.001773,-0.000253,-0.004767,0.004921,-0.006744,
0.000497,0.008934,0.014587,0.001068,-0.003421,0.006483,-0.000802,-0.000042,-0.003294,0.009220,0.000768,0.000008,0.000190,-0.019077,-0.006176,-0.000350,0.009537,-0.001014,-0.000873,-0.006241,-0.000440,0.009714,0.005001,
-0.000125,-0.002629,-0.003639,-0.001843,-0.003556,-0.003188,0.000522,0.000058,-0.003803,-0.007278,-0.001855,-0.000064,-0.000652,0.001111,0.001473,0.000113,-0.006771,0.000681,-0.001937,0.001379,-0.002062,-0.008134,0.008190,
0.000112,0.001881,0.009977,-0.001306,0.004327,-0.002064,-0.000581,-0.000028,0.007116,-0.016391,0.000015,0.000038,0.001007,-0.000466,0.003196,0.000878,-0.017010,0.000421,0.001571,-0.000835,-0.002682,-0.011546,0.008380,
-0.000143,-0.002927,0.001783,0.000024,-0.000792,-0.006411,-0.000337,-0.000015,0.002357,-0.013744,0.000296,-0.000001,-0.000046,0.002926,0.003604,0.000393,-0.013356,-0.000326,0.001548,-0.000426,-0.000546,-0.009073,0.013854,
0.000004,0.000103,-0.025210,0.000065,0.002404,-0.003143,-0.003319,-0.000258,0.004721,-0.007171,0.003646,0.000151,0.000554,0.008652,0.005117,0.001199,-0.007032,-0.001727,-0.008384,-0.008327,-0.007581,-0.005151,-0.002308,
0.000066,0.000565,-0.007475,-0.001157,0.000710,-0.004585,-0.001375,-0.000092,0.004894,-0.007079,0.002801,0.000116,-0.000343,0.002465,0.004608,0.000699,-0.007741,-0.001155,0.001888,-0.005949,-0.005099,-0.004015,-0.001166,
0.000257,0.003828,0.000381,-0.000463,0.002827,-0.001971,-0.001738,-0.000115,0.005887,-0.009129,-0.000764,-0.000030,0.000929,0.001878,0.001956,0.000955,-0.009594,0.000168,-0.003073,-0.001400,0.000256,-0.007844,0.007764,
-0.000152,-0.002811,-0.009449,0.012884,0.000645,-0.002794,0.000341,0.000025,0.000752,0.004071,-0.001025,-0.000031,-0.001325,0.002170,0.002921,-0.000384,0.003933,0.000669,-0.019042,-0.002458,-0.001332,0.004966,0.007764,
-0.000278,-0.004595,-0.023538,0.009183,0.006117,-0.008652,0.002716,0.000107,0.007878,-0.010857,-0.002569,-0.000068,-0.000240,0.017264,0.009909,0.000997,-0.011579,0.001691,-0.016287,-0.007400,-0.014171,-0.001390,0.006123,
0.000001,-0.000207,0.010231,0.000724,0.007237,-0.004110,-0.000645,-0.000020,0.002967,-0.024754,-0.000170,-0.000014,0.001647,0.000768,0.006007,0.000573,-0.024518,-0.000190,-0.001638,-0.002249,-0.000309,-0.016240,0.011395,
-0.000068,-0.001375,-0.000746,-0.004655,0.001935,-0.001945,0.001129,0.000055,-0.004586,-0.003389,0.000424,0.000016,-0.000180,-0.003523,0.003440,-0.000380,-0.002449,-0.000507,0.001749,0.001407,-0.001816,-0.002931,0.005633,
0.000319,0.005029,0.015468,0.001377,0.004286,0.007250,0.001375,0.000047,-0.003091,0.001002,0.000793,0.000016,0.001077,-0.009087,-0.004490,-0.000294,0.002469,-0.000515,0.006678,0.004452,0.008065,-0.002903,-0.001802,
0.000055,0.000861,0.015576,0.000572,0.003154,0.001665,0.001092,0.000036,0.001604,-0.008301,-0.000539,-0.000003,0.000860,-0.007523,-0.000357,-0.000216,-0.008409,0.000419,0.008041,0.001823,0.000549,-0.009369,0.009928,
0.000016,0.000315,-0.005120,0.000959,-0.000150,0.006231,-0.000147,-0.000002,0.004098,0.002841,-0.000646,-0.000003,0.000362,0.003815,-0.006151,-0.000173,0.001983,0.000629,-0.006622,0.002116,0.000156,0.004349,-0.001266,
-0.000126,-0.002739,-0.000977,0.002442,0.001448,0.002410,0.000989,0.000016,-0.001037,0.006167,-0.001474,-0.000017,0.000136,0.006118,-0.001599,0.000206,0.006334,0.000891,-0.009096,0.003713,0.004007,0.002357,-0.003063,
0.000461,0.011116,0.022246,0.006192,0.002229,0.004738,0.000738,0.000018,0.003282,-0.002420,-0.001087,-0.000005,0.001195,-0.015443,-0.004074,-0.000181,-0.002071,0.000706,0.008424,0.002410,0.000131,-0.000620,0.010452,
-0.000136,-0.004391,-0.021393,0.000013,-0.008104,-0.001129,-0.000206,-0.000003,-0.004132,0.011423,-0.001849,-0.000043,-0.001481,0.014874,-0.001360,-0.000066,0.010723,0.001081,-0.012507,0.000131,0.006785,0.006989,-0.014480,
-0.000197,-0.006450,-0.025050,-0.002338,-0.006629,0.002639,-0.001679,-0.000021,-0.001080,0.014918,0.001240,0.000013,-0.001095,0.007650,-0.003412,0.000679,0.014524,-0.000684,-0.003557,-0.007595,-0.005372,0.012930,-0.000846,
-0.000227,-0.007591,0.002021,-0.001991,-0.002332,-0.004191,-0.000495,-0.000001,-0.003851,-0.000521,0.000842,0.000043,-0.000957,0.003981,0.003807,0.000007,0.000117,-0.000531,0.014421,-0.003055,-0.008335,-0.000681,0.005356,
0.000033,0.000313,0.031834,0.003349,-0.010931,0.000359,0.003401,0.000009,-0.018788,0.001811,-0.000599,-0.000042,-0.000669,-0.014809,-0.005683,0.000118,0.003524,0.000133,0.016290,0.008004,0.004890,-0.005973,0.007654,
-0.000104,-0.003796,-0.017517,-0.005528,-0.003626,0.001076,-0.000801,0.000000,-0.007279,0.005742,-0.000501,-0.000023,-0.002013,0.001716,-0.004382,-0.000218,0.006645,-0.000215,0.003391,0.003232,-0.001089,0.005044,0.001328,
-0.000101,-0.003072,0.002073,-0.000846,-0.007212,-0.000599,-0.000453,0.000001,-0.008112,0.009705,0.000843,0.000035,-0.001645,-0.001381,-0.001263,0.000023,0.010195,-0.000349,0.007079,-0.004918,-0.004225,0.006387,0.000574,
-0.000148,-0.003651,0.006178,0.000804,-0.009903,-0.001196,0.001025,-0.000006,-0.018318,0.016262,-0.000297,-0.000033,-0.001598,-0.003942,-0.003010,-0.000239,0.018935,-0.000165,0.010945,0.001634,0.001199,0.003971,-0.003147,
-0.000062,-0.001265,0.009937,0.001650,-0.001340,0.003957,0.000889,-0.000007,-0.007380,0.007791,0.000170,0.000009,0.000132,-0.008121,-0.005121,-0.000557,0.008993,-0.000087,0.007459,0.003137,0.003296,0.003275,0.006272,
0.000310,0.003498,0.000265,0.005212,-0.001364,-0.002257,0.000840,-0.000006,-0.002620,0.000136,0.000165,-0.000002,-0.000169,-0.011068,0.000776,-0.000266,0.000208,-0.000104,0.000859,0.002344,0.004865,-0.000339,-0.000803,
0.000398,0.004489,0.000443,0.002567,0.005321,0.004578,0.000172,-0.000001,0.006822,0.004513,-0.000450,0.000017,0.001165,-0.000318,-0.003240,-0.000384,0.004004,0.000118,-0.001967,0.003542,0.006745,0.003559,-0.005673,
-0.003323,-0.037787,-0.036489,0.019708,-0.018641,-0.025822,0.006811,-0.000034,-0.005819,0.066885,-0.001054,-0.000040,-0.013592,0.032219,0.024476,-0.002591,0.066793,0.000124,0.014580,-0.044622,-0.051867,0.066990,-0.074592,
0.002321,0.019272,0.094453,0.004510,0.010656,0.014408,0.001515,0.000003,0.016507,-0.022830,0.001429,0.000065,0.007998,-0.041859,-0.012005,-0.000178,-0.023639,-0.000608,0.032048,0.019527,0.017075,-0.017189,0.017648,
0.002300,0.017470,0.107312,0.001406,0.009236,0.011199,0.003352,0.000033,0.014493,-0.034615,0.001098,0.000058,0.009049,-0.050481,-0.009964,-0.000435,-0.035879,-0.000268,0.043577,0.021998,0.017905,-0.024872,0.035957,
0.001186,0.009051,0.053331,-0.000656,0.005512,0.001733,0.002152,0.000039,0.003510,-0.021869,0.000892,0.000016,0.004331,-0.021459,-0.001178,0.000141,-0.021889,-0.000652,0.016825,0.012960,0.015669,-0.018953,0.023119,
0.002664,0.022657,0.079101,-0.001467,0.010128,0.003798,0.000067,0.000010,0.014792,-0.033641,0.000779,0.000046,0.005101,-0.030243,-0.001822,0.000912,-0.034524,-0.000040,-0.002087,0.006378,0.007348,-0.024066,0.047239,
0.000852,0.008736,0.055643,-0.004721,0.006503,-0.000414,0.001667,0.000046,0.008700,-0.022911,0.000914,0.000031,0.003254,-0.009104,0.001939,0.000154,-0.023446,-0.000306,0.012427,0.010027,0.015625,-0.017232,0.019991,
-0.000059,-0.000968,0.018740,-0.002300,0.002435,0.002597,-0.000718,-0.000029,0.003728,-0.006983,0.000413,0.000027,0.000334,-0.001183,-0.001131,0.000620,-0.007273,0.000026,0.003805,-0.001119,0.004989,-0.005411,0.010171,
-0.000077,-0.001657,0.035223,-0.005623,0.004945,-0.004925,-0.001480,-0.000033,0.004173,-0.009310,0.000055,-0.000005,0.001082,0.009202,0.005917,0.000147,-0.009011,-0.000164,-0.005306,-0.006688,-0.000767,-0.005965,0.017781,
0.000086,0.002523,0.009892,-0.004408,0.003963,-0.000898,-0.001558,-0.000042,0.000114,-0.000143,0.000505,0.000009,-0.000322,0.004853,0.002316,0.000341,0.000449,-0.000301,-0.009897,-0.002287,-0.001288,-0.002367,0.009216,
-0.000030,-0.002710,-0.017785,0.002490,-0.001203,-0.005158,-0.001258,-0.000029,-0.000410,0.002760,0.000733,0.000024,-0.000768,0.017603,0.003622,0.000123,0.003144,-0.000401,-0.015616,-0.005236,-0.014068,0.006712,-0.003578,
0.000045,-0.012009,-0.033534,0.004948,-0.009750,-0.013178,-0.001414,-0.000033,-0.000249,0.006822,-0.000243,-0.000008,-0.000594,0.018373,0.010512,0.000133,0.006417,0.000026,-0.001124,-0.009059,-0.008209,0.008747,-0.001516,
-0.000033,0.001947,0.009623,-0.001312,-0.004290,0.004279,0.004973,0.000141,-0.004688,0.023870,-0.000522,-0.000016,-0.000827,-0.016992,-0.005691,-0.002720,0.024202,0.000221,0.013722,0.001653,0.000148,0.016269,-0.022440,
0.000677,-0.025138,-0.129526,0.029934,-0.009711,0.000021,-0.002965,-0.000104,-0.000420,0.030058,0.001516,0.000022,0.004746,0.035843,-0.002705,-0.000460,0.029820,-0.001150,-0.028085,-0.007681,0.003737,0.015087,-0.015498,
0.000833,-0.019380,-0.079397,0.015462,-0.018734,-0.003978,-0.001907,-0.000074,-0.009020,0.020385,0.001262,0.000029,0.003460,0.015650,-0.004182,-0.000733,0.021288,-0.000704,-0.006851,-0.010483,-0.012917,0.007739,0.003182,
0.001152,-0.017960,-0.098948,0.019064,-0.003970,0.003860,-0.001415,-0.000075,-0.000917,0.017699,0.000178,0.000003,0.005302,0.033729,-0.004889,-0.000676,0.017869,-0.000005,-0.027794,-0.006520,-0.005277,0.013459,-0.015940,
0.002489,-0.026212,-0.029151,0.000487,-0.002162,-0.008165,-0.003806,-0.000215,0.001151,-0.007000,-0.000185,-0.000005,0.003766,0.050360,0.008453,-0.000066,-0.006994,0.000008,0.072779,-0.012478,-0.076537,-0.006971,0.013029,
0.000783,-0.005976,-0.010208,0.000612,0.002349,-0.004986,0.003015,0.000175,-0.005960,0.001641,-0.000160,-0.000001,0.000051,0.019786,0.006227,-0.000261,0.003429,0.000116,-0.014392,-0.002538,0.003697,-0.002704,0.003045,
0.000739,-0.004308,0.000561,-0.002862,0.003848,0.001880,0.000158,0.000027,-0.001466,0.000057,0.000066,-0.000002,-0.000724,0.018285,-0.004458,-0.000454,0.000702,-0.000074,-0.015884,0.004452,-0.001715,-0.001386,0.007889,
-0.002289,0.016306,0.048318,-0.006728,0.016833,0.010577,0.000302,0.000052,0.007128,-0.018099,-0.001646,-0.000029,-0.013223,0.019461,-0.006873,0.001644,-0.018077,0.000997,-0.029373,0.019953,0.019376,-0.005009,0.008769,
-0.002270,0.015582,0.064137,-0.001980,0.016039,0.016955,0.002022,0.000207,0.006780,-0.016116,-0.001416,-0.000030,-0.010641,0.000491,-0.013541,0.001046,-0.016380,0.000692,-0.045079,0.015890,0.029183,-0.003132,0.037708,
