-0.000003,
0.000112,
-0.000010,
0.000019,
-0.000054,
-0.000099,
0.000006,
-0.000009,
0.000349,
0.000326,
0.000067,
0.000013,
0.000137,
0.000236,
0.000024,
0.000028,
0.000040,
0.000011,
0.000094,
0.000164,
-0.000003,
0.000043,
0.000181,
0.000104,
0.000032,
0.000036,
-0.000018,
-0.000091,
0.000112,
0.000142,
0.000115,
0.000089,
0.000026,
0.000124,
0.000065,
-0.000003,
0.000002,
-0.000069,
-0.000022,
-0.000024,
-0.000099,
-0.000132,
-0.000087,
-0.000196,
0.000209,
0.000443,
0.000329,
0.000086,
-0.001373,
-0.002951,
-0.001211,
-0.000876,
0.000247,
0.000104,
0.000110,
0.000129,
-0.000110,
0.000311,
0.000136,
-0.000075,
-0.000314,
-0.000123,
-0.000246,
-0.000299,
0.000105,
0.000409,
0.000142,
0.000303,
-0.000497,
-0.000267,
-0.000196,
-0.000296,
-0.000210,
0.000063,
-0.000176,
-0.000156,
0.000043,
0.000166,
0.000106,
0.000142,
0.000169,
0.000683,
0.000169,
0.000181,
0.000249,
0.000518,
0.000102,
0.000100,
-0.000082,
0.000049,
0.000081,
0.000148,
0.000442,
0.000724,
0.000680,
0.000150,
0.000065,
0.000116,
0.000101,
-0.000118,
0.000478,
0.001111,
0.000180,
0.000253,
0.000132,
0.000289,
0.000120,
0.000025,
-0.000319,
0.000100,
-0.000100,
-0.000136,
0.000344,
0.000568,
0.000595,
0.000095,
0.000382,
0.000686,
0.000541,
0.000207,
0.000401,
0.000601,
0.000145,
0.000185,
0.000305,
0.000760,
0.000372,
0.000174,
-0.000147,
-0.000141,
-0.000094,
-0.000074,
0.000748,
0.001333,
0.000343,
0.000419,
0.000218,
0.000363,
0.000466,
0.000053,
0.000212,
0.000359,
0.000161,
0.000095,
-0.000137,
0.000025,
-0.000157,
-0.000090,
-0.000423,
-0.000656,
-0.000349,
-0.000212,
0.001981,
0.000958,
0.001236,
0.000215,
-0.004132,
-0.004259,
-0.002934,
-0.001206,
-0.001593,
-0.001322,
-0.000478,
-0.000614,
0.002071,
-0.000982,
-0.000466,
-0.000189,
-0.000256,
-0.000236,
0.000458,
-0.000360,
0.004522,
0.003656,
0.004065,
0.000938,
0.009523,
0.010272,
0.008708,
0.002977,
-0.004067,
-0.002645,
-0.009221,
-0.001796,
-0.001326,
-0.000577,
0.000053,
0.000084,
0.002054,
0.000389,
-0.003515,
0.000214,
0.001119,
0.001188,
-0.000775,
0.000250,
-0.001506,
-0.000441,
-0.000758,
-0.000279,
0.000278,
-0.000347,
0.000108,
0.000207,
0.000487,
-0.000118,
0.000289,
0.000390,
-0.002658,
-0.001805,
-0.002137,
-0.000819,
-0.000733,
-0.000461,
-0.001943,
-0.000044,
-0.001272,
-0.000952,
-0.003589,
-0.000776,
0.002388,
0.003267,
0.002414,
0.001694,
0.014581,
0.009796,
0.009612,
0.004344,
-0.002049,
-0.001662,
-0.000706,
-0.000685,
-0.008409,
-0.003227,
-0.002300,
-0.002261,
-0.000827,
-0.000904,
0.001161,
0.000008,
0.000895,
-0.000446,
0.000230,
-0.000729,
-0.005935,
-0.005105,
-0.002844,
-0.002262,
-0.001584,
-0.000866,
-0.000143,
-0.000204,
-0.008621,
-0.004288,
-0.002525,
-0.001364,
0.001991,
0.001066,
0.001465,
0.001970,
-0.002669,
-0.000979,
0.000655,
-0.000053,
0.000729,
0.001236,
0.003341,
0.000408,
0.004829,
0.000655,
-0.003171,
0.002150,
0.006099,
0.004774,
0.006267,
0.001090,
0.001303,
0.000276,
0.000428,
-0.000310,
-0.000403,
-0.000887,
-0.002669,
-0.000307,
-0.002319,
-0.001586,
0.003437,
-0.002814,
0.009538,
0.008152,
0.015666,
0.003550,
-0.001851,
-0.000345,
0.002212,
0.000340,
-0.010306,
-0.006904,
-0.007701,
-0.002543,
-0.002535,
-0.002177,
0.000126,
-0.000979,
-0.007335,
-0.002300,
-0.009388,
-0.000910,
-0.006209,
-0.003937,
-0.002281,
-0.001563,
0.028924,
0.028732,
0.023346,
0.008179,
0.003097,
-0.006647,
-0.010104,
-0.000317,
0.013988,
0.013956,
-0.011930,
0.002695,
0.002644,
0.002317,
0.001260,
0.000252,
0.000558,
0.000504,
0.001197,
0.000325,
0.011220,
0.007117,
0.008222,
0.001571,
-0.009739,
-0.004721,
-0.004781,
-0.002604,
-0.005342,
-0.005342,
-0.004642,
-0.001735,
0.012012,
0.006967,
0.002615,
0.005205,
-0.010762,
-0.005035,
-0.005001,
-0.003995,
-0.000232,
-0.001469,
-0.002089,
-0.000106,
-0.003820,
-0.001455,
-0.000745,
-0.000856,
-0.012916,
-0.003436,
-0.003313,
-0.003153,
-0.004249,
-0.001624,
-0.001349,
-0.001109,
0.001942,
0.007199,
0.005924,
0.000103,
0.002520,
0.000857,
0.000183,
-0.002694,
-0.004171,
-0.004226,
-0.009136,
-0.003005,
-0.008739,
-0.002988,
-0.001147,
-0.003440,
0.006318,
0.002677,
0.001789,
0.000984,
0.008399,
0.006249,
0.008967,
0.001074,
0.001688,
0.001217,
0.002463,
0.000992,
-0.004271,
0.000651,
0.000165,
0.000042,
-0.002006,
-0.001242,
-0.000517,
-0.000699,
0.001155,
0.000658,
-0.006533,
-0.000205,
-0.012136,
-0.006718,
-0.004481,
-0.003187,
-0.006637,
-0.001649,
-0.003047,
-0.003247,
-0.007176,
-0.001854,
-0.005686,
-0.000921,
-0.004169,
-0.001842,
-0.002728,
-0.000268,
-0.000278,
-0.000864,
-0.000181,
-0.000271,
-0.004186,
-0.002596,
-0.003450,
-0.000629,
0.017816,
0.017273,
0.009289,
0.010507,
0.018092,
0.013394,
0.013049,
0.002049,
0.004958,
0.003569,
0.002726,
0.001446,
0.001240,
0.001318,
0.000111,
0.000772,
-0.000005,
0.000192,
0.000681,
0.000066,
-0.002093,
0.000088,
0.002386,
-0.000274,
-0.014395,
-0.001924,
-0.007080,
0.001508,
-0.015565,
0.000912,
-0.005589,
-0.003819,
0.072634,
0.096029,
0.020967,
0.032709,
-0.001947,
-0.000036,
-0.000605,
-0.000175,
0.006859,
0.004240,
0.002064,
0.002430,
-0.006467,
-0.004125,
-0.011574,
-0.002430,
0.004669,
0.001410,
0.001319,
0.001703,
-0.007794,
-0.004063,
-0.001653,
-0.001026,
-0.003275,
-0.003546,
-0.003718,
0.003223,
-0.002653,
-0.002203,
-0.002366,
-0.000353,
-0.019261,
-0.011220,
-0.011710,
-0.003345,
-0.051530,
-0.035228,
-0.012094,
-0.020423,
-0.007710,
-0.005439,
-0.003734,
-0.002080,
-0.000965,
-0.001503,
-0.002228,
-0.000085,
0.001515,
0.002197,
0.000794,
0.001215,
0.007552,
0.004996,
0.004882,
0.001927,
0.000708,
0.003104,
0.000499,
0.001269,
-0.009182,
-0.003395,
-0.007856,
-0.003491,
-0.002398,
-0.000763,
-0.001030,
-0.000500,
0.000497,
0.000107,
-0.000615,
-0.000255,
0.004775,
0.001730,
0.000012,
0.001027,
-0.040262,
-0.012133,
-0.024919,
-0.004121,
0.000203,
-0.000305,
-0.000276,
-0.000694,
0.003157,
0.002857,
0.000919,
0.001710,
0.002982,
0.002069,
0.004542,
0.001919,
0.002144,
0.000265,
0.001019,
0.000124,
-0.000037,
0.000093,
-0.000848,
-0.000107,
0.001512,
0.003032,
-0.001142,
0.003434,
0.005315,
0.003035,
0.000091,
0.003271,
0.001999,
0.001232,
0.001263,
0.000536,
0.001178,
0.000523,
-0.003038,
0.000356,
-0.004149,
-0.003130,
-0.003639,
-0.001283,
0.004033,
0.002973,
0.002256,
0.000738,
0.004612,
0.006309,
0.001271,
0.004749,
0.000367,
-0.000737,
0.000248,
-0.000650,
-0.007682,
-0.000861,
0.000293,
-0.000617,
0.000151,
0.001106,
-0.005453,
-0.000259,
0.001340,
0.000608,
0.000769,
-0.000371,
0.000470,
0.001399,
0.000385,
0.000890,
0.000223,
0.000538,
-0.001164,
-0.000393,
-0.001946,
-0.001279,
-0.001841,
0.001093,
0.018125,
0.013192,
0.016009,
0.009667,
-0.001407,
-0.000401,
-0.001257,
0.000510,
0.002986,
0.001837,
0.000356,
-0.001906,
-0.020488,
-0.016446,
-0.039660,
-0.011272,
0.002350,
0.004089,
0.003038,
0.001685,
0.067119,
0.060297,
0.003076,
0.045511,
0.002830,
0.002184,
0.002093,
0.000567,
-0.001736,
-0.002304,
-0.001615,
-0.000890,
-0.005353,
-0.001819,
-0.000516,
-0.001430,
0.002283,
0.003630,
0.000165,
0.002637,
0.006172,
0.007452,
0.005489,
0.002747,
0.018534,
0.009143,
0.006940,
0.003050,
-0.000031,
-0.000472,
-0.000381,
0.000215,
-0.010352,
-0.003703,
-0.000580,
-0.001725,
0.008944,
0.004806,
0.002802,
0.003397,
-0.006032,
-0.002030,
-0.002889,
-0.001708,
-0.002305,
-0.000985,
-0.002032,
-0.001076,
-0.002083,
0.000913,
-0.001070,
-0.000824,
-0.014894,
-0.004593,
-0.001852,
-0.003139,
-0.000314,
0.000313,
-0.000972,
0.000443,
-0.005276,
-0.002586,
-0.005564,
-0.001817,
-0.010142,
-0.005878,
-0.004574,
-0.005287,
0.001591,
0.001000,
0.000300,
0.001172,
-0.018104,
-0.003014,
0.004206,
-0.003797,
0.017654,
0.013590,
0.015049,
0.010603,
-0.020205,
-0.012528,
-0.025206,
-0.008435,
-0.008543,
-0.002694,
-0.001976,
-0.001277,
-0.002163,
-0.001683,
-0.005928,
-0.000498,
0.007519,
0.007398,
0.005087,
0.004326,
-0.009403,
-0.005707,
-0.016777,
-0.003872,
-0.003568,
-0.001504,
-0.001916,
-0.001292,
-0.007528,
-0.004143,
-0.005675,
-0.011284,
-0.000908,
-0.001311,
-0.002313,
0.000311,
0.001029,
0.000870,
0.004643,
0.002517,
-0.006972,
-0.003624,
-0.004969,
-0.002411,
-0.000383,
0.003280,
0.003852,
0.001916,
-0.004943,
-0.002306,
-0.004337,
-0.001269,
0.006070,
0.011959,
0.004857,
0.012910,
-0.000375,
0.000603,
-0.000216,
0.001904,
-0.015772,
-0.013959,
-0.015618,
-0.006751,
-0.006125,
-0.004085,
0.000427,
-0.005066,
-0.002197,
0.000107,
-0.001131,
0.000650,
-0.000882,
0.002133,
0.002541,
-0.000781,
-0.003944,
0.001049,
0.003238,
0.000784,
0.001886,
0.004513,
0.002776,
0.003101,
0.003594,
0.004545,
0.002574,
0.003806,
-0.004216,
-0.003266,
-0.003742,
-0.001096,
-0.001880,
-0.000439,
-0.002451,
-0.000210,
0.010962,
0.010252,
0.006222,
0.005363,
0.004193,
0.003898,
0.003101,
0.002110,
-0.006810,
-0.001758,
-0.002266,
-0.000253,
-0.009855,
-0.000487,
0.003280,
-0.002718,
0.001217,
0.002184,
-0.002002,
0.000443,
0.009117,
0.006670,
0.004081,
0.003232,
0.011186,
0.015974,
0.015418,
0.010500,
-0.001046,
0.002644,
0.001275,
0.001190,
-0.015733,
-0.007126,
-0.005993,
-0.003109,
-0.020813,
-0.008863,
-0.006401,
-0.008977,
-0.002867,
-0.001958,
0.000076,
-0.001153,
0.002546,
0.005203,
0.002138,
0.004178,
-0.018971,
-0.008536,
-0.007447,
-0.004589,
-0.007853,
-0.005323,
-0.007294,
-0.002752,
-0.001016,
-0.001664,
-0.002580,
-0.000284,
0.011915,
0.008520,
0.004060,
0.004474,
0.019165,
0.013717,
0.002105,
0.006716,
0.011167,
0.004044,
0.001832,
-0.000009,
0.001582,
0.002911,
0.002755,
0.000305,
0.000587,
0.001581,
0.000668,
0.002681,
0.027391,
0.018444,
0.006178,
0.008971,
0.007548,
-0.003542,
-0.013788,
0.002582,
-0.009922,
-0.006221,
-0.011399,
-0.005757,
0.003982,
0.003630,
0.002157,
0.002405,
0.016752,
0.006761,
0.005765,
0.000740,
-0.011030,
-0.004301,
-0.010430,
-0.005043,
0.001513,
0.002083,
0.001142,
-0.000146,
0.007409,
0.007457,
0.000734,
0.002883,
-0.007988,
-0.003024,
-0.001987,
-0.000052,
-0.007662,
-0.003078,
-0.001664,
-0.001517,
0.005955,
0.009476,
0.005866,
0.006283,
0.003871,
0.004071,
0.000599,
0.002483,
0.011289,
0.008512,
0.001002,
0.004401,
-0.009877,
-0.007187,
-0.006957,
-0.005550,
-0.006729,
-0.003475,
-0.005351,
-0.001169,
-0.004555,
-0.000113,
0.000120,
-0.004596,
0.008201,
0.012348,
0.007612,
0.015805,
0.001160,
0.001857,
-0.002507,
-0.001510,
-0.018497,
-0.010485,
-0.012437,
-0.005405,
0.009796,
0.005923,
0.002974,
0.002784,
-0.000835,
0.003123,
0.001923,
-0.004079,
0.003527,
0.006725,
0.005729,
0.008622,
0.005202,
0.001913,
0.003737,
0.000215,
-0.016208,
-0.006227,
-0.008663,
-0.004416,
0.002931,
0.002761,
-0.002649,
-0.000020,
-0.002112,
-0.001981,
-0.002342,
-0.000749,
-0.004215,
0.002312,
0.000938,
0.000455,
-0.022633,
-0.014789,
-0.015746,
-0.005619,
0.000302,
0.001580,
-0.002336,
-0.000736,
-0.004059,
0.001855,
-0.002344,
0.003060,
-0.004244,
-0.000589,
-0.000333,
-0.000346,
-0.000054,
-0.001398,
-0.002140,
-0.000074,
0.008177,
0.007545,
0.005733,
0.002789,
-0.000572,
0.003368,
0.002081,
0.000292,
-0.025948,
-0.008203,
-0.006485,
-0.007497,
0.009434,
0.006327,
0.010716,
0.005071,
-0.002876,
-0.003595,
-0.004719,
-0.002377,
-0.007676,
-0.005205,
-0.002640,
-0.010502,
0.000642,
-0.003052,
-0.005719,
-0.008171,
0.023574,
0.028012,
0.014397,
0.015817,
0.076254,
0.030118,
0.008944,
0.016647,
0.002697,
0.001631,
-0.003881,
0.000121,
-0.001846,
0.002862,
-0.001331,
0.001868,
-0.016506,
-0.012168,
-0.018117,
-0.005177,
-0.004686,
0.003963,
0.001093,
-0.002351,
-0.004299,
-0.009523,
-0.005186,
-0.006066,
0.016148,
0.007291,
0.006734,
0.002029,
-0.008718,
-0.007719,
-0.013823,
-0.006625,
0.009844,
0.009180,
0.009859,
0.007246,
0.037618,
0.020932,
0.016463,
0.009844,
0.001748,
0.000248,
-0.000132,
-0.001650,
-0.000894,
-0.007291,
-0.000067,
-0.004258,
0.001202,
0.002054,
0.000435,
0.001777,
0.020542,
0.008083,
0.005515,
0.002249,
-0.001421,
0.001016,
0.001721,
0.001882,
0.007599,
0.001597,
-0.000487,
0.006951,
-0.018241,
0.002278,
0.010868,
-0.001173,
-0.012597,
-0.002007,
-0.008093,
-0.002505,
0.003657,
0.004476,
0.005185,
0.002981,
0.007495,
0.002077,
0.006869,
0.000763,
0.014025,
0.013769,
0.015011,
0.004546,
-0.006992,
-0.003165,
-0.004590,
-0.001307,
0.000458,
0.001495,
0.001650,
0.001251,
-0.021106,
-0.008549,
-0.007167,
-0.004372,
0.013245,
0.004626,
0.001740,
0.004575,
0.045285,
0.011387,
-0.003564,
0.008761,
0.018246,
0.008407,
0.004795,
0.003615,
-0.003281,
-0.002899,
-0.002812,
-0.000692,
0.002784,
0.004371,
0.003164,
0.013570,
0.012943,
0.008676,
0.012525,
0.007782,
0.006080,
0.008616,
0.006894,
0.004312,
0.005300,
0.006495,
0.009374,
0.003892,
-0.011542,
-0.006696,
-0.012004,
-0.003918,
-0.083874,
-0.012926,
-0.016817,
-0.022161,
-0.015470,
-0.001658,
-0.002958,
-0.004898,
-0.007556,
0.004254,
0.004215,
0.004516,
-0.001120,
-0.001093,
-0.000390,
-0.001301,
0.018403,
0.011510,
0.014794,
0.006085,
0.016142,
0.006755,
0.008096,
0.004037,
-0.012874,
-0.005501,
-0.005096,
-0.002647,
-0.028375,
-0.003061,
-0.001353,
-0.006737,
-0.000646,
-0.000106,
-0.000726,
0.000020,
0.000184,
0.000461,
0.000669,
0.000689,
-0.011336,
-0.003081,
-0.005474,
-0.002454,
0.012495,
0.009089,
0.011983,
0.003542,
-0.000628,
0.000456,
-0.000781,
0.000236,
0.022055,
0.013501,
0.023789,
0.005346,
-0.007607,
-0.001735,
-0.001966,
-0.002953,
0.010891,
0.007262,
0.007722,
0.005100,
0.005199,
0.002718,
-0.000697,
-0.000439,
0.016024,
0.009256,
0.008465,
0.005104,
0.007942,
0.006563,
0.003106,
0.000352,
-0.013780,
-0.003728,
-0.011204,
-0.002942,
0.001706,
0.003716,
0.008584,
0.004574,
-0.004696,
-0.002472,
-0.001494,
-0.000944,
-0.001295,
0.000262,
-0.000447,
0.000467,
-0.019974,
-0.005215,
-0.016988,
-0.002779,
0.005132,
0.003758,
0.004271,
0.003603,
-0.017667,
0.000082,
-0.000786,
-0.005220,
-0.001199,
-0.000280,
-0.002383,
-0.000088,
-0.005242,
-0.002105,
-0.002884,
-0.000990,
0.009113,
0.003782,
0.005078,
0.003252,
0.004117,
0.001057,
0.000592,
0.001334,
0.004316,
0.001916,
0.003161,
0.002488,
0.019977,
0.009375,
0.012568,
0.007173,
-0.026850,
-0.010443,
-0.024692,
-0.007447,
-0.018284,
-0.006947,
-0.016669,
-0.002928,
-0.013026,
-0.003524,
-0.004751,
-0.003172,
-0.001267,
-0.000475,
-0.001770,
0.000133,
-0.006744,
0.002176,
0.001125,
-0.000778,
0.011242,
0.005957,
0.009248,
0.002782,
0.001744,
0.002035,
0.003566,
0.001978,
0.013654,
0.006220,
0.002114,
0.004907,
-0.007551,
-0.002210,
-0.004009,
-0.001774,
0.007392,
0.005005,
0.008172,
0.002042,
-0.003666,
-0.000394,
-0.001483,
-0.000984,
0.016978,
0.006766,
0.004958,
-0.000406,
-0.003137,
-0.004246,
-0.005261,
-0.001665,
-0.004804,
-0.000940,
-0.008975,
-0.005600,
0.003285,
0.001026,
0.001480,
0.002189,
-0.014561,
-0.006262,
-0.017214,
-0.006590,
0.016700,
0.006415,
0.010085,
0.004364,
0.002056,
0.000137,
-0.000185,
-0.000075,
-0.033385,
-0.015041,
-0.024224,
-0.009195,
0.007264,
0.003286,
0.000788,
0.003027,
-0.008761,
-0.001626,
-0.002922,
-0.001923,
-0.024585,
-0.009766,
-0.021363,
-0.008084,
-0.001994,
-0.000863,
-0.005071,
-0.002970,
0.010311,
0.005558,
0.008733,
0.005747,
-0.000174,
0.000599,
-0.001099,
0.000160,
-0.008688,
-0.003834,
-0.006419,
-0.001201,
-0.000209,
0.000802,
0.001095,
0.000934,
-0.015020,
-0.006771,
-0.013301,
-0.002741,
0.009755,
0.011971,
0.020565,
0.017145,
-0.013692,
-0.011698,
-0.015522,
-0.008696,
-0.014691,
-0.005635,
-0.009990,
-0.006347,
-0.000150,
0.000191,
-0.001252,
0.000090,
-0.035479,
-0.009888,
-0.003330,
-0.005273,
-0.022173,
-0.007603,
-0.012930,
-0.005377,
0.000348,
0.002921,
0.003834,
0.000701,
-0.025084,
-0.008106,
-0.009195,
-0.006592,
0.000939,
0.000239,
0.001505,
0.001004,
0.014557,
0.011339,
0.011197,
0.006387,
-0.013668,
-0.003196,
-0.002658,
-0.003277,
0.000655,
0.003457,
0.002419,
0.003014,
-0.000527,
0.001870,
0.002905,
-0.000774,
0.006732,
0.004254,
0.004852,
0.002555,
-0.005489,
-0.001972,
-0.009988,
-0.000572,
-0.001121,
0.008342,
0.011405,
0.003688,
0.000799,
-0.000179,
-0.003342,
0.000532,
-0.001430,
0.000945,
-0.002032,
0.000465,
0.000764,
0.004584,
0.004703,
0.004786,
0.004186,
0.003034,
0.005708,
0.003548,
0.001519,
0.001266,
-0.000101,
0.000927,
0.009960,
0.009041,
0.008686,
0.006217,
-0.002667,
-0.002111,
-0.003356,
-0.000350,
-0.002208,
0.001437,
0.000272,
-0.001315,
0.002831,
0.007469,
0.010143,
0.004369,
-0.144482,
-0.077326,
-0.065539,
-0.038153,
0.005990,
0.002314,
-0.001682,
0.000240,
0.006688,
0.006693,
0.003767,
0.003707,
-0.002488,
-0.000499,
-0.002521,
-0.000619,
-0.011951,
-0.006559,
-0.007067,
-0.005213,
-0.003660,
-0.001444,
-0.003417,
-0.000176,
-0.016775,
-0.005808,
-0.003327,
-0.004184,
-0.008783,
-0.004259,
-0.002962,
-0.003008,
-0.006451,
-0.002479,
-0.002261,
-0.001244,
-0.006908,
-0.003465,
-0.005524,
-0.003423,
0.015543,
0.015279,
0.012994,
0.003711,
0.000096,
-0.001720,
-0.007767,
-0.000065,
-0.005660,
-0.009917,
-0.011558,
-0.003481,
-0.006596,
0.001906,
0.005970,
-0.001981,
0.006620,
0.007915,
0.004744,
0.003036,
0.007757,
0.007702,
0.004260,
0.002222,
0.002887,
0.002147,
-0.000732,
0.002264,
0.001378,
-0.006168,
-0.001188,
-0.005971,
0.008889,
0.009004,
0.005832,
0.002717,
0.003056,
0.001447,
0.001349,
-0.000466,
0.005587,
0.005892,
0.002256,
0.001196,
0.005374,
0.004878,
0.000333,
0.002988,
-0.007707,
-0.005057,
-0.004957,
-0.001716,
-0.003028,
-0.000647,
-0.000626,
-0.002519,
-0.012464,
-0.008078,
-0.002472,
-0.008129,
-0.001050,
0.002435,
-0.001051,
0.001290,
0.004833,
0.004998,
0.001684,
0.002713,
0.000535,
-0.001356,
-0.003198,
-0.000073,
-0.000258,
0.001203,
-0.000202,
0.001604,
0.007104,
0.004792,
0.002398,
0.005657,
-0.006557,
0.003503,
0.002946,
-0.000652,
0.008051,
0.009418,
0.007658,
0.004336,
0.001428,
-0.000369,
-0.001050,
0.000138,
0.010936,
0.009766,
0.003307,
0.008599,
0.017741,
0.014410,
0.006644,
0.003479,
-0.001201,
-0.005068,
-0.007006,
-0.000714,
0.000983,
-0.001132,
-0.005606,
0.002033,
0.003843,
0.003524,
0.000475,
0.002079,
0.015833,
0.019949,
0.016955,
0.010175,
-0.000485,
0.012970,
0.008233,
0.005909,
0.002768,
0.009769,
0.007624,
0.008456,
0.010060,
0.007207,
0.003339,
0.003078,
0.004365,
0.004647,
0.000138,
0.004683,
0.004624,
0.008924,
0.006515,
0.002134,
0.003535,
0.006162,
-0.001486,
0.004808,
-0.002272,
-0.002081,
-0.002064,
-0.002318,
-0.001263,
-0.000527,
-0.001451,
-0.000774,
0.007228,
0.006458,
0.003090,
0.003596,
-0.011627,
-0.006647,
-0.007384,
-0.000329,
-0.001890,
-0.000857,
-0.003208,
-0.001341,
0.002272,
0.002498,
0.002056,
0.001761,
-0.006996,
-0.001361,
0.001104,
-0.002153,
0.004342,
0.004339,
0.003571,
0.002102,
-0.015628,
-0.008596,
-0.006486,
-0.004234,
-0.002955,
0.000527,
-0.000420,
-0.001598,
-0.017909,
-0.010329,
-0.008077,
-0.005258,
0.020253,
0.011788,
0.005523,
0.006329,
-0.002553,
-0.000215,
0.000993,
0.000346,
-0.001088,
-0.001409,
-0.000880,
-0.000964,
0.039154,
0.008679,
0.007145,
0.004258,
-0.001321,
-0.000799,
-0.000499,
-0.002351,
-0.021063,
-0.008167,
-0.003654,
-0.006697,
-0.001960,
-0.000164,
-0.000219,
0.000276,
0.000786,
0.001747,
-0.001185,
0.000618,
0.001577,
0.005059,
0.008453,
0.004126,
-0.007019,
-0.001010,
-0.001449,
-0.008201,
0.002721,
-0.000542,
-0.002213,
-0.001217,
0.003241,
0.002895,
0.001718,
-0.000367,
0.009384,
0.007082,
0.001183,
0.004618,
0.026704,
0.022419,
0.022605,
0.011687,
0.016898,
0.013068,
0.009157,
0.005008,
0.116361,
0.064916,
0.056226,
0.024689,
0.002181,
0.001592,
0.002140,
0.001772,
0.022232,
0.014086,
0.015423,
0.007290,
-0.004227,
-0.001204,
-0.001910,
-0.000686,
0.005348,
0.003401,
0.005644,
-0.000797,
0.000964,
0.003432,
0.003833,
-0.000471,
0.027503,
0.009471,
0.002674,
0.007806,
0.014850,
0.005909,
0.006559,
0.006069,
-0.000345,
-0.000269,
-0.000182,
-0.000207,
0.000106,
0.000292,
-0.006273,
0.001927,
-0.005725,
-0.001279,
-0.007315,
-0.001474,
-0.010366,
-0.000276,
-0.001326,
-0.002107,
0.035786,
0.015954,
0.022649,
0.012153,
-0.031486,
-0.009917,
-0.020127,
-0.008415,
0.000607,
0.003141,
0.004365,
0.002465,
-0.038826,
-0.007064,
-0.002630,
-0.009032,
0.000753,
0.000535,
0.001235,
0.000184,
0.012779,
0.004929,
0.007487,
0.003016,
0.012203,
0.005676,
0.008512,
0.003740,
0.000507,
0.000140,
0.001885,
-0.000211,
0.001827,
-0.000399,
0.001360,
0.000780,
0.015566,
0.007838,
0.010982,
0.001692,
0.002564,
-0.000934,
-0.003869,
-0.006354,
-0.006564,
-0.001656,
-0.004324,
-0.002473,
0.010479,
0.004105,
0.002081,
0.004465,
-0.017432,
-0.007888,
-0.018052,
-0.004333,
0.013871,
0.006029,
0.004336,
0.002266,
0.003745,
0.001490,
0.003730,
0.002663,
-0.007741,
-0.002872,
-0.010560,
-0.003641,
0.014304,
0.005605,
0.007159,
0.007019,
0.004705,
0.002343,
0.003649,
0.001097,
0.003992,
0.001343,
0.000221,
0.001758,
-0.000256,
0.000148,
0.000453,
0.000301,
0.008583,
0.003763,
0.010690,
0.003197,
-0.004104,
-0.001727,
-0.003808,
0.000108,
0.005927,
0.002088,
0.003576,
0.001991,
0.001437,
0.000772,
0.001257,
0.001420,
0.000702,
0.000436,
0.000112,
-0.000102,
0.005657,
0.003204,
0.009606,
0.002862,
0.002531,
0.001474,
0.003694,
0.001382,
-0.004308,
-0.001174,
-0.000559,
-0.000537,
0.002134,
0.000543,
0.001189,
0.000578,
-0.000746,
0.000407,
0.001607,
0.001361,
-0.004260,
-0.000903,
-0.001340,
-0.000902,
0.004209,
0.003375,
0.006273,
0.002096,
0.002942,
0.000565,
-0.001432,
0.000348,
0.021227,
0.006135,
0.004945,
0.005966,
-0.006986,
-0.000624,
-0.002970,
-0.002162,
-0.006897,
-0.001630,
-0.003566,
-0.002539,
0.007548,
0.002750,
0.006870,
0.002299,
0.003083,
0.002089,
0.003770,
0.000904,
0.008937,
0.002374,
0.007350,
0.003611,
-0.000797,
0.000649,
0.001249,
-0.000351,
0.010518,
0.003884,
0.006980,
0.002194,
-0.001051,
-0.000125,
-0.000383,
0.000012,
0.002578,
0.001458,
0.003382,
0.001396,
-0.006381,
-0.001303,
-0.003227,
-0.001979,
-0.002089,
0.000274,
-0.000514,
0.000428,
-0.006135,
-0.002471,
-0.006728,
-0.001949,
0.003145,
0.000914,
0.002718,
0.001395,
-0.003520,
-0.000604,
-0.003467,
-0.001587,
0.005016,
0.001757,
0.005406,
0.002477,
-0.059640,
-0.018113,
-0.036084,
-0.010310,
-0.001334,
0.000219,
0.000624,
-0.000189,
0.003741,
0.000220,
0.002673,
0.001021,
-0.004519,
-0.001382,
-0.001733,
-0.001037,
0.007552,
0.002763,
0.007330,
0.004043,
0.003076,
0.002019,
0.006505,
0.002151,
-0.029210,
-0.004401,
-0.022396,
-0.008972,
0.000551,
0.000317,
0.001318,
0.000211,
-0.003072,
-0.001085,
-0.000417,
-0.000648,
-0.009379,
-0.001995,
-0.008820,
-0.001327,
-0.034833,
-0.000798,
0.001272,
-0.011295,
0.004703,
0.001688,
0.003605,
0.001464,
0.011725,
0.007490,
0.009218,
0.001536,
0.006948,
0.003329,
0.007294,
0.002392,
0.002103,
0.000804,
0.001673,
0.001153,
0.030919,
0.014362,
0.032353,
0.007844,
0.030173,
0.009589,
0.014463,
0.006782,
-0.001610,
0.000049,
-0.000959,
-0.000617,
-0.007814,
-0.001707,
-0.007240,
-0.002163,
0.004835,
0.002646,
0.003645,
0.001405,
0.020282,
0.009178,
0.016596,
0.005655,
0.002861,
0.000052,
-0.000636,
0.001032,
0.010108,
0.003794,
0.008879,
0.003082,
-0.000070,
0.000537,
0.000917,
-0.001336,
-0.001906,
0.000527,
0.000518,
-0.000518,
0.001370,
0.000626,
0.001690,
0.000443,
-0.000506,
0.000601,
0.001088,
0.000401,
0.001768,
0.000586,
0.006200,
0.000565,
0.000731,
0.000500,
0.000868,
0.000750,
0.018139,
0.006620,
0.020554,
0.009234,
0.014364,
0.004335,
0.010951,
0.004177,
-0.002205,
-0.000199,
-0.001624,
-0.000828,
0.002114,
0.000603,
0.002284,
0.000233,
0.004475,
0.001378,
0.001089,
0.000886,
0.003652,
0.000370,
0.002842,
0.001749,
0.002601,
0.000893,
0.003664,
0.000884,
-0.001053,
-0.000067,
-0.001371,
0.000135,
0.001827,
0.000403,
0.002406,
0.000171,
-0.000681,
0.000075,
-0.003129,
0.001090,
-0.000804,
0.000462,
0.000780,
0.000228,
0.003668,
0.000498,
0.001837,
0.000311,
0.007603,
0.002304,
0.010206,
0.002514,
0.001143,
0.000398,
0.001891,
0.000929,
0.010745,
0.001724,
0.005999,
0.003654,
0.002397,
0.000500,
0.000867,
0.000594,
0.000291,
0.000032,
0.000929,
0.000178,
0.000142,
0.000029,
0.000275,
0.000198,
0.001916,
0.000352,
0.002572,
0.001449,
-0.002145,
0.000013,
-0.000094,
-0.000128,
-0.000369,
0.000261,
-0.000251,
0.000227,
0.001313,
0.000113,
0.000131,
0.000606,
-0.001470,
-0.000428,
-0.000253,
-0.000006,
0.001029,
0.000298,
0.000487,
-0.000135,
0.001279,
0.000313,
0.001165,
0.000562,
-0.011204,
-0.000567,
0.000719,
-0.003237,
-0.000569,
-0.000281,
0.000960,
0.000065,
-0.002489,
-0.000558,
-0.000642,
-0.000383,
-0.002250,
-0.000185,
-0.001444,
-0.000721,
0.000293,
0.000139,
0.000593,
-0.000030,
0.001610,
0.000149,
0.001061,
0.000402,
0.002274,
0.000417,
0.002465,
0.001905,
0.001261,
0.000322,
0.001269,
0.000245,
0.001625,
0.000263,
0.000293,
0.000508,
0.001171,
0.000065,
0.000089,
0.000344,
0.001823,
0.000353,
0.001231,
0.000293,
0.001594,
0.000459,
0.002248,
0.000663,
0.003994,
0.001002,
0.005041,
0.001417,
-0.010209,
-0.002760,
-0.015202,
-0.000778,
-0.000036,
-0.000007,
-0.000490,
0.000137,
-0.001019,
-0.000046,
-0.000778,
-0.000178,
-0.000934,
0.001281,
0.000591,
-0.000280,
-0.006699,
-0.000831,
-0.000877,
-0.001232,
0.002384,
0.000445,
0.001099,
0.000561,
-0.002845,
-0.000404,
-0.000604,
-0.001221,
