-0.000000,0.000003,0.000001,0.000098,0.000100,-0.000075,0.000044,0.000519,-0.000396,0.172779,-0.095163,-0.153699,0.191924,-1.558317,
-0.000000,0.000000,0.000000,0.000687,0.000692,-0.000518,0.000336,0.004702,-0.004111,0.235488,-0.162679,-0.122270,0.153089,-1.269099,
0.000000,-0.000002,-0.000005,0.000858,0.000843,-0.000525,0.000338,0.005079,-0.004299,0.241977,-0.221746,-0.102388,0.128516,-0.997079,
0.000000,0.000001,0.000002,0.000668,0.000656,-0.000175,0.000172,0.005399,-0.004684,0.305737,-0.280309,-0.166433,0.197644,-0.883646,
0.000000,0.000002,-0.000001,-0.000081,-0.000132,0.000050,0.000133,0.000166,0.000064,0.199476,-0.199787,-0.188726,0.213623,-0.601567,
0.000000,0.000013,0.000004,-0.000753,-0.000782,0.000507,0.000036,-0.001488,0.001600,0.299054,-0.287613,-0.284443,0.321886,-0.715070,
-0.000000,0.000028,0.000024,-0.001706,-0.001761,0.000607,0.000168,-0.007531,0.007512,0.344044,-0.343021,-0.376426,0.422661,-0.766661,
-0.000000,0.000027,0.000019,-0.001466,-0.001460,0.000827,-0.000092,-0.006690,0.006728,0.279805,-0.272761,-0.251903,0.290076,-0.550127,
0.000000,0.000021,0.000014,-0.001099,-0.001106,0.000905,-0.000321,-0.008804,0.009518,0.265047,-0.264821,-0.257507,0.297620,-0.573423,
-0.000000,0.000017,0.000010,-0.001068,-0.001071,0.000840,-0.000154,-0.006580,0.006951,0.243935,-0.242152,-0.261192,0.304494,-0.425081,
-0.000000,-0.000001,-0.000001,-0.000280,-0.000295,0.000842,-0.000339,-0.002210,0.002790,0.194157,-0.198787,-0.210876,0.248167,-0.366911,
-0.000001,0.000003,-0.000001,0.000341,0.000355,0.000965,-0.000548,0.003804,-0.002615,0.214521,-0.212642,-0.211340,0.255221,-0.315988,
-0.000000,0.000012,0.000015,0.001613,0.001615,-0.000276,-0.000014,0.006702,-0.005585,0.098784,-0.104713,-0.100125,0.111829,-0.176492,
-0.000001,-0.000009,-0.000005,0.001272,0.001287,0.000248,-0.000190,0.004708,-0.002837,0.196803,-0.200473,-0.208782,0.257419,-0.268167,
-0.000000,0.000004,0.000005,0.000360,0.000374,-0.000003,0.000098,0.002068,-0.001455,0.090258,-0.094517,-0.111740,0.133921,-0.134221,
-0.000001,0.000002,0.000002,0.000981,0.001008,-0.000058,0.000181,0.008210,-0.007179,0.140178,-0.143294,-0.142918,0.176294,-0.166411,
-0.000001,-0.000008,-0.000001,0.000488,0.000510,-0.000257,0.000661,-0.000577,0.001769,0.154902,-0.155706,-0.169353,0.220258,-0.138486,
0.000000,-0.000005,-0.000007,0.000487,0.000524,0.000029,0.000221,0.002200,-0.001025,0.141237,-0.145023,-0.153979,0.198286,-0.136331,
-0.000001,0.000033,0.000029,0.000587,0.000580,0.000164,-0.000295,0.004204,-0.003899,0.023452,-0.027070,-0.033435,0.027715,-0.051611,
-0.000001,0.000090,0.000087,0.001999,0.001953,-0.000726,0.000219,0.009827,-0.009204,0.020745,-0.026395,-0.023098,0.001711,-0.050769,
-0.000000,-0.000015,-0.000023,-0.000657,-0.000615,-0.000390,0.000853,-0.007491,0.007818,0.109150,-0.110839,-0.118308,0.163350,-0.052660,
-0.000001,0.000021,0.000016,-0.000050,-0.000075,0.000023,0.000030,0.003335,-0.003549,-0.010758,0.008234,-0.015712,0.001208,-0.029998,
-0.000001,0.000030,0.000028,-0.000089,-0.000157,-0.000021,0.000033,-0.004803,0.005041,0.005468,-0.007399,-0.026495,0.028493,-0.015381,
0.000001,0.000097,0.000095,0.002237,0.002126,-0.000960,0.000477,0.021066,-0.021040,-0.043027,0.038037,0.039643,-0.102280,-0.039387,
-0.000001,0.000150,0.000148,0.003204,0.002961,-0.001394,0.000739,0.024158,-0.023812,-0.044340,0.037069,0.047157,-0.119616,-0.040522,
-0.000001,-0.000045,-0.000055,-0.001794,-0.001666,0.000085,0.000331,-0.018188,0.018164,0.104919,-0.106049,-0.113894,0.164154,0.019712,
-0.000000,0.000093,0.000091,0.002179,0.001908,-0.000908,0.000591,0.022312,-0.022210,-0.052740,0.045931,0.038869,-0.091883,-0.036048,
-0.000001,0.000052,0.000051,0.001333,0.001137,-0.000262,0.000072,0.020950,-0.020718,-0.042546,0.035920,0.029879,-0.070652,-0.032067,
-0.000000,0.000034,0.000033,0.000992,0.000774,-0.000175,0.000101,0.006667,-0.006675,-0.012652,0.007938,0.002026,-0.014615,-0.011948,
0.000001,-0.000017,-0.000018,-0.001273,-0.001139,-0.001747,0.002004,-0.021681,0.021224,0.054588,-0.055644,-0.082631,0.113837,0.035510,
0.000000,0.000010,0.000009,0.000537,0.000374,0.000046,-0.000033,0.015293,-0.015425,-0.023885,0.018633,0.016195,-0.035473,-0.011641,
-0.000001,0.000010,0.000010,0.001558,0.001099,0.000328,-0.000520,0.017775,-0.017475,-0.022704,0.015119,0.036510,-0.062835,-0.021249,
0.000000,0.000000,0.000001,-0.000405,-0.000393,-0.000592,0.000633,0.010392,-0.010502,-0.013271,0.005025,-0.022216,0.016066,0.009122,
0.000000,0.000001,0.000002,-0.000350,-0.000353,-0.001594,0.001663,-0.003981,0.003657,0.008242,-0.015809,-0.042485,0.048675,0.013964,
0.000003,-0.000024,-0.000025,0.001401,0.000950,-0.000763,0.000635,-0.001191,0.001460,0.006961,-0.013840,0.034514,-0.046495,-0.032097,
0.000011,-0.000027,-0.000027,0.000795,0.000274,0.003664,-0.003931,0.028904,-0.028253,-0.036023,0.024535,0.091520,-0.122928,-0.039940,
0.000003,-0.000024,-0.000023,0.000661,0.000389,-0.001689,0.001708,-0.003751,0.003425,0.006512,-0.012434,-0.012908,0.014137,0.008059,
0.000003,0.000009,0.000009,-0.000209,-0.000197,-0.000081,0.000048,0.003594,-0.003576,-0.002109,0.000450,0.011355,-0.015671,0.002582,
-0.000001,0.000005,0.000008,0.000104,0.000243,-0.002686,0.002772,-0.006247,0.005377,0.006420,-0.008784,-0.038395,0.044342,0.019696,
-0.000003,0.000091,0.000093,-0.002103,-0.002033,0.004648,-0.004780,0.028476,-0.028236,-0.026970,0.010582,0.049084,-0.065412,0.004646,
0.000000,-0.000167,-0.000166,0.003299,0.002681,-0.007443,0.007947,-0.028549,0.026673,0.029821,-0.029895,-0.118422,0.139137,0.052824,
0.000001,0.000117,0.000120,-0.002073,-0.001768,0.003543,-0.003783,0.018344,-0.018016,-0.018082,0.006133,0.049769,-0.059374,-0.005245,
0.000019,-0.000254,-0.000250,0.004464,0.003476,-0.008122,0.008692,-0.028387,0.026671,0.024019,-0.032369,-0.090940,0.106153,0.017766,
-0.000004,0.000167,0.000172,-0.002475,-0.001939,-0.000806,0.000647,0.010639,-0.011729,-0.014138,0.007362,-0.015466,0.014394,0.028029,
-0.000002,0.000081,0.000086,-0.001051,-0.000908,0.000473,-0.000525,0.006831,-0.007190,-0.006118,-0.002679,0.002349,-0.004323,0.016565,
0.000018,-0.000110,-0.000112,0.001110,0.000376,0.003387,-0.003272,0.003968,-0.002625,-0.002488,-0.006229,0.058441,-0.063436,-0.007890,
0.000031,-0.000111,-0.000120,0.001059,0.000199,0.004266,-0.004310,0.006678,-0.005116,-0.005473,-0.003025,0.132270,-0.143025,-0.063809,
0.000013,0.000062,0.000062,-0.001156,-0.001427,0.005926,-0.006175,0.014217,-0.012509,-0.012284,-0.000192,0.121900,-0.133445,-0.046940,
-0.000016,0.000119,0.000122,-0.001281,-0.001010,0.001317,-0.001372,0.006163,-0.005971,-0.006354,-0.005948,0.026679,-0.029392,-0.003721,
-0.000030,0.000264,0.000268,-0.002795,-0.001854,0.000920,-0.001269,0.008948,-0.008935,-0.009686,-0.002495,-0.004762,0.003813,0.013472,
0.000002,-0.000071,-0.000068,0.001485,0.001413,-0.004646,0.005000,-0.009508,0.007975,0.005357,-0.012893,-0.028658,0.033441,-0.001624,
0.000000,0.000047,0.000048,-0.001363,-0.001649,0.006999,-0.007156,0.011946,-0.009819,-0.010063,-0.001308,0.084460,-0.089778,0.002751,
0.000021,-0.000208,-0.000208,0.003154,0.002287,-0.002303,0.002899,-0.011449,0.011120,0.006893,-0.015218,-0.048122,0.053622,0.021816,
0.000028,-0.000152,-0.000160,0.002688,0.001985,-0.002637,0.003026,-0.007974,0.007143,0.001953,-0.015699,0.006441,-0.002292,-0.007148,
0.000008,0.000011,0.000004,0.000526,0.000590,-0.001171,0.001162,-0.001622,0.001384,-0.001498,-0.007235,0.029751,-0.029066,-0.016705,
0.000008,0.000088,0.000089,-0.000800,-0.000566,0.000493,-0.000725,0.002590,-0.002524,-0.004953,-0.004237,0.033410,-0.033128,0.003792,
-0.000003,-0.000041,-0.000040,0.000850,0.000734,-0.003357,0.003687,-0.004949,0.003829,0.001512,-0.011690,-0.021454,0.025125,0.011556,
0.000047,-0.000524,-0.000514,0.007940,0.006788,-0.013416,0.015031,-0.031835,0.027809,0.022357,-0.028248,-0.189483,0.204121,0.040346,
-0.000022,-0.000069,-0.000070,0.001017,0.000831,-0.002218,0.002698,-0.006349,0.006134,0.004590,-0.016102,-0.033295,0.037472,0.014204,
-0.000001,0.000052,0.000056,0.000325,0.000602,-0.003285,0.003332,-0.003294,0.001849,0.000434,-0.008059,-0.015930,0.019863,-0.001963,
-0.000042,0.000347,0.000350,-0.002939,-0.002247,0.001263,-0.001741,0.007004,-0.006516,-0.006179,-0.002612,0.011107,-0.010925,0.020719,
-0.000018,0.000047,0.000044,-0.001003,-0.001217,0.002016,-0.001950,0.003665,-0.002662,-0.002397,-0.005694,0.117717,-0.123896,-0.064472,
0.000039,-0.000381,-0.000381,0.004185,0.003721,-0.008590,0.009658,-0.017396,0.015056,0.015098,-0.019148,-0.044710,0.057777,0.029940,
0.000020,-0.000260,-0.000256,0.003060,0.002835,-0.006127,0.007011,-0.013693,0.012526,0.014547,-0.021046,-0.061269,0.075572,0.040761,
-0.000046,0.000206,0.000208,-0.005840,-0.007002,0.018557,-0.019222,0.029279,-0.021539,-0.017205,0.004678,0.211923,-0.242341,-0.055649,
-0.000030,0.000201,0.000202,-0.000683,-0.000348,-0.000888,0.000865,-0.001867,0.003118,0.008292,-0.015805,-0.013075,0.018408,0.015349,
-0.000038,0.000087,0.000088,-0.000926,-0.001076,0.001497,-0.001377,0.000643,0.001998,0.006615,-0.015447,0.009219,-0.006426,0.029892,
0.000011,-0.000010,-0.000012,-0.000122,-0.000188,-0.000115,0.000179,-0.000425,0.001187,0.006208,-0.007059,0.038191,-0.039007,-0.005819,
0.000002,0.000046,0.000042,-0.000582,-0.000806,0.003212,-0.003277,0.002190,0.001579,0.006396,-0.012488,0.064944,-0.069273,-0.012639,
-0.000002,-0.000090,-0.000088,0.001710,0.001694,-0.004939,0.005378,-0.011339,0.011316,0.017185,-0.026034,-0.067777,0.089932,0.066203,
0.000047,-0.000118,-0.000126,0.000837,0.000424,0.001726,-0.001681,0.000026,0.002109,0.005798,-0.011602,0.117547,-0.127504,-0.071150,
-0.000024,0.000411,0.000412,-0.003577,-0.003376,0.004803,-0.005451,0.012083,-0.009789,-0.006353,-0.002842,0.036467,-0.041134,0.001439,
-0.000036,0.000157,0.000158,-0.000845,-0.000628,-0.002242,0.002225,-0.003449,0.004550,0.009049,-0.013201,-0.030480,0.045697,0.067388,
0.000013,0.000111,0.000115,-0.000880,-0.000786,0.000970,-0.001276,0.002217,-0.001033,0.000532,-0.003949,0.016175,-0.013577,0.013428,
-0.000004,0.000325,0.000331,-0.004093,-0.004388,0.011066,-0.011853,0.022322,-0.017678,-0.013983,0.005526,0.094084,-0.115462,-0.028443,
-0.000016,0.000084,0.000088,-0.001230,-0.001455,0.004259,-0.004446,0.004795,-0.001005,0.007538,-0.013777,0.027432,-0.028720,0.006097,
0.000001,0.000183,0.000182,-0.002065,-0.002135,0.004855,-0.005225,0.009861,-0.007165,-0.003679,-0.002764,0.043342,-0.045085,0.015705,
-0.000018,-0.000123,-0.000122,0.000836,0.000395,-0.001469,0.001846,-0.006459,0.007799,0.013869,-0.017602,-0.008426,0.018215,0.028079,
0.000036,-0.000076,-0.000079,0.000267,-0.000503,0.005865,-0.006076,0.005612,-0.001529,0.003517,-0.010136,0.094961,-0.100240,-0.016429,
0.000027,-0.000508,-0.000509,0.005973,0.004905,-0.012568,0.013623,-0.031688,0.028519,0.028127,-0.027913,-0.102437,0.128001,0.025621,
0.000033,0.000038,0.000036,-0.000155,-0.000183,0.001740,-0.002135,0.001479,0.000963,0.004849,-0.009575,0.075798,-0.076368,-0.018359,
-0.000026,0.000336,0.000344,-0.003731,-0.002566,0.002634,-0.003350,0.007957,-0.006006,-0.001420,-0.004083,-0.000777,0.006077,0.026627,
0.000012,0.000037,0.000039,-0.000097,0.000056,0.000129,-0.000512,-0.003623,0.006239,0.011640,-0.016588,0.041612,-0.037814,-0.013407,
-0.000001,-0.000040,-0.000035,0.000144,-0.000291,0.001922,-0.001943,-0.000613,0.002919,0.008733,-0.013369,0.041550,-0.036609,0.019907,
-0.000013,-0.000018,-0.000010,0.000541,0.000830,-0.006603,0.006699,-0.021252,0.021954,0.027592,-0.033709,-0.072118,0.105755,0.059488,
-0.000039,0.000124,0.000145,-0.001849,-0.001019,-0.001079,0.000669,-0.008662,0.012076,0.028799,-0.033694,-0.035064,0.058256,0.046517,
0.000042,-0.000263,-0.000268,0.003218,0.001308,0.003678,-0.003724,0.002728,0.000242,0.012268,-0.014125,0.107379,-0.116531,-0.022582,
-0.000023,0.000007,0.000015,-0.000511,-0.000701,0.001597,-0.001606,-0.004416,0.007703,0.025622,-0.030255,0.007106,0.013170,0.042981,
-0.000007,0.000172,0.000165,-0.002619,-0.002255,0.008272,-0.008768,0.029081,-0.027306,-0.021258,0.014787,0.064316,-0.080216,-0.004967,
0.000018,-0.000049,-0.000013,-0.000192,-0.000582,0.002031,-0.002464,-0.002054,0.005581,0.022819,-0.028007,0.030274,-0.015945,0.016512,
-0.000001,-0.000075,-0.000067,0.000822,0.000085,0.001442,-0.001389,-0.001056,0.002794,0.015204,-0.017310,0.021127,-0.011696,0.021231,
-0.000007,0.000132,0.000152,-0.002783,-0.001723,0.002804,-0.003307,0.004623,-0.001441,0.014183,-0.018454,0.005234,0.018241,0.047113,
-0.000008,0.000148,0.000162,-0.003120,-0.001883,0.004475,-0.004865,0.023273,-0.023450,-0.018863,0.014024,0.028705,-0.035281,0.000504,
0.000011,0.000273,0.000291,-0.007373,-0.004254,0.007085,-0.007999,0.044034,-0.042372,-0.033332,0.027061,0.039096,-0.049431,0.018133,
0.000007,0.000017,0.000015,-0.000804,-0.000769,0.003190,-0.003407,0.019884,-0.018844,-0.018072,0.017101,0.056737,-0.069301,0.016657,
-0.000012,0.000046,0.000047,-0.003093,-0.001439,0.000107,-0.000321,-0.000733,0.001627,0.006665,-0.009777,-0.018778,0.035350,0.031615,
-0.000002,0.000005,0.000005,-0.002728,-0.001132,0.001180,-0.001324,0.008631,-0.007712,-0.001445,-0.002185,0.013347,-0.007078,0.032099,
0.000001,0.000018,0.000016,0.001195,0.000284,0.000359,-0.000197,-0.011376,0.012388,0.018789,-0.023290,0.003565,0.010208,0.028648,
0.000014,-0.000036,-0.000010,0.000133,0.000883,0.000262,-0.000375,0.006926,-0.006604,-0.021346,0.016891,0.049065,-0.049841,0.022464,
0.000006,0.000047,0.000041,0.000422,-0.001425,-0.005864,0.006521,-0.054500,0.054475,0.048806,-0.055824,-0.128570,0.175059,0.002693,
0.000012,0.000005,-0.000002,-0.000296,-0.000807,-0.001593,0.001942,-0.023691,0.024166,0.027116,-0.035154,-0.043974,0.072999,0.024467,
-0.000023,0.000078,0.000074,0.001647,0.000642,-0.001378,0.001128,-0.006205,0.006959,0.009984,-0.010408,0.021172,-0.018440,0.000024,
-0.000022,-0.000001,-0.000012,-0.000033,-0.000476,-0.000791,0.000927,-0.016648,0.017572,0.026932,-0.029133,-0.027577,0.050937,0.026819,
-0.000043,-0.000103,-0.000102,-0.001410,-0.000641,-0.000021,0.000088,-0.001483,0.001684,0.004464,-0.008625,-0.008807,0.027682,0.021312,
-0.000056,0.000007,-0.000016,0.000104,-0.000516,-0.000517,0.000663,-0.022325,0.023998,0.046194,-0.048647,-0.033235,0.082577,0.055063,
-0.000079,-0.000018,-0.000088,-0.000617,-0.000448,0.003464,-0.003621,-0.017953,0.021060,0.070995,-0.073450,-0.025496,0.091301,0.087352,
-0.000113,0.000211,0.000167,0.001847,0.000968,0.001645,-0.002138,0.003086,-0.000855,0.026056,-0.028769,0.015421,-0.001122,0.039267,
-0.000060,0.000192,0.000151,0.001709,0.001727,0.004495,-0.005013,0.023955,-0.021627,0.028289,-0.032017,0.007816,0.006932,0.040622,
-0.000108,0.000346,0.000316,0.003158,0.002452,0.001991,-0.002815,0.030784,-0.029021,0.009129,-0.012526,0.031211,-0.049588,0.003060,
-0.000021,0.000575,0.000536,0.004990,0.003369,0.002400,-0.003300,0.041240,-0.039274,0.007406,-0.011535,0.041155,-0.057644,0.018026,
-0.000040,0.000368,0.000376,0.003183,0.002165,0.000052,-0.000543,0.031424,-0.030588,-0.020956,0.018809,0.046043,-0.085821,-0.015752,
-0.000031,-0.000011,-0.000071,-0.000401,0.000790,0.002808,-0.003029,0.013312,-0.011493,0.029952,-0.033208,0.000587,0.058905,0.077300,
-0.000025,-0.000003,-0.000017,-0.000057,0.000649,0.000146,-0.000254,-0.003583,0.004713,0.017995,-0.019511,0.006504,0.024381,0.050660,
0.000013,0.000226,0.000189,0.001900,0.000808,-0.000448,0.000092,0.014130,-0.013239,-0.000556,-0.001602,0.033108,-0.051050,0.008515,
-0.000003,0.000085,0.000076,0.000805,0.000804,-0.000457,0.000228,0.010388,-0.009798,-0.005519,0.002779,0.037557,-0.047955,0.008398,
0.000106,0.000269,0.000224,0.003796,0.000987,0.001977,-0.002363,0.002665,-0.001171,0.028404,-0.031729,0.036761,-0.024418,0.043879,
-0.000029,0.000096,0.000081,0.001361,0.000339,0.000540,-0.000837,0.003049,-0.001839,0.015900,-0.020027,0.039464,-0.026917,0.052340,
0.000025,0.000013,0.000006,0.000812,-0.000236,0.001081,-0.000780,-0.030154,0.030229,0.022104,-0.023230,-0.043700,0.073378,0.023055,
0.000027,0.000039,0.000031,0.001088,-0.000275,0.002052,-0.001726,-0.016659,0.016751,0.005279,-0.006112,-0.032815,0.043753,0.020231,
-0.000002,0.000076,0.000068,0.001923,-0.000384,-0.000298,0.000001,0.010983,-0.010416,0.001091,-0.003242,0.030967,-0.035497,0.011885,
-0.000008,0.000025,0.000053,0.002914,0.001533,-0.000230,-0.000064,0.003284,-0.002556,-0.010274,0.009163,0.055244,-0.068947,0.005608,
0.000030,0.000032,0.000018,0.002191,0.000267,0.003175,-0.002840,-0.028671,0.028751,0.037332,-0.040595,-0.036680,0.077625,0.038322,
-0.000003,0.000024,0.000012,0.000923,-0.000730,-0.002424,0.002304,-0.005522,0.007025,0.030120,-0.034338,0.042795,-0.014425,0.061118,
-0.000008,0.000049,0.000043,0.005217,-0.002087,-0.004687,0.003901,0.018130,-0.015714,0.007742,-0.009685,0.110755,-0.132225,0.003134,
0.000004,-0.000012,-0.000003,0.000474,0.001543,0.003015,-0.002630,-0.025026,0.024906,0.015774,-0.016601,-0.024405,0.066113,0.053199,
0.000005,0.000009,0.000001,0.001243,-0.001498,0.005098,-0.005056,-0.022514,0.021862,0.046881,-0.050748,-0.047534,0.102616,0.058003,
0.000001,0.000006,0.000004,0.002017,-0.001975,-0.001009,0.000734,0.004776,-0.003618,0.018804,-0.020270,0.045411,-0.041347,0.030901,
0.000004,0.000007,-0.000001,-0.001855,-0.003210,0.005076,-0.005593,-0.023447,0.024392,0.051439,-0.052988,-0.066353,0.113420,0.060461,
-0.000003,-0.000006,-0.000020,-0.001471,0.000878,-0.003279,0.002944,0.019774,-0.019115,-0.020933,0.019328,0.035189,-0.059938,-0.008637,
-0.000044,-0.000032,-0.000072,-0.004626,0.001511,0.000958,-0.001855,-0.007099,0.008815,0.033947,-0.038995,-0.013138,0.076900,0.083138,
-0.000061,-0.000084,-0.000106,-0.006876,0.003473,-0.008963,0.007952,0.042824,-0.040628,-0.020991,0.018433,0.052035,-0.055858,0.000387,
-0.000004,0.000004,-0.000040,-0.003395,-0.000800,-0.001554,0.000889,0.008191,-0.007869,0.027580,-0.032452,-0.003638,0.053503,0.049219,
-0.000007,0.000059,0.000033,0.002644,-0.003739,-0.007495,0.006596,0.029697,-0.026283,0.005613,-0.009118,0.107405,-0.138121,-0.011076,
-0.000030,-0.000029,-0.000042,-0.003645,0.000778,-0.003062,0.002358,0.020274,-0.019026,-0.005860,0.005200,0.024497,-0.035278,0.009303,
-0.000014,-0.000060,-0.000059,-0.002935,0.003626,-0.003676,0.003453,0.024554,-0.024058,-0.009662,0.007796,0.041310,-0.036952,0.023834,
-0.000023,-0.000036,-0.000084,-0.007170,0.000083,-0.000821,-0.000593,0.014047,-0.013568,0.001314,-0.002920,-0.026007,0.045920,0.018598,
0.000009,0.000032,0.000008,0.001209,-0.002423,0.006622,-0.006365,-0.024310,0.023338,0.033166,-0.037797,-0.058490,0.095691,0.047906,
0.000015,0.000006,-0.000022,-0.001768,-0.001096,0.005714,-0.005704,-0.026266,0.026901,0.043130,-0.048940,-0.052420,0.095624,0.075940,
0.000007,0.000059,0.000040,0.003642,-0.002717,0.003956,-0.003779,-0.008733,0.008213,0.015210,-0.016240,-0.017797,0.023095,0.009976,
0.000009,0.000063,0.000038,0.002330,-0.002164,0.001940,-0.002079,-0.005868,0.006511,0.019074,-0.020002,0.007087,0.008225,0.041329,
-0.000013,0.000020,-0.000041,-0.001106,-0.000558,0.001625,-0.002059,-0.009361,0.009842,0.023956,-0.028764,-0.008182,0.041689,0.046763,
0.000052,0.000073,0.000003,0.001343,-0.000730,0.002783,-0.002767,-0.016302,0.016226,0.023575,-0.026554,-0.020004,0.046084,0.032654,
-0.000047,-0.000194,-0.000244,-0.005186,0.003618,0.000397,-0.001304,-0.006669,0.005585,0.015922,-0.022263,-0.022145,0.074580,0.042971,
0.000056,0.000161,0.000096,0.004720,-0.000510,0.003526,-0.003289,-0.033999,0.033670,0.030355,-0.034892,-0.018266,0.053710,0.041871,
-0.000048,-0.000074,-0.000107,-0.003232,0.001001,-0.002514,0.001960,0.021410,-0.020367,-0.000261,0.001123,0.016162,-0.029105,0.006779,
-0.000083,-0.000058,-0.000099,-0.002172,0.001997,-0.005246,0.005034,0.019776,-0.018409,0.005936,-0.008177,0.031190,-0.021442,0.026925,
-0.000072,0.000033,-0.000146,-0.004449,-0.001942,-0.004292,0.003405,0.023549,-0.022740,0.024776,-0.025671,0.011870,0.023403,0.045835,
0.000031,0.000207,0.000113,0.001237,-0.002786,-0.004145,0.003699,0.024141,-0.022885,0.020533,-0.022915,0.047108,-0.021166,0.067862,
-0.000091,-0.000043,-0.000112,-0.004461,-0.001658,0.003698,-0.004546,-0.005068,0.006625,0.040809,-0.044124,-0.008128,0.057188,0.124197,
0.000012,0.000233,0.000192,0.002003,-0.001615,-0.005717,0.005318,0.053182,-0.055476,-0.024496,0.025459,0.065628,-0.066996,-0.022055,
-0.000036,-0.000070,0.000004,0.001052,0.004156,-0.001410,0.001839,0.013363,-0.013537,-0.015638,0.018688,0.037282,-0.026406,0.012974,
-0.000087,0.000090,0.000009,-0.000973,-0.001701,0.000747,-0.000864,-0.007588,0.008990,0.015795,-0.018695,0.006810,0.019771,0.061083,
-0.000033,0.000213,0.000165,0.001217,-0.000780,-0.005272,0.004824,0.014322,-0.012141,-0.000018,-0.000848,0.048020,-0.059595,0.006634,
-0.000088,0.000020,-0.000046,-0.001976,0.000975,-0.008125,0.007876,0.048229,-0.047414,-0.015739,0.024480,0.054411,-0.073288,-0.005068,
0.000004,0.000028,0.000032,0.004510,0.002084,0.002449,-0.001023,-0.039949,0.038022,-0.005334,0.001795,-0.028822,0.065742,-0.013047,
0.000127,0.000673,0.000656,0.007260,-0.001724,-0.008255,0.005839,0.076981,-0.076439,-0.028896,0.033351,0.131229,-0.143102,-0.055838,
0.000044,0.000165,0.000072,0.002959,-0.004156,0.008682,-0.007655,-0.054901,0.054346,0.016611,-0.028306,-0.067623,0.091942,0.021844,
-0.000041,-0.000225,-0.000240,-0.000690,-0.000728,0.008836,-0.007842,-0.047825,0.047037,0.004650,-0.019704,-0.086441,0.129148,0.042582,
0.000120,0.000130,0.000044,0.002993,-0.004391,0.006878,-0.005539,-0.039491,0.038275,0.003673,-0.014466,-0.073264,0.097603,0.011694,
0.000339,0.000836,0.000743,0.008471,-0.004465,0.000622,-0.000943,-0.008113,0.008878,0.010848,-0.012649,0.045560,-0.054632,-0.001220,
0.000030,0.000791,0.000658,0.007224,-0.007631,0.004388,-0.003852,-0.034485,0.034878,0.028579,-0.032385,-0.016552,0.034327,0.046472,
0.000508,0.000797,0.000616,0.006528,-0.005724,0.003833,-0.003570,-0.011263,0.010720,-0.000435,-0.004592,0.016677,-0.021820,-0.014435,
-0.000095,0.000530,0.000632,0.002390,-0.000262,-0.001432,0.001144,-0.004886,0.006386,0.003426,-0.004909,0.058026,-0.037716,0.024876,
0.000160,0.000388,0.000089,-0.000009,-0.000656,0.001096,-0.001579,0.008709,-0.008956,0.014049,-0.016359,0.024787,-0.015441,0.027824,
-0.001608,-0.000986,-0.000516,-0.014007,0.017740,-0.008791,0.004889,0.051884,-0.050717,-0.025483,0.029087,0.079748,-0.063950,-0.006561,
0.000104,0.000283,-0.000421,0.002057,-0.001163,0.007981,-0.007894,-0.025599,0.023922,0.027828,-0.034670,-0.042469,0.071381,0.056593,
-0.000476,-0.000222,-0.000332,-0.016497,0.017590,-0.016959,0.013775,0.084437,-0.080667,-0.023402,0.029127,0.112607,-0.159411,-0.030957,
-0.001110,-0.000079,-0.000366,-0.004882,0.005550,-0.001677,0.000738,0.036749,-0.038721,-0.030776,0.042612,0.023928,-0.027920,-0.017411,
0.000422,0.000488,-0.000179,0.002696,-0.009100,0.009652,-0.008722,-0.025393,0.023122,0.030801,-0.041146,-0.053362,0.080859,0.053950,
0.000199,0.000212,-0.000156,-0.001805,-0.004207,0.003001,-0.003077,-0.012508,0.013094,0.009544,-0.015684,-0.014585,0.010559,0.006432,
-0.000792,-0.000482,0.000249,-0.007092,0.008852,-0.002992,0.001335,0.022475,-0.022678,-0.051305,0.055358,0.046615,-0.042099,-0.043480,
-0.001224,-0.000246,-0.000272,-0.007284,0.001779,0.002679,-0.003561,0.013014,-0.015760,0.005094,-0.007876,-0.018478,0.057621,0.043608,
-0.000025,0.000276,-0.000096,0.001922,-0.000239,0.000826,-0.000315,0.005061,-0.005491,0.003795,-0.005332,0.020131,-0.012666,0.018310,
-0.000156,0.000117,-0.000088,-0.000521,-0.002786,0.003210,-0.002968,-0.005728,0.004922,0.012843,-0.018230,-0.010391,0.013958,0.022029,
-0.000565,0.000014,-0.000130,-0.002919,0.002390,-0.000869,0.000771,0.022897,-0.023357,-0.030653,0.030847,0.024380,0.001996,-0.048693,
-0.001072,-0.000370,0.000569,-0.000823,0.001240,0.005719,-0.005886,0.018703,-0.023329,-0.072030,0.073836,0.037482,-0.000507,-0.036496,
0.000377,0.000176,-0.000086,0.005019,-0.008452,0.013430,-0.011974,-0.057166,0.055709,0.015306,-0.027149,-0.032533,0.057211,0.028845,
0.000063,0.000151,-0.000072,0.003093,-0.004704,0.011188,-0.010139,-0.019537,0.016315,-0.011279,0.004031,-0.026528,0.040777,-0.009542,
0.000495,0.000210,-0.000050,0.005492,-0.010245,0.015860,-0.014494,-0.050014,0.047932,0.020929,-0.035533,-0.051806,0.062488,0.033480,
0.000956,0.000575,-0.000271,0.012936,-0.007692,0.036026,-0.032905,-0.062707,0.052122,0.005203,-0.021703,-0.082499,0.105009,-0.003310,
0.000110,0.000220,-0.000219,-0.000745,-0.002983,0.011186,-0.010739,-0.027126,0.025950,0.011533,-0.020472,-0.033011,0.031667,0.013423,
0.000526,0.000256,-0.000191,0.003987,-0.005839,0.015241,-0.014789,-0.039567,0.037523,0.030204,-0.041780,-0.036575,0.052919,0.046511,
0.000525,0.000142,0.000158,-0.001561,0.003901,-0.035431,0.034275,0.053387,-0.041737,-0.001464,0.007891,0.094969,-0.124629,-0.002374,
-0.000637,-0.000064,0.000055,-0.003199,0.001056,-0.005094,0.005151,0.007250,-0.007680,0.015441,-0.019553,0.013583,0.011876,0.053416,
-0.000086,0.000121,-0.000169,-0.005982,0.007264,-0.023671,0.021314,0.050281,-0.047091,-0.012795,0.015589,0.053435,-0.078831,-0.037207,
0.000138,-0.000088,0.000033,-0.006966,0.005872,-0.024014,0.022636,0.027037,-0.016719,0.017834,-0.018082,0.028741,-0.023652,0.049361,
0.000477,-0.000028,0.000106,-0.000003,-0.002161,0.002483,-0.002500,0.004190,-0.013079,0.003814,-0.004874,-0.004093,0.005864,0.023079,
-0.000799,-0.000016,-0.000050,-0.007565,0.007296,-0.023490,0.021639,0.035945,-0.028365,0.006066,-0.004852,0.037670,-0.037828,0.025707,
0.000083,0.000067,-0.000043,-0.004952,0.001720,-0.012294,0.011562,0.014677,-0.010201,-0.002822,0.005432,0.027735,-0.043659,-0.002657,
0.001842,0.000475,-0.000414,0.001977,0.002978,-0.031712,0.029953,0.052125,-0.043225,-0.012266,0.019395,0.105090,-0.148043,-0.030463,
-0.000002,0.000332,-0.000260,-0.000105,-0.002661,0.000550,-0.000195,-0.012102,0.014429,0.011001,-0.012104,0.018334,-0.008039,0.032815,
0.000546,0.000177,-0.000080,0.002588,-0.006981,-0.001076,0.002043,-0.009397,0.012112,0.018181,-0.019721,0.014577,-0.020963,0.021752,
0.000754,0.000097,-0.000160,0.003829,-0.008369,0.013441,-0.012185,-0.037063,0.033409,0.040592,-0.049358,-0.047061,0.045988,0.067626,
-0.000707,-0.000737,0.000731,-0.007217,-0.005886,0.011141,-0.010500,-0.010094,0.005839,0.005495,-0.011752,-0.027618,0.044401,0.025036,
-0.000437,0.000481,-0.000457,-0.000680,-0.006266,0.016022,-0.015198,-0.038723,0.036456,-0.008609,0.007789,-0.004975,0.023237,0.002704,
-0.001231,-0.000038,0.000024,-0.006028,-0.002610,0.009521,-0.008921,-0.028616,0.027854,0.012383,-0.018208,-0.032554,0.054521,0.022913,
-0.001410,-0.000287,0.000187,-0.007267,-0.000536,0.001745,-0.002126,-0.018471,0.020814,0.014153,-0.017231,0.005083,0.032643,0.051673,
0.000128,0.000005,-0.000025,-0.000907,-0.004441,-0.003163,0.003570,-0.006486,0.009064,0.001677,-0.000202,0.046646,-0.030298,0.021521,
0.000270,-0.000660,0.000783,-0.001149,0.001155,-0.000544,0.000100,0.010710,-0.009690,0.015228,-0.015966,0.009382,0.003531,0.064479,
-0.000648,0.000373,-0.000321,-0.003069,0.004402,-0.007153,0.005812,0.038339,-0.039341,-0.018504,0.024587,0.061205,-0.032289,-0.006548,
0.002725,0.001202,-0.001308,0.005459,0.002969,-0.013704,0.011579,0.050575,-0.050283,-0.006156,0.012028,0.057629,-0.084580,-0.029877,
-0.000392,-0.000965,0.000863,-0.009366,-0.003254,-0.004236,0.005442,0.033594,-0.041371,-0.024705,0.028064,0.040451,-0.033605,-0.047090,
-0.000848,-0.000794,0.000849,-0.004947,0.000208,0.004335,-0.004782,0.033789,-0.040048,0.007084,-0.011097,-0.007757,0.034896,0.023175,
-0.000055,-0.000672,0.000512,-0.005149,-0.012760,0.017157,-0.014145,-0.020129,0.013382,-0.012590,0.009817,-0.011881,0.011072,-0.010642,
-0.000201,-0.000360,0.000051,-0.003921,-0.001800,-0.005126,0.006227,0.001807,-0.001155,0.012356,-0.014257,0.022023,-0.015725,0.027166,
-0.001838,-0.000584,0.000518,-0.000332,-0.011261,0.017517,-0.014725,-0.038612,0.035601,0.017240,-0.027115,-0.043268,0.053993,0.037242,
0.000938,0.000693,-0.000813,0.001679,-0.000445,0.003568,-0.006731,-0.015170,0.018981,0.011420,-0.017030,0.007849,0.004494,0.030447,
-0.000748,-0.000546,0.000551,-0.000482,-0.014196,0.019237,-0.015768,-0.027839,0.022485,0.005151,-0.012044,-0.018269,0.034726,0.028549,
0.001826,0.000023,-0.000284,0.004440,0.000827,-0.002293,-0.000262,-0.001166,0.006695,0.021859,-0.025636,0.011091,-0.010880,0.046682,
0.000549,-0.001034,0.000559,-0.004764,-0.011405,0.002701,0.001426,0.009223,-0.020385,-0.009942,0.011002,0.019650,-0.047428,-0.033849,
0.029151,0.008701,-0.007036,0.040426,0.023624,-0.069835,0.048540,0.181991,-0.212825,-0.082532,0.138184,0.175776,-0.517560,-0.281021,
0.001720,-0.000313,0.000094,-0.007698,-0.004908,-0.002755,0.004782,0.007381,-0.012123,-0.009989,0.013790,0.032231,-0.036639,0.011639,
-0.002101,-0.000968,0.000823,-0.012389,-0.015878,0.014203,-0.007897,-0.014531,0.004994,-0.022686,0.021780,0.003743,0.030399,-0.022072,
-0.002727,-0.001637,0.001436,-0.003003,-0.018861,0.021211,-0.014854,-0.040055,0.035473,0.014966,-0.029497,-0.042134,0.057153,0.024747,
-0.003287,-0.000933,0.000838,-0.015186,0.016016,-0.016936,0.011641,0.056885,-0.063367,-0.017830,0.023363,0.048399,-0.007697,-0.004984,
-0.004389,-0.002019,0.001637,-0.007616,-0.021416,0.026350,-0.018602,-0.040611,0.033815,0.004028,-0.019603,-0.061533,0.073694,0.003797,
-0.001361,-0.000972,0.001840,0.000260,-0.014314,0.011061,-0.005637,-0.028051,0.029088,0.014274,-0.020130,-0.015893,0.019954,0.015992,
-0.005225,-0.001874,0.001383,-0.002671,-0.006142,0.012117,-0.010877,-0.007453,0.004152,0.007899,-0.020243,-0.028826,0.057934,0.020772,
-0.000723,-0.000127,0.000749,0.003713,0.000302,0.003211,-0.005907,-0.005093,0.006793,0.014151,-0.017850,-0.011501,0.006232,0.022506,
-0.002655,-0.001573,0.000620,-0.000737,-0.009672,0.009862,-0.005045,-0.017691,0.014815,0.008037,-0.017613,-0.013967,0.009662,-0.000098,
0.005399,0.001217,-0.000937,-0.016344,0.036164,-0.046795,0.035139,0.084753,-0.091798,-0.027241,0.050779,0.107544,-0.107587,-0.017556,
-0.000896,-0.000952,0.000825,-0.015626,0.011862,-0.014114,0.012046,0.009709,-0.006102,0.003527,0.001497,0.019408,-0.013746,0.026829,
-0.010968,-0.003560,0.002351,0.001785,-0.023222,0.034840,-0.025608,-0.052162,0.062908,0.034858,-0.066286,-0.094884,0.117122,0.038575,
-0.011862,-0.003289,0.002536,0.001795,-0.018620,0.029176,-0.020227,-0.028051,0.026970,0.019746,-0.040675,-0.066630,0.100547,0.024837,
0.002598,-0.000149,0.000704,0.000755,0.003691,-0.010701,0.006475,0.010408,-0.009315,0.007921,-0.006062,0.029748,-0.038154,0.011249,
-0.007622,-0.002590,0.002119,-0.008059,-0.021212,0.023401,-0.012564,-0.019730,0.010310,0.006004,-0.017725,-0.026746,0.044911,0.006749,
-0.003990,-0.001654,0.000556,-0.009290,0.015884,-0.020116,0.013648,0.024071,-0.020417,0.010088,-0.012747,0.027295,-0.008051,0.047430,
-0.004217,-0.001743,0.001107,0.009571,0.006250,0.001607,-0.009467,-0.000145,0.009982,0.018404,-0.033600,-0.022534,0.041785,0.035114,
-0.010716,-0.002999,0.002946,0.024802,0.020611,-0.008874,-0.010984,-0.014768,0.060387,0.062625,-0.091571,-0.059624,0.048279,0.101021,
0.020194,0.001431,-0.000890,0.003813,0.055198,-0.061676,0.038530,0.125734,-0.174342,-0.045108,0.079271,0.104982,-0.069004,-0.045544,
0.008672,-0.000597,0.000210,0.000756,0.015868,-0.020175,0.006883,0.034105,-0.041967,-0.004840,0.010754,0.044443,-0.029585,0.002622,
-0.009249,0.000268,-0.001055,-0.017014,-0.018019,0.020405,-0.002372,-0.013014,0.007001,0.003226,-0.015354,-0.019352,0.056059,0.007138,
-0.018204,0.002126,-0.003508,-0.026521,-0.031717,0.040579,-0.014998,-0.038636,0.033455,0.010572,-0.031160,-0.063325,0.090689,0.028234,
-0.012695,-0.001213,0.001386,-0.007567,-0.019158,0.028163,-0.017475,-0.063151,0.113864,0.044830,-0.077294,-0.087120,0.078681,0.076398,
0.001129,-0.000194,-0.000235,-0.007961,0.004157,-0.007774,0.009088,0.000277,0.013380,0.014103,-0.021178,0.007380,0.014943,0.041640,
0.027040,-0.001170,0.007362,0.017361,0.017413,-0.047996,0.023226,0.042691,-0.032820,0.002491,0.032933,0.120396,-0.157830,-0.002119,
-0.004008,-0.001163,0.000794,0.002574,0.007693,-0.005813,0.002637,-0.001257,0.019183,0.020797,-0.031423,-0.004578,0.022141,0.051573,
-0.001346,-0.000920,0.001376,0.005066,0.000841,-0.002918,-0.002336,-0.015221,0.049347,0.024409,-0.035414,-0.011731,0.009314,0.064080,
0.009870,-0.002574,0.002393,0.004721,0.013152,-0.022663,0.009857,0.012879,0.000448,0.013581,-0.011666,0.032360,-0.036097,0.035777,
0.017134,-0.000571,0.000090,0.003096,0.007423,-0.017813,0.011618,0.051024,-0.080014,-0.031639,0.073861,0.086025,-0.071270,-0.028556,
-0.004280,0.000127,0.000555,-0.000103,-0.002051,0.001289,-0.001741,-0.031544,0.068451,0.033561,-0.050403,-0.028943,0.034904,0.097253,
0.006686,-0.000600,-0.000346,-0.000825,-0.012583,-0.004807,0.006019,0.005672,-0.010669,0.008210,-0.008026,0.047734,-0.050683,0.010276,
-0.002275,0.002418,-0.004124,-0.011664,-0.015936,0.008101,0.003529,-0.014230,0.008476,0.002902,-0.008203,0.010275,0.003724,0.026723,
0.003480,0.001842,-0.002607,-0.014082,-0.013712,0.002860,0.007083,-0.006007,0.008128,0.013106,-0.021553,0.014900,-0.000713,0.033609,
0.004557,0.002668,-0.003138,-0.012293,-0.003433,-0.005927,0.012179,0.048200,-0.074870,-0.017552,0.035965,0.068720,-0.001660,-0.017501,
-0.004027,-0.000077,-0.000467,-0.009603,0.002292,0.000646,0.000203,-0.002789,0.011184,0.018306,-0.034651,-0.028875,0.025196,0.054170,
-0.013661,0.006565,-0.007289,-0.020482,-0.024310,0.028487,-0.003717,-0.027673,0.016708,0.004014,-0.029683,-0.063839,0.087331,0.000806,
-0.010785,0.005447,-0.006268,-0.015045,-0.020966,0.017824,-0.001426,-0.013523,0.004644,-0.000680,-0.012845,-0.025937,0.039401,0.017363,
-0.015552,-0.000842,0.000048,-0.002161,-0.006040,0.013408,-0.010617,-0.015607,0.026259,0.015474,-0.042446,-0.063227,0.051415,0.025583,
-0.011129,0.002606,-0.003423,-0.018077,-0.018292,0.017468,-0.001586,-0.006968,-0.012151,-0.002173,-0.009337,-0.028269,0.031769,-0.007444,
-0.020167,-0.004682,0.004380,-0.000296,0.003395,0.008622,-0.009572,-0.012655,0.082357,0.029795,-0.073031,-0.070973,0.103944,0.093307,
0.023714,0.001642,-0.000635,-0.003951,-0.012994,-0.011603,0.018525,0.031324,-0.048956,0.001575,0.013869,0.067891,-0.063433,-0.003141,
0.014740,-0.002083,0.002887,0.004264,0.009625,-0.018706,0.006978,0.043115,-0.039136,0.009396,-0.004286,0.045341,-0.019187,0.034209,
0.045664,-0.005908,0.008143,0.029550,0.039222,-0.051309,0.012945,0.092805,-0.126186,0.012307,0.007618,0.098413,-0.092645,0.003636,
0.005646,-0.006291,0.006984,0.015314,0.017494,-0.015970,-0.004193,0.032669,-0.035383,0.006654,-0.012535,0.010806,-0.014262,0.016099,
0.005910,-0.004205,0.005026,0.014170,0.009474,-0.012011,-0.003679,0.018956,0.001884,0.011281,-0.021535,0.017679,-0.006520,0.043883,
-0.010539,-0.003881,0.003936,0.000907,0.000094,0.000684,-0.005966,0.005005,0.026310,0.011971,-0.034037,-0.030540,0.019130,0.044030,
0.007385,0.001127,0.000133,-0.002573,-0.003956,-0.002282,0.003128,0.024761,-0.068015,-0.011121,0.041639,0.045161,-0.033869,-0.022382,
-0.031135,0.005153,-0.007628,-0.024243,-0.019597,0.029466,0.001004,-0.033440,0.048767,0.005355,-0.044788,-0.078838,0.089838,0.040123,
-0.015389,0.012849,-0.014545,-0.035126,-0.046151,0.034149,0.008166,-0.020982,0.011881,-0.007669,-0.013692,-0.025566,0.082377,0.014101,
-0.012857,-0.000106,-0.001508,-0.000699,-0.006034,0.009115,-0.007777,-0.009596,0.019060,-0.001092,-0.018963,-0.034733,0.042635,0.030729,
-0.005590,0.000535,0.001146,-0.002764,-0.013003,0.004819,-0.002020,-0.008769,0.048338,0.007386,-0.029287,-0.019873,0.012208,0.051918,
-0.009372,-0.004140,0.003303,-0.004507,0.000109,0.001649,-0.002224,-0.006391,0.039799,0.005923,-0.030793,-0.030038,0.035637,0.046864,
0.005047,-0.003908,0.004401,0.008347,0.008175,-0.011427,-0.006456,0.002838,0.009756,0.005954,-0.002554,0.014844,-0.025097,0.011184,
-0.001046,-0.003389,0.004075,0.003917,0.001811,-0.003974,-0.001817,-0.000126,0.002637,0.003561,-0.010950,-0.006105,-0.006032,0.023731,
-0.011951,-0.010116,0.009699,0.013690,0.014457,-0.008325,-0.015655,0.009178,0.034152,0.003282,-0.033430,-0.039333,0.033183,0.042094,
-0.012234,-0.004733,0.005623,0.009740,0.009267,-0.005754,-0.011196,-0.004378,0.069733,0.004463,-0.029715,-0.027348,0.024978,0.066708,
0.019820,-0.005739,0.017760,0.018725,-0.006391,-0.017968,-0.001600,0.026927,-0.016009,0.007423,0.012167,0.034401,-0.083106,0.001803,
-0.001154,-0.002697,0.002093,0.008146,0.013573,-0.003716,-0.007873,0.005553,0.007543,0.002975,-0.012744,-0.006688,0.019427,0.041537,
0.006268,0.007795,-0.005657,-0.003497,-0.028373,0.004393,0.009670,-0.003313,-0.014450,0.003227,0.002068,0.042718,-0.038600,-0.015828,
0.000722,0.003846,-0.004222,-0.004791,-0.005661,0.000092,0.007352,0.002771,-0.003392,0.001809,-0.007139,0.011111,-0.012599,0.037185,
-0.001290,0.003644,-0.003320,-0.004658,-0.005882,0.002641,0.006430,-0.004343,-0.002363,0.007749,-0.009404,0.019652,-0.008224,0.026146,
-0.006644,0.006630,-0.006128,-0.001652,-0.014453,0.006613,0.006077,-0.007154,-0.003378,0.001639,-0.012707,0.005388,0.005839,0.014437,
-0.006321,0.003823,-0.004738,-0.003080,0.005883,0.001100,0.002081,0.010752,-0.022554,0.001881,-0.021321,-0.018029,0.047625,0.030329,
-0.016201,0.010356,-0.012352,-0.011275,-0.014096,0.017560,0.005984,-0.016492,0.006856,-0.003143,-0.031633,-0.027993,0.063897,0.034877,
-0.005819,0.006804,-0.007716,-0.006919,-0.004875,0.011512,0.002208,-0.010110,0.015312,-0.001852,-0.027654,-0.027563,0.050688,0.050913,
0.003799,0.006877,-0.005926,-0.006521,-0.015018,0.002439,0.012117,-0.002959,0.019117,0.001146,-0.002597,0.027971,-0.028010,0.042606,
0.011420,-0.001425,-0.000366,-0.000602,-0.000087,-0.010135,0.006109,0.022688,-0.034875,0.009124,0.005997,0.041357,-0.053927,0.006623,
0.008051,-0.010018,0.009897,0.021391,0.045904,-0.025577,-0.008001,0.056797,-0.063880,0.019588,-0.012784,0.042698,0.031662,0.015210,
0.011036,-0.012439,0.011672,0.020095,0.034627,-0.026490,-0.019946,0.041768,-0.066635,0.016951,-0.008354,0.021302,-0.017864,-0.027341,
0.017148,-0.001542,-0.001790,-0.012054,0.011427,-0.013007,0.010504,0.032601,-0.041713,0.017500,0.008235,0.053228,-0.043562,0.006732,
-0.003811,0.004388,-0.006971,-0.009856,-0.009595,0.008720,0.004300,0.005732,-0.046853,-0.005341,0.008050,0.012512,0.016012,0.003229,
0.001018,-0.003383,-0.001149,-0.008683,0.005074,-0.008152,0.008276,-0.004592,-0.013434,0.014273,0.021761,0.057977,-0.037529,-0.013783,
-0.012553,0.002938,-0.004189,-0.007338,-0.014002,0.010240,0.002543,-0.009880,0.012288,-0.012897,-0.019417,-0.041976,0.023469,0.023651,
-0.016908,0.004580,-0.005894,-0.008027,-0.018187,0.014569,0.002087,-0.013646,-0.001728,-0.013999,-0.017352,-0.043712,0.031535,0.007470,
-0.048880,0.019157,-0.021143,-0.034978,-0.050194,0.047709,0.017539,-0.040560,0.040920,-0.042089,-0.042731,-0.130006,0.111003,0.030567,
-0.032560,0.012448,-0.014790,-0.026440,-0.041585,0.037405,0.015140,-0.026280,0.035144,-0.036032,-0.033078,-0.099424,0.073569,0.034464,
0.035055,-0.006257,0.011939,0.018612,-0.010959,-0.018326,-0.004526,0.008271,0.022870,0.012345,0.005862,0.051174,-0.115795,0.015585,
0.004342,-0.002171,-0.000425,-0.000308,0.004487,-0.005180,0.005365,0.004502,-0.011998,0.003117,0.004714,0.028523,-0.002759,0.019108,
0.002399,0.002702,-0.003502,-0.006995,-0.003250,0.004018,0.005243,0.013228,0.011083,-0.005946,-0.011083,-0.004200,0.029943,0.036342,
0.004019,-0.001049,0.000735,-0.001322,0.002422,-0.002173,0.002100,0.013732,0.029367,-0.009070,0.000316,0.002538,0.009450,0.042083,
0.013985,-0.006572,0.005558,0.012077,0.015000,-0.018460,-0.014258,0.016170,0.032175,-0.002068,-0.015575,-0.008017,-0.012023,0.024771,
0.008665,-0.004544,0.006029,0.007083,0.014753,-0.008614,-0.003668,0.029185,0.036721,-0.006229,-0.005866,-0.001166,0.004706,0.043052,
0.006141,-0.000468,-0.000077,-0.010014,0.004688,-0.001591,0.010841,0.010452,0.045525,-0.003324,-0.006977,0.012505,-0.008917,0.066687,
-0.001043,0.005766,-0.004889,-0.007289,-0.016004,0.011367,0.014403,-0.000406,0.038675,-0.010052,-0.018415,-0.010176,-0.000447,0.051665,
-0.003047,0.003179,-0.004116,-0.009488,-0.020113,0.012572,0.007850,-0.007589,0.019665,-0.012570,-0.007363,-0.012169,-0.014813,0.026513,
-0.018871,0.007672,-0.009000,-0.026255,-0.022180,0.027181,0.024834,-0.010555,0.030936,-0.025173,-0.023120,-0.057186,0.041245,0.068436,
0.002615,0.000161,-0.001888,-0.007599,-0.005991,0.007261,0.014720,0.007863,-0.005316,-0.006963,-0.004063,0.008827,-0.007273,0.040081,
-0.001044,0.005380,-0.004206,-0.016938,0.004879,0.010597,0.020602,0.020107,0.016459,-0.003064,-0.002664,0.007190,0.016409,0.059749,
0.022991,0.004671,-0.001396,-0.000079,0.012240,0.003263,0.008261,0.038336,0.011919,0.001613,-0.019186,0.001045,0.018747,0.061470,
0.109730,0.006635,0.001254,0.021998,-0.003453,-0.031032,-0.016516,0.076198,-0.024147,0.047987,0.004735,0.073910,-0.194496,-0.013592,
0.005807,0.001587,-0.002884,-0.005454,-0.014534,0.006715,0.011451,0.009844,0.029720,-0.003523,-0.001619,0.015026,-0.026896,0.041375,
0.017907,0.002439,-0.004161,-0.003642,-0.004514,0.003616,0.007396,0.019377,0.012023,0.008811,0.000828,0.032656,-0.032484,0.029282,
0.004398,0.000809,-0.002468,-0.007668,0.003901,0.005504,0.008351,0.011508,0.000003,0.009141,-0.002246,0.022149,-0.011829,0.032118,
-0.026703,-0.001596,-0.002907,-0.013580,-0.015239,0.015891,0.021317,-0.010253,0.008304,-0.014497,-0.017002,-0.026879,0.016584,0.046698,
-0.012659,-0.003704,0.002049,-0.006293,-0.003664,0.010357,0.012702,-0.005173,-0.032107,-0.018176,-0.013185,-0.027644,0.038718,0.018680,
-0.051482,-0.008075,0.000484,-0.019364,-0.018655,0.023283,0.031470,-0.035868,-0.005590,-0.033975,-0.028447,-0.057382,0.052839,0.056253,
-0.020534,-0.011803,0.002070,0.000211,-0.004976,-0.004801,0.002486,-0.016585,-0.042311,-0.023740,-0.015309,-0.016644,0.040569,-0.013961,
0.002495,-0.011249,0.001098,0.012762,0.004668,-0.005231,-0.000943,0.004688,-0.043973,-0.026052,-0.009094,0.001799,0.038801,-0.015754,
-0.005449,-0.004307,0.001231,0.007046,-0.003427,0.000061,0.003575,0.005364,-0.010444,-0.009377,-0.001796,0.014366,0.003234,0.008598,
-0.014732,0.000402,0.006784,-0.007322,-0.003074,0.006487,0.005667,-0.015526,0.018791,0.012928,0.024833,0.035197,-0.032575,0.030141,
-0.012642,0.000015,0.000131,-0.003931,-0.008361,0.006929,0.007969,-0.000935,-0.019319,0.000733,-0.002243,0.014698,-0.015521,0.033689,
0.012733,0.005332,0.004307,-0.004486,-0.001634,0.009411,-0.001216,0.010133,-0.011987,0.020228,0.017357,0.056253,-0.050583,0.029979,
0.020187,0.011510,-0.008798,0.000629,0.018912,0.013450,0.013738,0.028762,-0.034451,0.023453,-0.013588,0.039403,-0.002077,0.044441,
0.011602,0.006638,0.007960,-0.012944,-0.000152,0.010658,0.001337,0.027962,-0.026712,0.018663,0.022449,0.043946,-0.050921,0.029436,
0.017941,0.012478,0.010995,-0.003676,-0.000146,0.013684,-0.004274,0.000961,0.004030,0.041939,0.041466,0.084505,-0.081806,0.031633,
0.006744,0.004040,0.003460,-0.002597,-0.000630,0.006841,0.000972,0.022420,-0.031089,0.007764,0.006729,0.021511,-0.023870,0.024472,
0.031510,0.006947,-0.003080,-0.000957,0.006677,0.007558,0.001969,0.026891,-0.026882,0.023991,0.005980,0.045306,-0.030718,0.017656,
-0.042666,-0.006081,0.002784,-0.002373,-0.010268,0.000052,0.003128,-0.015356,-0.001201,-0.021520,-0.008105,-0.019812,0.019451,0.058630,
0.057178,0.007287,-0.012231,0.004470,-0.025646,0.008274,0.003296,0.062013,0.008879,0.028006,0.001195,0.054161,-0.111553,0.023583,
0.028146,-0.007352,-0.005394,0.003337,-0.019447,-0.003654,-0.001223,0.043751,-0.003314,-0.007276,-0.002681,0.015903,-0.046732,0.000165,
0.002419,-0.004171,-0.010010,0.000843,-0.002179,-0.006102,0.008149,0.008491,-0.006168,-0.015245,-0.029880,-0.021430,0.021266,0.014086,
0.021426,-0.001153,-0.008255,-0.002210,-0.003992,-0.000841,0.001097,0.023097,-0.005486,0.010589,-0.002841,0.021052,-0.037715,0.011909,
-0.028099,-0.004840,0.003312,0.006194,-0.003865,-0.001495,-0.003022,-0.015681,0.014077,0.001200,0.005001,0.018306,-0.027735,0.041627,
0.014128,0.004499,0.000373,0.008726,-0.019308,0.007386,-0.000090,0.001062,0.021699,0.032300,0.026926,0.077377,-0.102832,0.027724,
-0.036374,-0.006774,0.001913,0.001432,0.004554,-0.007250,-0.005061,-0.008900,0.000553,-0.002675,-0.004120,0.002051,-0.001525,0.038836,
-0.000399,-0.001822,0.002750,0.004742,0.002748,0.002412,-0.004930,0.000742,0.005846,0.011019,0.011365,0.036178,-0.032018,0.026417,
0.040497,0.005622,-0.009797,-0.001493,0.024419,0.011755,0.009370,0.044298,-0.004497,0.023832,-0.000796,0.044565,-0.002181,0.030908,
0.020118,0.000028,-0.008948,-0.001098,0.011545,0.000420,0.004480,0.040477,-0.024523,0.014976,-0.010749,0.033682,-0.014427,0.010855,
-0.033664,-0.020319,-0.001119,0.009863,-0.002141,-0.019691,0.005479,0.022187,-0.000701,-0.041117,-0.031565,-0.037331,0.033951,0.016489,
-0.037209,-0.010803,0.008210,0.009344,-0.002345,-0.010564,-0.001095,0.008038,0.017449,-0.020114,-0.005562,-0.015169,0.007979,0.032721,
0.013035,0.007494,0.004524,-0.002023,0.017070,0.006665,-0.003459,0.008506,0.008381,0.027485,0.016024,0.043950,-0.027046,0.035421,
-0.031930,-0.006125,0.010742,0.007680,0.002561,-0.001590,-0.007968,-0.011872,0.018715,0.001348,0.012552,0.021787,-0.020091,0.053408,
-0.044127,-0.008709,0.018090,0.004255,0.001844,-0.006455,-0.016157,-0.007068,0.057994,-0.000265,0.026536,0.017112,-0.038033,0.067910,
-0.063598,-0.018628,-0.001259,0.001788,0.009298,-0.021606,0.006496,0.039647,0.039676,-0.044289,-0.021007,-0.061474,0.055093,0.055219,
-0.061576,-0.015181,-0.003622,0.004609,-0.013469,-0.025349,-0.000408,0.017822,0.038869,-0.049116,-0.026918,-0.066970,0.030974,0.041332,
-0.051443,-0.011027,0.000607,0.007138,-0.001247,-0.027669,-0.011633,0.039096,0.053824,-0.038238,-0.002612,-0.025278,0.012828,0.055997,
0.002207,0.012046,-0.001083,-0.003105,-0.001680,-0.001139,-0.011652,0.015001,0.023715,0.006289,0.002264,0.009090,-0.026979,0.031971,
0.009419,0.010520,0.003346,-0.006418,0.004123,0.001097,-0.004110,0.015280,-0.009069,-0.001163,0.004092,0.000203,-0.004149,0.021390,
0.021601,0.010163,-0.001159,0.002024,0.010654,0.004229,0.004744,0.016837,-0.004934,-0.010920,-0.004991,-0.005975,0.022034,0.027170,
0.094911,0.032019,0.005495,-0.004769,0.037674,0.032752,0.008760,0.061832,-0.004091,0.053210,0.010259,0.062658,-0.011550,0.027630,
0.025377,0.011320,0.001451,-0.004229,-0.004295,0.003594,-0.001904,0.014707,0.022913,0.007780,0.007669,0.012756,-0.028667,0.019264,
0.001112,0.001151,-0.016032,-0.009686,0.004098,-0.004125,0.006558,0.013813,-0.025896,-0.032338,-0.033421,-0.048946,0.041720,0.021085,
0.013885,0.010771,0.000476,-0.003415,0.012008,0.005823,-0.005987,-0.000983,0.014178,0.015733,0.007906,0.016716,-0.000123,0.023288,
0.032094,0.012830,-0.003318,0.000537,0.024512,0.014396,0.006047,0.026306,-0.020266,0.013743,-0.006916,0.015554,0.023953,0.020796,
-0.017570,0.010200,0.000156,-0.008373,-0.007065,-0.000570,-0.006033,-0.018017,0.009601,0.006054,0.014989,0.002288,-0.017446,0.042322,
0.000142,0.004654,0.003699,-0.004698,-0.007023,0.003042,-0.005897,-0.003294,0.011613,0.005317,0.018921,0.018318,-0.031085,0.030537,
-0.004475,-0.000572,-0.002966,-0.004418,-0.001818,0.001845,0.006229,0.012184,-0.004314,-0.015234,-0.011747,-0.015823,0.014454,0.028503,
-0.030226,-0.007393,-0.003832,0.001492,-0.009106,-0.008100,0.006513,-0.005343,-0.003555,-0.030671,-0.025892,-0.022182,0.007399,0.019342,
0.025143,0.006611,-0.011149,-0.000523,0.021603,0.008831,0.005140,0.026652,-0.023937,0.010557,-0.016946,0.012272,0.024990,0.019873,
-0.013154,-0.008421,0.012586,-0.003691,-0.007435,0.004016,-0.003872,-0.019838,0.012865,-0.000430,0.026694,0.020803,-0.024346,0.044473,
-0.010522,-0.001914,0.003860,-0.007523,-0.010167,-0.003160,-0.000424,-0.009370,0.009882,0.000525,0.002929,-0.010221,-0.019853,0.023815,
-0.001001,-0.003155,-0.000660,0.000235,-0.001403,-0.000167,0.002511,-0.000333,-0.003726,-0.010208,-0.007196,-0.001855,0.002211,0.014773,
-0.047177,-0.014822,0.018700,-0.013010,-0.011368,-0.016285,-0.011077,-0.016889,0.033788,-0.008604,0.017239,-0.009951,-0.006901,0.040594,
0.030222,0.008720,-0.009325,-0.002536,0.007599,0.009516,0.008430,0.020086,0.002860,0.014099,-0.007051,0.002913,-0.001681,0.021018,
0.024612,0.005658,-0.009055,0.001744,0.018387,0.008056,0.008582,0.032734,-0.016882,-0.000165,-0.018376,0.001505,0.018679,0.014505,
0.031047,0.007076,-0.002755,0.003724,-0.017702,0.011570,-0.000475,0.024576,0.036166,0.033484,0.022812,0.050236,-0.075985,0.015242,
0.023712,0.001485,0.002833,-0.000597,-0.000351,0.006525,-0.001437,-0.002509,0.010669,0.018903,0.016874,0.022096,-0.030156,0.023179,
-0.041997,-0.008220,0.005663,0.000669,0.000435,-0.018912,0.006276,-0.019587,-0.025689,-0.041628,-0.033776,-0.031916,0.038613,0.006860,
0.001287,-0.007616,0.010346,-0.001711,-0.010315,0.003635,-0.005313,-0.015072,0.009810,0.019250,0.023341,0.016826,-0.042117,0.041471,
0.020973,0.003904,-0.000146,0.002656,-0.001096,0.004790,-0.001180,0.005307,-0.011170,0.001343,-0.004150,0.003785,-0.009100,0.016354,
-0.035258,-0.010864,0.008834,-0.011370,-0.001870,-0.009088,-0.000603,-0.028139,0.002007,-0.030932,-0.020326,-0.044068,0.024751,0.041292,
-0.013345,-0.007183,-0.003045,-0.002235,0.000603,-0.011217,0.007948,-0.005432,-0.020876,-0.030529,-0.030153,-0.025282,0.018182,0.007363,
0.048719,0.005911,-0.006416,0.005545,-0.011308,0.016833,-0.008679,0.009632,0.069298,0.070039,0.052722,0.087363,-0.108524,0.011783,
0.007501,-0.002226,0.005161,0.000480,-0.000981,-0.002202,-0.003880,-0.001078,0.018054,0.000840,0.013956,0.004844,-0.016436,0.020594,
0.007922,0.003244,0.002248,0.007847,-0.011405,0.003155,0.003387,-0.009246,0.042498,0.037208,0.033822,0.049526,-0.070592,0.011444,
0.033702,0.008315,-0.005494,0.007153,0.000195,0.010443,0.004585,0.020452,0.023375,0.033416,0.015750,0.036076,-0.035327,0.008469,
-0.004205,0.000756,0.002977,0.002538,0.004396,-0.003814,0.000861,-0.004334,0.004757,-0.013634,-0.006747,-0.011093,0.010600,0.019420,
-0.022692,-0.003946,-0.000413,0.000632,-0.002481,-0.008227,0.001975,-0.017556,0.007583,-0.018444,-0.013692,-0.017264,-0.000038,0.019361,
0.001843,0.003272,-0.002042,0.001833,0.001311,-0.000501,-0.001021,0.008732,-0.009062,-0.002952,-0.010277,-0.010116,0.005730,0.013583,
-0.002285,0.000620,0.001127,0.006531,-0.003335,0.001344,0.000986,-0.002152,0.015845,0.007898,0.009109,0.015250,-0.023891,0.016709,
-0.025821,-0.000592,0.005653,0.004142,-0.002281,-0.004273,-0.002819,-0.021950,0.000128,-0.003326,0.003692,0.002876,-0.009629,0.025178,
-0.020798,0.002013,0.001491,0.003550,-0.000786,-0.008789,0.007716,-0.010868,0.001563,-0.019037,-0.018040,-0.014752,0.014889,0.010320,
0.032032,0.002663,-0.009212,0.004444,0.008957,0.007465,-0.000916,0.030928,0.010035,0.019851,0.006859,0.021819,-0.004721,0.010656,
0.012100,0.004965,0.001041,-0.004702,0.003845,-0.001498,-0.001771,0.022521,0.012429,0.008105,0.009225,-0.006893,0.006466,0.012579,
-0.022081,-0.000762,-0.008320,0.002311,-0.002656,-0.009579,0.014164,-0.007731,-0.007214,-0.030134,-0.042780,-0.020564,0.013361,0.005546,
-0.009855,0.002604,-0.008726,-0.001879,0.019606,-0.001393,0.006675,0.007908,0.005703,-0.019411,-0.034294,-0.026461,0.060796,0.019822,
0.041193,0.007121,-0.003944,0.000002,0.003099,0.012401,-0.002709,0.043042,0.025326,0.039119,0.029192,0.020951,-0.019157,0.010224,
0.030226,0.002447,0.003648,-0.001044,0.001759,0.006707,-0.009292,0.025723,0.011586,0.024382,0.028097,0.018957,-0.024307,0.010623,
-0.020930,-0.005151,0.006637,0.005110,-0.002968,-0.007688,0.004442,-0.017828,0.003442,-0.017999,-0.004407,0.005123,0.009999,0.023479,
-0.105097,-0.005280,0.000951,-0.008951,-0.001871,-0.036678,0.033183,-0.077420,-0.050248,-0.138856,-0.143831,-0.134531,0.116947,0.014551,
0.024995,0.004115,-0.000122,-0.003552,-0.003500,0.003519,-0.007558,0.029918,0.012820,0.031617,0.021476,0.009740,-0.021585,0.009772,
0.029631,-0.005356,0.000912,-0.002702,0.004347,0.010330,-0.013646,0.030001,0.015247,0.028435,0.044107,0.032726,-0.021218,0.013075,
0.003817,-0.004742,-0.001004,0.001083,-0.003268,-0.003414,0.000651,0.003272,0.001741,-0.010870,-0.006178,0.000608,-0.006628,0.005920,
-0.057545,-0.000089,0.007697,-0.007536,0.001557,-0.024443,0.012062,-0.040674,0.003186,-0.062266,-0.056911,-0.067736,0.067252,0.021368,
-0.027520,0.001207,0.001346,0.003999,-0.001666,-0.014862,0.007438,-0.032003,-0.004400,-0.032407,-0.040210,-0.023579,0.027458,0.013506,
0.030592,-0.001803,0.004020,-0.000052,0.000518,0.008931,-0.013708,0.018509,0.014199,0.030975,0.041539,0.027827,-0.020703,0.016238,
0.028634,-0.003086,0.003089,0.001933,-0.002784,0.008296,-0.010258,0.022777,0.010766,0.035481,0.047281,0.040267,-0.041703,0.010141,
-0.018712,-0.010459,0.015104,-0.009292,-0.008710,-0.020237,-0.006016,-0.031450,0.000235,-0.043751,0.000084,-0.040626,0.002685,0.019638,
0.009851,0.002021,0.001582,0.003867,-0.002290,0.001209,0.005906,0.013736,0.031776,0.009698,0.010815,0.019583,-0.018903,0.008318,
-0.003288,-0.000329,0.000429,0.000945,0.002239,-0.012465,0.007918,-0.011488,-0.001463,-0.021669,-0.017529,-0.005185,0.021792,0.008255,
0.134582,0.012823,-0.033019,0.004739,0.031063,0.054941,0.006496,0.186970,0.067274,0.122539,0.056876,0.076014,-0.028086,-0.001912,
-0.012207,0.000634,0.004168,-0.002313,-0.005671,-0.007843,0.000276,-0.024691,-0.002733,-0.014109,-0.009212,-0.014696,0.000410,0.018425,
0.033868,0.001486,-0.005335,0.000615,0.003775,0.008815,-0.002799,0.024738,-0.013255,0.013980,0.005908,0.012722,-0.012328,0.005115,
0.011200,-0.001964,-0.001458,0.003718,-0.005806,-0.004595,-0.007261,-0.001409,0.003669,0.010263,0.013446,0.025804,-0.026837,-0.001558,
0.005608,-0.003066,-0.001907,0.001211,-0.004488,-0.002788,0.004593,-0.007081,-0.008192,-0.016283,-0.012284,0.012442,-0.010220,0.000974,
-0.021639,0.001708,0.000594,0.003939,0.002774,-0.015167,0.013761,-0.021735,-0.008282,-0.042740,-0.049210,-0.026301,0.043497,0.008329,
0.000382,0.002409,-0.000752,0.000401,0.007023,-0.000136,0.003093,0.003963,0.000509,-0.008318,-0.013421,-0.010324,0.022639,0.012894,
0.014522,-0.000860,-0.000994,0.003081,-0.007904,0.008429,-0.006624,0.007076,0.013553,0.030759,0.031387,0.042862,-0.058059,0.002825,
0.013767,0.001575,0.001986,-0.004035,0.002732,0.001798,-0.007650,0.005209,0.010282,0.032108,0.033143,0.007521,-0.015954,0.002807,
-0.029256,-0.005899,0.010244,-0.000029,-0.010036,-0.015018,0.001765,-0.049331,-0.010727,-0.034236,-0.008549,-0.014076,-0.006602,0.014439,
-0.043321,-0.005561,0.014455,-0.004079,-0.000221,-0.026985,0.006436,-0.063703,-0.021409,-0.061033,-0.029742,-0.041913,0.055857,0.016735,
-0.048403,-0.006039,0.013441,0.002277,-0.007840,-0.026797,0.005945,-0.067230,-0.005239,-0.061806,-0.018946,-0.008385,0.028077,0.010400,
-0.029055,0.000086,0.002904,-0.000530,0.000116,-0.012515,0.009309,-0.040937,-0.008357,-0.034583,-0.030494,-0.015843,0.038534,0.025344,
0.019067,0.000416,0.000065,-0.001378,-0.002939,0.006151,-0.012866,0.005951,-0.005027,0.026456,0.030395,0.021681,-0.026391,-0.001156,
0.038063,0.001116,-0.001380,0.008211,-0.002358,0.020813,-0.020556,0.047534,0.013861,0.055449,0.061215,0.061320,-0.046040,-0.001510,
-0.017033,-0.001420,-0.002095,-0.002005,0.000453,-0.013090,0.015228,-0.002628,0.003604,-0.045010,-0.051980,-0.041463,0.034232,0.011530,
-0.015920,-0.000122,-0.001041,-0.000659,0.000722,-0.016622,0.014687,-0.014679,0.008975,-0.050760,-0.050185,-0.035624,0.032936,0.012429,
0.009684,0.000479,-0.005842,0.001216,0.003586,-0.001381,0.003402,0.027938,0.029677,-0.001302,-0.011094,0.002456,0.005553,-0.000843,
0.009560,0.000598,-0.002736,0.002542,-0.003114,0.000424,0.005372,0.013920,0.027255,0.004054,0.003113,0.012284,-0.024486,0.004639,
0.058317,0.003188,-0.011614,0.001208,0.003961,0.030327,-0.012958,0.074980,0.017472,0.069908,0.043863,0.054960,-0.044064,0.001943,
0.056115,0.003587,-0.003998,0.001328,0.001968,0.027634,-0.011377,0.080672,0.033046,0.084879,0.063141,0.053983,-0.054082,0.001384,
0.004572,0.000956,-0.003557,-0.002253,-0.001024,-0.003046,-0.003346,0.006661,0.018925,0.012169,0.012203,0.007266,-0.020389,-0.001814,
0.003634,-0.001422,-0.004085,-0.002073,-0.004947,-0.001316,0.008739,0.004514,0.007390,-0.016829,-0.017463,-0.011163,-0.017033,0.010496,
-0.038124,0.007416,-0.000369,-0.000059,-0.000478,-0.022000,0.029982,-0.038206,0.022664,-0.059247,-0.067894,-0.050629,0.050357,0.020484,
0.000168,0.001372,0.001477,0.004846,-0.002847,0.003534,-0.004190,-0.017445,0.004985,0.020259,0.037839,0.030461,-0.028817,0.010275,
0.005092,-0.001900,0.001631,-0.001287,-0.001406,0.004176,-0.005828,-0.006362,-0.008338,0.005758,0.021678,0.004827,-0.016365,0.006563,
-0.010980,-0.004592,0.005254,0.001908,-0.007900,-0.011342,-0.002536,-0.042029,-0.005795,-0.014843,0.015799,0.007255,-0.024632,-0.003468,
-0.023982,0.000538,-0.003784,0.002490,-0.005546,-0.020211,0.021389,-0.035990,0.008632,-0.064996,-0.083247,-0.037128,0.020335,0.013924,
-0.019673,-0.000077,-0.002337,0.002868,-0.004192,-0.013402,0.011925,-0.023038,0.001476,-0.038508,-0.047458,-0.022090,0.011886,0.007629,
0.047941,0.001873,-0.004375,-0.001611,0.002159,0.030298,-0.025404,0.099329,0.023046,0.084736,0.073746,0.052143,-0.053714,0.003032,
0.010031,-0.000466,-0.000592,0.001644,-0.001148,0.002680,-0.005150,-0.005571,-0.011170,0.014164,0.011629,0.021633,-0.018597,0.002530,
0.010167,0.003922,0.006033,0.003008,0.007557,0.003220,0.007982,0.020300,0.024420,0.024160,0.033071,0.015603,0.026090,0.010414,
0.035011,0.004288,-0.011987,-0.005579,0.016286,0.020880,-0.001364,0.092489,0.034425,0.054039,0.023728,0.003512,0.009744,-0.003088,
-0.009701,0.000731,-0.000996,0.001155,-0.009644,-0.008017,0.009023,-0.011614,0.017979,-0.017618,-0.020649,-0.001988,-0.028086,0.009896,
0.041934,0.013120,-0.019006,0.001952,0.021461,0.027059,0.005015,0.139911,0.025806,0.061112,-0.020839,0.028772,0.040865,0.007548,
0.023741,0.000514,0.000656,-0.001150,0.002772,0.017552,-0.016446,0.037704,-0.008216,0.068447,0.066075,0.044918,-0.042327,-0.004858,
0.013586,-0.004074,0.001021,-0.003508,0.002834,0.010490,-0.012773,0.008350,-0.036320,0.030372,0.038180,0.021207,-0.020425,-0.005786,
-0.009951,-0.007442,0.007278,-0.002601,-0.005408,-0.005503,-0.004033,-0.062815,-0.044863,-0.006357,0.007500,-0.005684,-0.010429,0.011012,
-0.054122,-0.002130,-0.003308,0.003634,-0.004895,-0.046821,0.042450,-0.099559,0.004321,-0.204972,-0.221587,-0.137136,0.134602,0.040403,
-0.036153,-0.001881,0.001581,-0.002511,-0.004014,-0.027810,0.024654,-0.073469,-0.001256,-0.103316,-0.102746,-0.080905,0.074645,0.028683,
-0.001334,-0.005590,0.004142,-0.001125,-0.004509,-0.002647,-0.006370,-0.027654,-0.034419,-0.002423,0.006689,-0.004879,-0.022547,-0.004957,
0.005120,-0.000812,0.005163,0.000052,-0.002169,0.003031,-0.011047,-0.018950,-0.028349,0.038740,0.036700,0.026353,-0.026845,-0.000437,
-0.003425,-0.003106,0.004082,0.000877,-0.002615,-0.004950,-0.004495,-0.027476,-0.018328,0.007406,0.015353,0.008366,-0.012513,-0.003329,
0.011154,-0.002375,0.002068,-0.000124,-0.002774,0.006734,-0.012276,0.006769,-0.005379,0.037139,0.047977,0.041107,-0.053676,-0.016917,
-0.030016,-0.000123,-0.001630,0.005481,-0.003366,-0.034706,0.029328,-0.067742,-0.010545,-0.112779,-0.123232,-0.061750,0.062632,0.005032,
-0.008842,-0.002119,0.001403,-0.000181,-0.004257,-0.011168,0.006501,-0.029377,-0.001483,-0.027953,-0.025266,-0.017353,-0.005189,0.009015,
0.005422,-0.003273,0.004163,0.000253,-0.001432,0.000030,-0.007203,-0.017595,-0.013725,0.010801,0.025758,0.014574,-0.024640,-0.002657,
0.007146,-0.002366,0.003309,-0.000859,-0.001215,0.001036,-0.009600,0.002485,0.003121,0.020479,0.038742,0.013506,-0.026930,-0.009990,
0.036171,0.006856,-0.008687,0.000398,0.011899,0.029871,-0.017591,0.096556,0.024415,0.087824,0.052828,0.051963,-0.013255,-0.007921,
0.054911,0.010407,0.000032,0.006818,-0.022623,0.047447,-0.043021,0.177308,0.096238,0.181858,0.162512,0.141165,-0.250164,-0.011152,
-0.028716,0.000001,-0.006285,0.003637,-0.003779,-0.033427,0.037088,-0.058293,0.009160,-0.110530,-0.133591,-0.073437,0.064749,0.023259,
-0.002371,-0.006565,0.003683,-0.004273,0.000877,-0.003736,-0.001761,-0.008517,0.003614,-0.021873,0.017193,-0.006399,0.004981,-0.000161,
0.024718,0.000814,0.005522,0.000114,0.000712,0.021810,-0.017907,0.042390,0.007117,0.087655,0.102934,0.057883,-0.055839,-0.007521,
0.021467,-0.002463,0.004514,-0.000794,0.002720,0.012942,-0.018043,0.026717,0.000234,0.052494,0.082282,0.040294,-0.035464,-0.017765,
-0.010071,-0.002725,0.002307,0.004436,-0.004988,-0.007182,0.004971,-0.034797,-0.009562,-0.028423,-0.020314,-0.002640,-0.008178,0.017147,
0.015117,0.002391,-0.002206,0.001121,0.001410,0.008590,-0.000459,0.038366,0.012420,0.022296,0.013101,0.014325,-0.010555,0.001845,
-0.054698,-0.003154,-0.006270,0.014969,-0.008226,-0.044736,0.049525,-0.090979,0.030581,-0.174935,-0.177503,-0.057428,0.074321,0.032687,
-0.010791,0.000581,-0.000723,0.004796,-0.003957,-0.007027,0.011945,-0.027968,0.010113,-0.030948,-0.028394,-0.005943,0.009077,0.022357,
-0.003851,-0.004249,0.000796,0.001274,-0.003382,-0.004176,-0.000351,-0.025299,-0.019959,-0.028372,-0.007618,-0.001482,-0.004476,0.003830,
0.017250,-0.000497,0.000002,-0.000177,0.002375,0.015668,-0.015146,0.027487,-0.024863,0.029895,0.033472,0.037989,-0.021309,-0.006015,
0.001820,-0.001923,0.005191,0.000422,-0.001422,0.001761,-0.010045,-0.023191,-0.038286,0.015218,0.031741,0.026864,-0.012380,-0.003515,
0.023543,0.003435,-0.005106,-0.001860,0.007638,0.018864,-0.008282,0.070144,0.010819,0.060612,0.041362,0.034381,-0.011426,-0.007916,
-0.009556,0.000095,0.000118,0.001327,-0.005326,-0.012428,0.007042,-0.033228,-0.003162,-0.033565,-0.031109,-0.009024,0.005523,0.003546,
-0.042834,-0.003550,-0.003870,0.007729,-0.007116,-0.037632,0.042890,-0.108184,0.023275,-0.160493,-0.166894,-0.074085,0.123419,0.056463,
-0.009051,-0.001080,-0.003430,-0.002792,-0.000573,-0.012597,0.015202,-0.036981,-0.008766,-0.068667,-0.077290,-0.058513,0.059929,0.019319,
0.056137,0.008716,-0.007598,-0.011260,0.022401,0.045592,-0.023761,0.169386,0.026120,0.152214,0.104212,0.045548,-0.013712,-0.022806,
0.014275,0.000639,0.003905,-0.007054,0.004978,0.012392,-0.017138,0.025384,-0.015763,0.053040,0.068985,0.022324,-0.012167,-0.007367,
0.046766,0.007096,-0.003726,-0.005531,0.016832,0.041415,-0.023804,0.145838,0.016550,0.134290,0.100273,0.057395,-0.025174,-0.011827,
0.009389,-0.000635,-0.003728,-0.002328,0.007438,0.000544,0.002253,0.016266,-0.005846,-0.001417,-0.015848,-0.007657,0.030027,-0.013265,
-0.027766,-0.004349,-0.001898,0.007096,-0.008284,-0.030668,0.024690,-0.073897,0.013506,-0.127218,-0.101681,-0.048336,0.045008,0.015028,
-0.008114,-0.000629,-0.002940,0.003758,-0.007596,-0.012676,0.010446,-0.016585,0.006168,-0.043073,-0.044935,-0.009647,-0.016121,-0.003004,
0.003554,-0.000677,0.000242,0.000718,-0.001240,0.000519,-0.001004,0.004260,0.000864,0.010311,0.011304,0.014997,-0.018206,-0.001252,
0.024406,0.003163,0.002166,-0.001739,-0.000187,0.018348,-0.015077,0.055626,-0.000267,0.094078,0.094269,0.060171,-0.070244,-0.024427,
0.001239,-0.002808,0.003513,0.001232,-0.002154,-0.003492,-0.005885,-0.025356,-0.020505,0.007422,0.023956,0.025619,-0.024867,-0.012934,
-0.003979,-0.002662,-0.000266,0.003292,-0.004480,-0.008533,0.004999,-0.024870,-0.007228,-0.031906,-0.021423,-0.000922,-0.016752,-0.004844,
0.035112,0.009376,0.000310,-0.007541,0.023686,0.030473,-0.012100,0.122462,0.025430,0.107442,0.083842,0.015489,0.053207,-0.010249,
-0.020506,-0.005812,-0.003903,0.006430,-0.006898,-0.023941,0.021929,-0.058722,0.002141,-0.118018,-0.114557,-0.039655,0.030368,0.028120,
-0.026227,-0.005880,-0.003069,0.007215,-0.009050,-0.027426,0.026311,-0.081623,0.001029,-0.123810,-0.115267,-0.043806,0.032782,0.035931,
-0.006260,-0.003045,0.002473,-0.004021,-0.005396,-0.007147,0.002292,-0.033684,-0.003254,-0.007558,0.004910,-0.019029,-0.008976,0.008498,
0.008051,0.001369,0.002920,-0.001014,-0.000205,0.005348,-0.010189,0.003342,-0.010364,0.055025,0.054253,0.034814,-0.034750,-0.010910,
-0.000213,-0.001973,0.011069,-0.001882,-0.002652,0.000030,-0.018026,-0.042888,-0.030246,0.062308,0.095905,0.039898,-0.036938,-0.009577,
-0.001170,-0.000978,0.000519,-0.000659,-0.002332,-0.006286,0.004291,-0.021647,-0.009402,-0.024156,-0.017951,-0.010425,0.008715,0.008340,
-0.010473,-0.003217,-0.005394,0.004166,-0.003248,-0.019186,0.018981,-0.034619,-0.001745,-0.090124,-0.096349,-0.036404,0.031180,0.010568,
-0.016769,-0.001474,-0.004670,0.005439,-0.003583,-0.020432,0.022056,-0.037152,0.015137,-0.098646,-0.093326,-0.033790,0.050649,0.020081,
-0.004549,-0.003650,0.001618,-0.003698,-0.003872,-0.014646,0.005600,-0.034252,0.005830,-0.040695,-0.008867,-0.036888,0.015017,-0.008147,
0.013222,-0.000371,0.004760,-0.003039,0.001204,0.009907,-0.013858,0.020210,-0.009681,0.043862,0.061081,0.027734,-0.025641,-0.007212,
0.013066,0.002076,0.002048,-0.002445,0.002304,0.008711,-0.007872,0.034822,0.014297,0.044259,0.055616,0.025506,-0.015459,-0.010287,
0.018345,0.003548,0.000186,-0.003783,0.000217,0.015771,-0.010643,0.049267,0.014576,0.071001,0.063556,0.030613,-0.043817,-0.006733,
-0.001520,-0.000045,-0.002253,-0.004083,0.000560,-0.006411,0.010208,0.004239,0.028834,-0.011818,-0.007577,-0.031742,0.021713,0.001701,
0.004146,0.001008,-0.001360,0.000201,0.003179,-0.001458,0.005378,0.023267,0.021060,-0.019746,-0.012439,-0.013493,0.022373,0.006466,
-0.009892,0.001259,-0.008356,0.005021,-0.007806,-0.024932,0.032982,-0.033756,0.026239,-0.077459,-0.113585,-0.042944,0.011198,-0.000356,
-0.003684,-0.003150,0.000411,0.000607,-0.002584,-0.014687,0.007885,-0.044630,-0.009004,-0.032527,-0.022682,-0.012687,0.010697,-0.001189,
0.004444,0.000404,0.001428,-0.003703,-0.000156,0.006826,-0.005274,0.012695,0.011540,0.041757,0.051542,0.007620,-0.022040,0.004708,
0.018231,0.002421,0.003256,-0.004004,0.005383,0.021510,-0.017801,0.074293,0.008180,0.075585,0.077106,0.029970,-0.029639,-0.002034,
0.003496,0.000816,0.001046,0.000295,0.000751,0.001450,-0.003826,0.008414,0.010531,0.025526,0.026271,0.013544,-0.006219,-0.009258,
0.074284,0.019592,-0.007346,-0.015166,0.036369,0.088070,-0.043448,0.347394,0.043613,0.314336,0.197386,0.113428,0.027529,-0.034736,
0.001504,-0.001855,-0.003166,0.004902,-0.004482,-0.006391,0.007970,-0.003831,0.014712,-0.037349,-0.032705,0.010732,-0.022901,-0.002557,
-0.024765,-0.000328,-0.015906,0.009835,-0.006647,-0.025688,0.046916,-0.056512,0.041298,-0.159750,-0.217375,-0.047495,0.053037,0.061916,
-0.019726,-0.004385,-0.006851,0.008415,-0.007427,-0.032199,0.034292,-0.098656,0.009792,-0.175486,-0.182396,-0.060693,0.052730,0.043731,
0.002308,-0.000835,0.002845,-0.000665,-0.001195,-0.000466,-0.006407,-0.015888,-0.012764,0.029864,0.039153,0.007073,-0.033353,-0.013089,
0.014948,0.002166,0.009764,-0.002076,0.002115,0.019668,-0.021993,0.045780,-0.016950,0.155593,0.185579,0.079545,-0.069747,-0.021636,
0.002027,-0.001024,0.007211,-0.001906,-0.001128,0.005051,-0.017741,-0.022414,-0.035620,0.094644,0.112640,0.042075,-0.055903,-0.016958,
-0.002445,-0.001693,0.001131,-0.000492,-0.000677,-0.004325,-0.000351,-0.027469,-0.011700,-0.008240,-0.001863,-0.003470,0.001878,0.006056,
0.000063,-0.002066,0.000785,-0.003394,-0.000437,-0.004405,0.000671,-0.025231,-0.014935,-0.030719,-0.024261,-0.035551,0.015654,0.008326,
-0.008646,-0.003279,-0.008273,0.003504,-0.003056,-0.020955,0.025750,-0.052364,0.015171,-0.175648,-0.189028,-0.052543,0.054569,0.017144,
0.031944,0.011728,0.002177,-0.006628,0.014885,0.039764,-0.015817,0.215624,0.040519,0.194798,0.166139,0.040611,0.023376,-0.033882,
-0.006446,-0.002925,-0.004301,0.002051,-0.002990,-0.015842,0.017862,-0.052652,0.003188,-0.135543,-0.133435,-0.059631,0.041034,0.025469,
-0.003855,-0.002951,-0.001866,0.001266,-0.002134,-0.008091,0.012576,-0.027780,0.001180,-0.114655,-0.080994,-0.037010,0.033818,0.023979,
0.002599,-0.001686,0.004682,-0.002972,0.001393,0.003878,-0.012770,-0.007770,-0.035518,0.047929,0.065525,0.025290,-0.017150,-0.014912,
0.004187,-0.001496,0.006387,-0.004519,0.001178,0.006940,-0.018246,-0.001743,-0.044520,0.068475,0.089167,0.019893,-0.029695,-0.017704,
-0.001071,-0.002771,0.004738,-0.002756,-0.000810,-0.001039,-0.008595,-0.030752,-0.033979,0.031452,0.054805,-0.006433,-0.018580,-0.010903,
0.004183,-0.000996,0.001424,-0.004332,0.002912,0.002937,-0.005328,0.006184,-0.018552,0.008341,0.018035,-0.020166,0.014770,-0.011292,
0.010548,0.004283,-0.001502,0.003754,-0.009133,0.008124,0.006099,0.069276,0.024416,0.014665,-0.000740,0.026367,-0.103518,0.012686,
-0.010350,-0.000544,-0.005639,0.004083,-0.003216,-0.018377,0.022998,-0.055612,0.013949,-0.125599,-0.138933,-0.057761,0.043620,0.035362,
-0.007541,-0.003040,-0.004591,0.006679,-0.003579,-0.016087,0.017479,-0.055387,-0.000958,-0.109044,-0.120961,-0.001055,0.004109,0.027070,
-0.001945,-0.002287,0.002192,0.001750,-0.002997,-0.007539,0.000185,-0.040877,-0.010595,-0.005642,0.012060,0.005253,-0.029862,0.000041,
0.008668,0.003657,0.004900,0.001898,-0.000886,0.010341,-0.010205,0.032664,-0.001898,0.117713,0.117054,0.063240,-0.069199,-0.016549,
0.003381,-0.000854,0.004854,0.000324,-0.002710,0.003352,-0.012218,-0.008159,-0.013098,0.075905,0.095950,0.042632,-0.071431,-0.013819,
0.004761,0.000441,0.002641,-0.000324,0.000113,0.007037,-0.010650,0.014119,-0.012791,0.049650,0.050158,0.022939,-0.040085,-0.007140,
-0.003743,-0.001953,-0.000640,0.004960,-0.003566,-0.012486,0.014750,-0.036648,0.009336,-0.053324,-0.036965,-0.000142,-0.012062,0.017240,
-0.014594,-0.003939,-0.007871,0.007825,-0.005376,-0.030392,0.033225,-0.099366,-0.001264,-0.182046,-0.199618,-0.037673,0.041045,0.048209,
-0.001831,-0.000806,-0.001055,0.002551,-0.002139,-0.005763,0.004283,-0.016205,0.001678,-0.015118,-0.022170,0.000603,-0.011074,0.006148,
0.005335,0.001144,0.001787,-0.000660,0.001195,0.006817,-0.007418,0.025514,-0.004012,0.031241,0.031441,0.009383,-0.005797,0.001456,
0.012549,0.003547,0.005954,0.000802,-0.002478,0.015642,-0.014725,0.056426,0.006181,0.110934,0.119017,0.059453,-0.091283,-0.019799,
0.001789,-0.001209,0.002192,-0.000853,0.000394,-0.000830,-0.005089,-0.005955,-0.007631,0.021435,0.027015,0.016538,-0.005171,-0.003071,
0.014931,0.003783,0.000465,-0.005991,0.012064,0.021160,-0.013904,0.089936,0.023860,0.093818,0.076562,-0.003585,0.047269,-0.017034,
0.000533,-0.000850,-0.000661,-0.000136,-0.000880,-0.005097,0.003814,-0.017039,-0.013908,-0.027379,-0.040081,-0.010518,0.009074,0.014498,
0.002999,-0.001173,-0.002038,0.000579,-0.003906,-0.000180,-0.000362,0.009842,-0.000754,-0.015241,-0.019694,0.011285,-0.030312,-0.004748,
0.000768,-0.001784,-0.003041,-0.000420,0.000194,-0.006450,0.008401,-0.008438,-0.012157,-0.062842,-0.073392,-0.023873,0.030112,0.011095,
-0.005208,-0.001956,-0.004396,-0.001183,-0.003862,-0.016408,0.017959,-0.037874,-0.002118,-0.095183,-0.103008,-0.057483,0.018250,0.021327,
0.043506,0.016340,0.011320,-0.002592,-0.003823,0.064253,-0.034728,0.242177,0.041935,0.281545,0.275993,0.097747,-0.190905,-0.034428,
0.001438,-0.000659,0.000961,-0.000986,-0.000449,-0.001381,-0.003544,-0.006500,-0.006290,0.007328,0.008384,-0.000420,-0.003980,-0.006324,
0.023566,0.005362,0.000678,-0.009757,0.013255,0.034386,-0.020112,0.130793,-0.005259,0.122426,0.102684,-0.007685,0.033999,-0.032331,
-0.004957,-0.001567,-0.002357,0.001277,-0.001132,-0.010786,0.010274,-0.031187,0.001920,-0.039039,-0.041199,-0.008760,0.018755,0.009498,
-0.010149,-0.004706,-0.000657,0.002753,-0.004765,-0.022702,0.013841,-0.083288,-0.022686,-0.088264,-0.072992,-0.003786,0.001765,0.012346,
0.000017,-0.000302,0.000130,0.000053,-0.000443,-0.001743,-0.001319,-0.012099,-0.018875,-0.005343,-0.011291,0.006344,0.002369,0.004366,
-0.006283,-0.002573,-0.000337,0.003345,-0.003329,-0.015086,0.007063,-0.049333,-0.021502,-0.064171,-0.062944,-0.001581,0.005138,0.007044,
-0.002500,-0.001679,-0.001060,0.001909,-0.002637,-0.008127,0.008172,-0.020249,-0.002628,-0.031206,-0.031089,0.003748,-0.009283,0.006267,
-0.011489,-0.004031,0.001874,0.003297,-0.004028,-0.019742,0.006171,-0.072064,-0.014204,-0.042209,-0.020428,0.009403,0.000363,0.003023,
-0.010133,-0.005612,0.002512,0.002470,-0.004616,-0.023897,0.005704,-0.088359,-0.035220,-0.068133,-0.047278,0.004222,0.002223,0.009298,
-0.002792,-0.000921,0.002322,0.001282,-0.001099,-0.003944,-0.003781,-0.024751,-0.000206,0.023166,0.032170,0.012044,-0.016323,0.001269,
-0.001272,-0.001546,0.001424,0.000518,-0.000235,-0.004146,-0.002285,-0.014886,-0.016549,-0.019953,-0.009564,0.009533,0.008071,0.004689,
-0.006431,-0.005085,0.001964,0.001482,-0.003973,-0.018705,0.003990,-0.056936,-0.027049,-0.071716,-0.041138,0.003049,0.000968,0.001183,
-0.008652,-0.003095,0.000275,0.002871,-0.003339,-0.023471,0.014911,-0.064205,-0.018740,-0.074440,-0.053461,0.002153,0.032236,0.019123,
-0.006145,-0.001385,-0.000555,0.002412,-0.001896,-0.010572,0.007642,-0.020396,0.001305,-0.035910,-0.028334,0.004909,0.008258,0.009863,
-0.007430,-0.002530,0.002319,0.005550,-0.004409,-0.020277,0.007258,-0.046786,-0.002672,-0.055112,-0.017087,0.025741,0.008552,0.010652,
0.021105,0.006729,-0.000007,-0.007860,0.015981,0.030751,-0.019303,0.090934,0.024763,0.120714,0.075063,-0.006494,0.050058,-0.019338,
0.011381,0.002492,0.002992,-0.004639,0.003028,0.014726,-0.019867,0.031987,0.009706,0.066555,0.061245,0.001830,-0.005798,-0.010891,
-0.006000,-0.000259,-0.002749,-0.000030,-0.004939,-0.023981,0.018124,-0.033297,-0.000278,-0.050118,-0.060957,-0.037946,0.004926,0.002899,
0.018680,0.003007,0.000152,-0.006946,0.007774,0.017563,-0.011523,0.068727,0.028123,0.044605,0.037757,-0.019584,0.020394,-0.012006,
-0.002597,-0.003862,0.000240,-0.000203,-0.002864,-0.013353,0.005623,-0.013802,0.006937,-0.042978,-0.019038,-0.024644,-0.002554,0.000689,
0.062487,0.015350,-0.000584,-0.026535,0.048162,0.108060,-0.061432,0.334707,0.128496,0.294638,0.205799,-0.006456,0.164948,-0.031550,
0.006808,-0.001086,-0.003113,-0.001696,0.001544,-0.004274,0.006547,0.011613,0.005127,-0.038974,-0.041055,-0.018667,0.019035,-0.004484,
-0.003148,-0.002914,-0.004634,0.002767,-0.002569,-0.019550,0.024827,-0.021363,-0.001226,-0.103646,-0.101945,-0.017048,0.009521,0.019221,
-0.006805,-0.003022,-0.003565,0.003308,-0.002413,-0.023095,0.021157,-0.037549,-0.008785,-0.097730,-0.099525,-0.009258,0.025756,0.008839,
0.002539,-0.002238,0.001994,-0.000259,-0.000181,0.000824,-0.010097,0.001280,-0.005869,0.007766,0.023603,0.005397,-0.008851,-0.014020,
0.003261,-0.001884,0.003132,-0.005129,0.000761,0.004037,-0.014108,-0.000040,-0.007351,0.025983,0.050067,-0.010744,-0.005920,-0.015380,
-0.004429,-0.000568,0.000687,0.001776,-0.001354,-0.006632,0.004225,-0.022930,-0.002001,-0.006235,0.005341,0.006007,-0.006718,0.003248,
0.016986,0.002486,0.000151,-0.007507,0.012947,0.026017,-0.020395,0.082870,0.001893,0.094981,0.076094,-0.000365,0.049030,-0.025563,
0.001535,-0.000951,-0.000099,0.000661,0.000996,0.000102,0.000109,0.002618,-0.006803,-0.007140,-0.005209,0.007991,-0.003365,0.003862,
-0.004800,-0.002895,-0.002798,0.003465,-0.001638,-0.015692,0.015302,-0.037403,-0.010302,-0.081890,-0.081521,-0.005390,0.008410,0.019467,
0.024203,0.007968,0.001123,-0.006608,0.009914,0.035972,-0.022912,0.132759,0.032688,0.147912,0.117287,-0.008723,0.019554,-0.030797,
-0.008710,-0.002074,-0.004450,0.002173,-0.003317,-0.024100,0.026508,-0.052603,-0.006348,-0.123902,-0.126241,-0.030072,0.019921,0.031574,
-0.006804,-0.003112,-0.000778,0.000623,-0.002625,-0.013797,0.009772,-0.042398,-0.006724,-0.055986,-0.041619,-0.016559,-0.005431,0.009702,
-0.003461,-0.000120,0.000909,-0.000156,-0.003358,-0.004743,0.000019,-0.016856,0.002299,0.010324,0.018880,-0.002769,-0.035489,0.006109,
0.093519,0.025931,0.002785,-0.005185,0.010792,0.151719,-0.113651,0.531194,0.127551,0.645234,0.555647,0.179290,-0.141233,-0.122113,
-0.002601,-0.001761,0.000048,-0.000892,-0.001381,-0.012648,0.006823,-0.046624,-0.030138,-0.069252,-0.064840,-0.038663,0.012421,0.012924,
-0.006918,-0.002131,-0.006208,0.002969,-0.001201,-0.024414,0.030142,-0.055949,-0.006532,-0.182796,-0.192467,-0.045577,0.033607,0.046472,
-0.010834,-0.005176,0.006703,-0.001671,-0.002428,-0.012681,-0.008675,-0.090005,-0.049457,-0.000563,0.038399,-0.004558,-0.013208,-0.010843,
-0.007451,-0.003356,-0.002239,0.001024,-0.002499,-0.023225,0.017740,-0.073343,-0.032207,-0.163001,-0.162506,-0.041292,0.019352,0.035390,
-0.004195,-0.001323,0.000760,0.000504,-0.001475,-0.006305,0.001421,-0.031552,-0.024339,-0.025774,-0.025374,-0.004347,-0.005006,0.004801,
-0.006436,-0.001817,0.000289,-0.000647,-0.002186,-0.011646,0.007178,-0.053492,-0.027063,-0.053545,-0.053938,-0.023460,0.011581,0.025415,
-0.006809,-0.003339,0.002313,0.000492,-0.001484,-0.009834,-0.000862,-0.051172,-0.026226,-0.020549,-0.004977,0.011368,-0.017881,-0.006605,
-0.006407,-0.000373,-0.002513,0.002352,-0.003675,-0.022355,0.020785,-0.049124,-0.007837,-0.133451,-0.126274,-0.016283,-0.013079,0.014759,
-0.005571,-0.002141,-0.000619,0.002166,-0.001693,-0.016017,0.007048,-0.045558,-0.022023,-0.073127,-0.074802,-0.004441,-0.005041,0.001744,
-0.002060,0.000052,0.002724,0.001705,0.000168,0.000593,-0.006953,-0.022984,-0.018042,0.055551,0.055196,0.034331,-0.022594,-0.003847,
-0.002013,-0.000842,0.001340,0.002745,-0.001275,-0.002652,-0.001749,-0.027629,-0.016022,0.014880,0.015047,0.017796,-0.023300,0.001834,
-0.005772,-0.004167,0.005653,0.000996,-0.002233,-0.002719,-0.007913,-0.041211,-0.027842,0.010822,0.045034,0.023067,-0.031560,0.000547,
-0.003966,-0.000903,-0.001637,0.002530,-0.001807,-0.014003,0.014276,-0.021771,-0.010818,-0.082424,-0.085157,-0.015484,0.004792,0.024657,
-0.001820,-0.001195,0.000184,0.001879,-0.000666,-0.007683,0.007173,-0.014612,-0.019305,-0.048698,-0.047185,-0.012055,0.014927,0.025129,
-0.012075,0.000077,-0.006099,0.001229,-0.002966,-0.040105,0.040595,-0.056365,-0.020499,-0.199120,-0.213617,-0.057571,0.032827,0.050434,
-0.000403,-0.001809,0.002676,0.000419,-0.001793,-0.002676,0.000122,-0.007105,0.010275,0.007611,0.035408,0.012541,-0.015575,0.003995,
0.014753,0.002947,0.005673,0.003206,-0.006664,0.026759,-0.029768,0.060628,0.027247,0.151004,0.160281,0.059965,-0.095180,-0.027338,
-0.003054,-0.005508,0.011809,-0.006829,-0.001479,0.011039,-0.032926,-0.027946,-0.028009,0.110788,0.156412,0.010608,-0.022539,-0.022090,
0.008144,0.001757,0.003986,-0.000679,-0.000218,0.013073,-0.014657,0.023439,0.013509,0.085061,0.088010,0.022167,-0.025273,-0.016473,
-0.007663,-0.003668,-0.003516,0.004837,-0.002438,-0.041888,0.029917,-0.050968,-0.025835,-0.173231,-0.160907,-0.004831,0.013158,-0.003351,
0.001853,-0.000301,-0.003368,0.000458,0.000385,-0.015611,0.017884,-0.006498,-0.011365,-0.083423,-0.099985,-0.010939,0.022342,0.009639,
0.056886,0.009397,0.013031,0.002512,-0.023517,0.058503,-0.015184,0.193955,0.076981,0.153350,0.183490,0.019935,-0.194079,0.001536,
0.007962,-0.000328,-0.001924,-0.002556,0.004206,0.000251,-0.000175,0.017936,0.012589,0.031509,0.016874,0.004369,0.017313,-0.013267,
0.008978,0.000917,-0.000229,0.000084,0.001322,0.011745,-0.011831,0.023730,0.019096,0.076749,0.064329,0.017998,-0.005025,-0.015585,
0.017826,0.001487,0.001919,-0.000310,-0.001280,0.024289,-0.024302,0.054851,0.028931,0.105239,0.099645,0.020987,-0.038669,-0.021200,
-0.004779,-0.002153,0.002759,0.002343,-0.000737,-0.004725,-0.002157,-0.018837,0.011273,0.016992,0.042612,0.029127,-0.011225,-0.004751,
-0.006079,-0.001246,0.000002,0.002191,-0.003190,-0.010052,0.005437,-0.023790,0.008447,-0.002920,0.000576,0.012123,-0.020535,0.002315,
-0.003433,-0.002096,0.001847,0.010227,-0.002768,-0.003760,-0.002342,-0.022504,-0.009541,-0.003279,0.020843,0.048098,-0.033423,-0.006299,
-0.002646,0.001453,-0.001915,0.008519,-0.004205,-0.016577,0.021173,-0.014870,-0.006480,-0.075124,-0.083060,0.022739,-0.019765,0.016723,
-0.008648,-0.000858,-0.002646,0.012360,-0.007038,-0.021567,0.023896,-0.033968,-0.004868,-0.099934,-0.099914,0.050719,-0.032264,0.029102,
0.046081,0.005518,-0.005139,-0.028057,0.040585,0.062298,-0.032218,0.195424,0.056506,0.211820,0.160976,-0.109151,0.201143,-0.052382,
-0.000359,0.000489,-0.000820,0.003101,-0.001633,0.002381,-0.004288,-0.006981,-0.004692,0.018176,0.011132,0.028085,-0.019636,0.000709,
-0.005557,-0.000030,-0.000179,0.002468,-0.001675,-0.005831,0.000570,-0.018860,-0.001182,0.006033,0.004945,0.020164,-0.012354,-0.002952,
0.004979,0.000209,-0.002970,-0.008010,0.009157,0.006811,-0.003144,0.032123,0.011675,0.015252,0.006114,-0.039902,0.063486,-0.009275,
-0.009083,0.000767,-0.002400,0.000910,-0.003719,-0.028459,0.029148,-0.043710,-0.011340,-0.117962,-0.123453,-0.021574,0.012386,0.032323,
-0.001015,0.000748,0.003332,-0.002511,0.002322,-0.001329,0.003336,-0.004220,0.001674,0.020177,0.038067,-0.008834,0.029502,0.004831,
-0.007655,0.000698,0.000415,-0.002380,-0.001998,-0.006454,-0.000145,-0.030816,-0.008149,0.007651,0.013257,-0.011445,0.006460,-0.004166,
-0.003192,-0.000790,0.000050,-0.001239,-0.000564,-0.007845,0.010201,-0.014699,-0.010198,-0.052924,-0.048195,-0.018191,0.024494,0.022240,
-0.009628,-0.001117,0.000545,-0.001572,-0.001338,-0.013043,0.007313,-0.053013,-0.027509,-0.038165,-0.031951,-0.003274,0.016407,0.017358,
0.019618,0.002920,0.001790,-0.018097,0.022458,0.035154,-0.026088,0.117394,0.034108,0.139908,0.132447,-0.089651,0.158193,-0.025659,
0.001106,-0.001837,-0.002099,0.001011,-0.001151,-0.007664,0.008393,-0.008775,-0.016841,-0.063530,-0.070534,-0.001797,0.002286,0.003241,
-0.004732,-0.000278,-0.002360,-0.001046,-0.002332,-0.022137,0.028217,-0.030268,-0.017809,-0.135036,-0.139843,-0.037106,0.025127,0.041986,
-0.012545,-0.001571,0.001629,0.000082,-0.002337,-0.027424,0.009675,-0.065062,-0.024666,-0.082452,-0.054844,-0.004539,0.002302,-0.012695,
-0.002945,-0.000437,-0.000644,0.001205,-0.000199,-0.015779,0.019611,-0.020275,-0.008589,-0.083230,-0.081739,-0.013286,0.021092,0.022739,
-0.004798,0.001426,-0.000071,-0.000193,-0.000290,-0.005849,0.001000,-0.022029,-0.005058,0.013999,0.007044,0.005427,-0.001611,0.003147,
-0.001196,0.000146,0.000472,0.000211,-0.000837,0.006136,-0.017900,-0.011660,-0.019319,0.071603,0.063625,0.018250,-0.025178,-0.020036,
-0.005941,0.002103,0.000483,-0.001559,-0.002640,-0.002082,-0.008071,-0.023559,-0.015534,0.049968,0.035588,-0.007917,-0.021674,-0.001193,
-0.009485,0.001635,0.000142,-0.002723,-0.004506,-0.016801,0.013218,-0.041799,-0.008395,-0.033063,-0.031924,-0.035866,-0.014695,0.023199,
-0.002555,0.000349,0.000431,0.005139,-0.003489,-0.008781,0.005301,-0.019058,-0.014819,-0.035007,-0.030101,0.019639,-0.032055,0.008000,
0.000260,-0.001367,0.000026,0.004551,-0.001522,-0.002761,0.001620,-0.006584,-0.016223,-0.027823,-0.025561,0.023407,-0.016594,0.014082,
-0.000757,0.000267,-0.001069,0.003742,-0.001223,-0.012130,0.014175,-0.018750,-0.008791,-0.038275,-0.045522,0.015609,-0.013873,0.008764,
0.017565,0.002073,0.000290,0.008115,-0.008738,0.030961,-0.023870,0.079544,0.041734,0.118547,0.115499,0.069303,-0.106603,-0.018328,
-0.012723,0.002108,0.000148,0.006784,-0.001753,-0.035144,0.037154,-0.044700,0.005834,-0.118705,-0.086598,0.009178,0.007638,0.019137,
0.003748,0.002164,0.002493,0.004264,-0.005707,0.000332,0.003305,0.018406,0.019428,0.020759,0.028335,0.012173,-0.061574,0.001367,
0.000162,-0.000727,0.000734,0.000893,-0.000991,-0.003392,-0.003869,-0.012703,-0.009354,0.004370,0.008498,0.004635,-0.008771,-0.004655,
0.012993,0.000142,-0.003294,-0.002931,0.002600,0.027997,-0.023680,0.060235,0.036881,0.103773,0.086122,0.007013,-0.006739,-0.020914,
0.003291,-0.003704,0.003043,0.000427,-0.001574,0.007631,-0.022869,0.015854,0.001677,0.036422,0.058541,0.019082,-0.028710,-0.027102,
0.004128,-0.001179,-0.001487,0.000900,-0.001974,-0.001697,0.003653,0.008859,0.003005,-0.015067,-0.024620,0.006952,-0.012497,-0.001663,
0.003479,-0.000480,-0.001408,-0.001905,-0.000755,-0.002945,0.004031,0.013650,0.011156,-0.013335,-0.019973,-0.005623,0.004637,-0.007102,
-0.002712,-0.001621,0.001510,-0.001171,0.001332,-0.008560,0.001397,-0.023465,-0.001107,-0.007800,0.009549,0.009753,0.030111,-0.007885,
-0.006105,-0.001897,0.000409,0.000608,-0.002019,-0.020286,0.015270,-0.027002,0.001506,-0.067061,-0.056388,0.002425,0.008178,-0.003392,
-0.001838,-0.000666,-0.000602,-0.000865,0.000862,-0.012026,0.011549,-0.005390,0.011053,-0.041783,-0.036948,-0.008094,0.018221,-0.004663,
0.003796,0.000699,0.001206,-0.004163,0.003040,0.005170,-0.003782,0.023956,0.012952,0.024001,0.026037,-0.011915,0.027413,-0.000467,
-0.003875,-0.000084,0.000632,0.000506,0.000300,-0.016665,0.015276,-0.039276,-0.016662,-0.050501,-0.047617,0.006666,0.022793,0.015085,
-0.000609,0.000873,-0.001522,0.001158,-0.001236,-0.011127,0.013560,-0.008384,-0.002200,-0.042751,-0.053419,-0.004444,0.001067,0.002963,
0.006663,-0.000381,-0.000038,0.001399,-0.001294,0.018236,-0.019905,0.032090,0.003636,0.075502,0.069974,0.015551,-0.024063,-0.010071,
0.003115,0.000749,0.000627,-0.000685,-0.000045,0.014980,-0.019340,0.022950,0.015760,0.101344,0.090613,0.010542,-0.024352,-0.014799,
0.006230,0.000035,-0.000285,-0.000150,-0.000119,0.017842,-0.019553,0.034622,0.011866,0.076249,0.067263,0.011299,-0.018964,-0.007393,
0.013942,-0.000385,-0.002713,-0.001937,0.004396,0.022555,-0.015801,0.063330,0.021871,0.071972,0.052182,0.007343,0.009382,-0.014368,
-0.005556,0.002690,-0.002604,0.003761,-0.004347,-0.032505,0.041420,-0.041603,-0.008381,-0.135452,-0.160238,-0.007785,-0.002816,0.043991,
0.007375,0.000211,-0.000949,0.002489,-0.004143,0.005617,-0.002470,0.036497,0.010981,0.010268,0.003092,0.012395,-0.036957,-0.005064,
-0.006735,-0.000734,-0.000916,0.005320,-0.002970,-0.028937,0.029727,-0.048342,-0.013939,-0.128338,-0.113110,0.012949,-0.008811,0.013269,
0.009688,-0.000431,-0.001862,-0.003709,0.005756,0.016231,-0.012472,0.051345,0.013034,0.050228,0.034940,-0.009666,0.037180,-0.006792,
0.008833,-0.000099,-0.001312,-0.002188,0.003385,0.026964,-0.026787,0.063792,0.025178,0.132566,0.111046,0.010841,-0.004886,-0.023745,
-0.000960,-0.001928,0.001142,-0.000947,0.000370,0.005355,-0.013611,-0.001636,-0.003871,0.057994,0.070497,0.010569,-0.016585,-0.017323,
-0.002643,-0.000933,0.001111,0.000231,-0.000112,-0.001580,-0.003065,-0.013372,0.004242,0.019775,0.041086,0.005784,-0.004068,-0.010937,
0.001165,0.000245,-0.001517,0.001131,0.000261,-0.008870,0.008385,-0.021025,-0.022858,-0.055552,-0.070482,-0.003632,-0.004330,-0.003462,
0.023340,0.000515,-0.005069,-0.014689,0.020382,0.043305,-0.030965,0.147861,0.042710,0.146719,0.099424,-0.068455,0.134767,-0.065734,
-0.005420,0.004557,-0.005273,0.003374,-0.002886,-0.037337,0.050307,-0.062075,-0.020191,-0.193920,-0.243391,-0.003456,0.026812,0.054029,
-0.000373,-0.000173,-0.000153,0.000252,-0.000148,-0.006628,0.007470,-0.009387,-0.001759,-0.027716,-0.024256,-0.001258,0.000804,0.004782,
0.036477,0.003030,-0.001018,-0.009594,0.010785,0.094157,-0.083859,0.256266,0.070792,0.448750,0.410583,0.008107,0.000669,-0.125635,
0.001248,-0.001115,0.000633,-0.000697,0.000221,0.004907,-0.006757,-0.000143,-0.001175,0.031143,0.036133,0.005696,-0.009236,-0.012116,
-0.007417,-0.003201,0.002480,0.000034,0.000092,-0.009145,0.001826,-0.063032,-0.043020,-0.033764,-0.001984,-0.001994,0.011866,-0.000095,
-0.012159,-0.000950,0.001800,-0.003979,-0.003029,-0.023569,0.012621,-0.097644,-0.045060,-0.063035,-0.036937,-0.050459,0.009586,0.006579,
0.000360,-0.000368,-0.003237,0.002576,-0.002213,-0.017777,0.025097,-0.018129,-0.022276,-0.180796,-0.190436,-0.002571,0.003320,0.040952,
0.011304,0.005324,0.003318,0.002232,-0.001339,0.010121,0.000932,0.060334,0.040495,0.079971,0.073307,0.024743,-0.040051,-0.001083,
-0.001838,-0.000829,-0.002154,0.003796,-0.001921,-0.020496,0.020042,-0.030729,-0.031686,-0.159194,-0.162242,0.024041,-0.026129,0.023411,
-0.004129,-0.001224,-0.001484,-0.000459,-0.000455,-0.022389,0.022204,-0.049402,-0.029594,-0.146239,-0.136847,-0.025695,0.027451,0.028670,
-0.004466,-0.001532,0.001788,-0.002163,0.000568,0.000371,-0.005342,-0.029236,-0.017247,0.035909,0.045062,-0.013491,0.007742,-0.004600,
-0.005459,-0.001746,0.003695,-0.000053,0.000545,0.010780,-0.020579,-0.018830,-0.006664,0.123964,0.139267,0.021416,-0.013635,-0.017776,
-0.010126,-0.003390,0.003726,-0.001496,-0.001501,-0.000917,-0.008430,-0.052161,-0.011358,0.073387,0.102998,0.012143,-0.019539,-0.009178,
-0.002749,-0.001536,0.000134,0.002795,-0.000588,-0.004147,0.000310,-0.020893,-0.009110,-0.011996,-0.003500,0.011737,-0.017103,-0.002897,
-0.000547,0.003208,-0.007764,0.000875,-0.001618,-0.042096,0.057890,-0.043048,-0.058882,-0.302202,-0.338707,-0.059593,0.050300,0.088172,
-0.000866,0.000548,-0.003970,0.003773,-0.002325,-0.026476,0.035398,-0.031973,-0.048504,-0.212031,-0.219066,-0.002305,-0.001000,0.055782,
-0.005034,0.000044,-0.000442,0.002475,-0.001419,-0.017481,0.017974,-0.045272,-0.032902,-0.077558,-0.071991,0.014015,-0.017081,0.025027,
-0.002264,-0.001617,0.003437,-0.000394,-0.000861,0.005687,-0.015193,-0.019304,-0.004186,0.070474,0.089613,0.010174,-0.017863,-0.002544,
-0.001381,0.000560,0.001998,-0.001751,0.000776,0.009397,-0.016388,0.001461,0.012205,0.089654,0.086860,0.001569,-0.004128,-0.013380,
-0.001883,-0.001302,0.004855,-0.003334,0.000250,0.017158,-0.029142,0.007353,0.029893,0.141683,0.157888,0.000605,-0.011425,-0.022038,
-0.001230,-0.002947,0.003453,-0.001180,0.000826,0.002658,-0.015680,-0.005351,0.006458,0.041128,0.067228,0.015974,-0.004853,-0.020385,
0.000415,-0.002248,0.000060,0.000521,-0.000756,-0.009034,0.005090,-0.006406,-0.012434,-0.059633,-0.048811,-0.009781,-0.004001,0.000190,
0.005541,0.001102,-0.003840,-0.000059,-0.001778,-0.013266,0.017384,0.018732,-0.000950,-0.074326,-0.100432,-0.007639,-0.018571,0.007709,
0.000018,-0.002244,-0.000691,-0.001761,-0.001084,-0.021442,0.015505,-0.012379,-0.016268,-0.104482,-0.077482,-0.024690,0.019553,-0.016720,
0.002061,0.001191,-0.003391,0.001089,-0.002078,-0.029548,0.034883,-0.011712,-0.016022,-0.149990,-0.139457,-0.018226,-0.006118,0.031934,
0.019484,0.001224,-0.001295,-0.012117,0.014398,0.048834,-0.046019,0.104894,0.058356,0.165778,0.121417,-0.024677,0.098022,-0.038478,
0.047545,0.011070,0.003200,-0.014649,0.028520,0.116333,-0.073557,0.256965,0.151334,0.392181,0.329182,0.006577,0.196954,-0.034326,
0.005382,-0.000490,0.004839,0.001969,-0.003425,0.008200,-0.008484,0.030432,0.015510,0.036924,0.059810,0.011032,-0.050013,0.001446,
0.006769,0.000086,0.000851,0.000142,0.001413,0.014658,-0.015331,0.031622,0.015203,0.048365,0.046540,0.009110,-0.004526,-0.013205,
-0.000927,-0.001758,-0.000799,0.000390,-0.001060,-0.013382,0.010808,-0.015300,0.002205,-0.041463,-0.034418,0.009568,-0.009156,-0.008056,
0.004394,0.001395,-0.003909,0.000917,-0.000194,-0.010070,0.019317,-0.002999,-0.006805,-0.046422,-0.072400,0.002762,-0.007439,0.014248,
-0.000875,0.000665,-0.002300,0.001286,-0.000159,-0.017625,0.015986,-0.022865,-0.016113,-0.065148,-0.075527,-0.004962,-0.011438,0.008401,
0.004232,0.002006,0.000290,0.002852,-0.003791,0.000212,-0.000336,0.028534,0.018802,0.023816,0.026840,0.012065,-0.065235,0.004125,
-0.002852,-0.002123,0.002032,0.000171,0.000068,0.002192,-0.010646,-0.008732,0.012544,0.057380,0.081622,0.011045,-0.028007,-0.020143,
0.000243,-0.000563,0.001420,-0.000877,0.001186,0.006151,-0.012618,-0.003405,0.012406,0.093251,0.092128,0.004398,0.001121,-0.021801,
-0.000007,-0.000201,-0.000049,0.002557,-0.000862,-0.006055,0.006051,-0.019540,-0.003367,-0.000240,0.001806,0.019074,-0.031377,0.007111,
-0.000235,0.000538,-0.000182,0.000965,-0.001882,-0.004116,0.001897,0.001184,0.001642,0.001806,0.000371,0.003319,-0.028098,0.001558,
-0.004211,-0.000233,-0.000780,0.001571,0.000358,-0.020220,0.013630,-0.036181,-0.024038,-0.079320,-0.075782,0.003219,-0.021524,0.013278,
-0.000796,0.001611,-0.002697,-0.001122,0.000529,-0.019014,0.024350,-0.026006,-0.018836,-0.103279,-0.113382,-0.025002,0.004846,0.032843,
-0.002171,-0.001215,0.000777,0.000202,-0.000006,-0.004343,0.002229,-0.011171,-0.004497,0.001253,0.012786,0.011672,-0.007685,0.006625,
-0.003129,0.000305,-0.000348,0.001811,0.000214,-0.006677,0.008076,-0.017296,-0.000654,0.000481,0.005942,0.015254,-0.010920,0.014455,
-0.009332,-0.002135,0.002433,-0.000729,0.000212,-0.013138,0.006577,-0.049108,-0.009080,-0.019807,0.021988,0.001171,-0.010133,0.003843,
0.003310,-0.000239,0.000090,-0.001246,0.002002,0.012496,-0.013499,0.022449,0.007847,0.082287,0.075394,-0.004274,0.016064,-0.020127,
-0.003547,-0.000072,-0.001781,-0.000153,0.000153,-0.015845,0.018380,-0.033861,-0.006066,-0.068322,-0.062175,-0.007886,0.003862,0.019456,
-0.000429,-0.001282,-0.000322,0.000201,-0.000094,-0.008206,0.005093,-0.016645,-0.015553,-0.054524,-0.049883,0.003745,-0.014928,0.002417,
-0.002959,0.001125,-0.002522,0.000422,0.000291,-0.020443,0.024887,-0.032819,-0.009135,-0.099229,-0.106173,-0.007116,-0.002422,0.024616,
-0.003936,-0.000962,0.000588,-0.000517,-0.000550,-0.008997,0.003996,-0.029242,-0.013628,-0.024693,-0.011712,-0.008824,-0.004582,-0.002218,
-0.001677,-0.001022,-0.001050,-0.000586,-0.000002,-0.008189,0.005691,-0.019453,-0.016281,-0.036205,-0.045040,0.000571,-0.004038,0.008478,
0.002761,0.001962,0.003367,0.000987,0.000329,0.011476,-0.013138,0.025152,0.032639,0.126956,0.132026,0.016683,0.001729,-0.015658,
-0.005062,-0.003197,0.001218,-0.001034,0.000884,-0.013613,0.010567,-0.031014,-0.003953,-0.059582,-0.010592,-0.004994,0.011203,0.000377,
0.003584,-0.000317,0.000959,0.000660,-0.001631,0.008279,-0.011108,0.014051,-0.009913,0.027370,0.021624,0.008265,-0.019306,0.000648,
0.001497,-0.000166,0.000930,0.000229,-0.000906,0.003492,-0.003924,0.002887,-0.001345,0.035638,0.029014,-0.001194,-0.007964,0.011805,
0.000574,-0.001136,0.000606,-0.001067,0.000662,-0.006025,0.001923,-0.012681,-0.012046,-0.047099,-0.022118,-0.007672,0.005044,0.001588,
0.001699,-0.000444,-0.005644,-0.004558,0.002422,-0.032205,0.048757,-0.050631,-0.036583,-0.214234,-0.230020,-0.041815,0.020317,0.060787,
-0.001090,-0.000696,0.000994,-0.000765,0.000829,-0.009410,0.005402,-0.018717,-0.004149,-0.027621,-0.007164,-0.000885,0.014752,-0.006065,
0.015586,0.001265,-0.000208,-0.001356,0.000921,0.052610,-0.050927,0.118365,0.053154,0.214591,0.180309,-0.012743,0.031781,-0.041022,
-0.000507,-0.001585,0.002448,-0.000243,-0.000902,0.004702,-0.014584,0.001773,0.007442,0.056727,0.072127,-0.005621,-0.001102,-0.016874,
0.010655,0.001948,0.001568,0.003563,-0.003400,0.028965,-0.028395,0.084935,0.056116,0.142505,0.134273,0.026252,-0.019195,-0.022058,
0.006979,-0.000047,0.002128,0.001529,-0.003797,0.010518,-0.013213,0.034773,0.016583,0.038705,0.043163,0.008268,-0.041885,-0.013692,
0.018092,0.004636,-0.000072,0.005214,-0.008581,0.027278,-0.010027,0.099177,0.032892,0.077834,0.043157,0.019224,-0.072614,-0.001097,
0.000667,0.000192,-0.003325,0.001221,0.001566,-0.038827,0.043450,-0.069226,-0.065078,-0.269637,-0.270484,0.000864,-0.002497,0.038871,
0.016983,0.002244,-0.002307,-0.006180,0.010362,0.039477,-0.026536,0.129462,0.049442,0.122586,0.094097,-0.052789,0.117560,-0.037861,
0.010539,0.008331,0.011131,0.001599,-0.000242,0.049570,-0.050280,0.138120,0.097579,0.364807,0.387551,0.017756,0.015893,-0.062265,
-0.002238,-0.001349,0.000036,0.001245,0.000187,-0.009443,0.006953,-0.029551,-0.010651,-0.041184,-0.029704,0.015886,-0.014421,0.006213,
-0.000298,-0.000201,-0.001084,0.000906,-0.000019,-0.011721,0.010378,-0.034148,-0.030179,-0.064215,-0.077892,0.010288,-0.014440,0.017466,
-0.001574,-0.000924,0.000014,0.001744,-0.000540,-0.012445,0.007566,-0.039880,-0.030148,-0.068262,-0.064495,0.019676,-0.019725,-0.003427,
-0.001272,-0.001143,0.000208,0.001551,-0.000326,-0.001441,-0.002810,-0.018266,-0.022090,-0.000172,-0.003970,0.015543,-0.012165,-0.001133,
-0.002760,-0.001337,0.001305,0.000923,-0.000025,-0.004422,-0.001393,-0.026601,-0.015355,0.010069,0.023095,0.017371,-0.009825,-0.003769,
-0.002924,-0.000844,0.001144,0.000324,-0.000153,-0.005037,0.000712,-0.029917,-0.023976,-0.013202,-0.002467,0.010819,-0.012597,0.002264,
-0.002776,-0.000828,-0.000848,0.000126,0.001177,-0.021065,0.020103,-0.052921,-0.028266,-0.118921,-0.107586,0.014111,-0.017993,0.025213,
-0.003507,-0.001781,0.000723,0.000246,0.000151,-0.012641,0.006800,-0.046161,-0.024276,-0.050899,-0.038612,0.015689,-0.024233,0.003141,
-0.004572,-0.000563,0.001202,-0.000898,-0.000096,-0.011797,0.005731,-0.044433,-0.029516,-0.044021,-0.032184,-0.005331,0.002342,0.000191,
-0.000103,0.000564,-0.000306,-0.001896,0.000479,-0.007117,0.007402,-0.026741,-0.025331,-0.038975,-0.041124,-0.019244,0.016958,0.018820,
0.001623,-0.001301,-0.000335,0.000362,-0.000286,0.001147,-0.002597,-0.001119,-0.022517,-0.033209,-0.035822,-0.001340,0.000592,0.000935,
0.002205,0.002180,-0.001853,-0.003260,0.000750,-0.013821,0.019103,-0.031098,-0.033950,-0.070785,-0.104325,-0.029035,0.013701,0.036738,
-0.003100,-0.001353,0.001159,0.001026,-0.000347,-0.002754,-0.004911,-0.019507,-0.006490,0.023216,0.032722,0.018333,-0.000469,-0.009275,
-0.005926,-0.000985,0.001328,0.001398,-0.000769,-0.006505,-0.003543,-0.029654,-0.008058,0.018953,0.025858,0.019008,-0.013412,-0.010610,
-0.001368,0.000388,-0.000241,-0.000504,-0.000173,-0.004656,0.004655,-0.017297,-0.000994,0.013066,0.004909,0.001670,-0.001056,0.011170,
0.011577,-0.001645,-0.003376,-0.007649,0.007157,0.055130,-0.053411,0.122286,0.072504,0.214074,0.193003,-0.058379,0.102518,-0.049796,
0.010814,-0.000022,0.000477,0.003139,-0.003622,0.048468,-0.046506,0.115138,0.051720,0.179426,0.163341,0.011528,-0.011201,-0.036090,
-0.008569,-0.005602,0.003170,-0.003481,0.000836,-0.015924,0.023026,-0.020003,-0.075846,-0.242072,-0.161075,-0.062004,0.024652,0.045168,
-0.001545,0.006191,-0.006029,-0.005240,0.002356,-0.063032,0.083304,-0.053222,-0.067794,-0.334428,-0.376528,-0.031880,-0.012465,0.090536,
-0.000090,-0.000197,-0.001065,-0.001945,0.003390,-0.019506,0.022469,-0.014933,-0.018444,-0.115531,-0.108265,-0.002393,0.028827,0.013728,
-0.003094,-0.002285,0.003293,0.003900,-0.001661,0.008307,-0.016199,0.002587,0.022723,0.084237,0.104696,0.029864,-0.018996,-0.022617,
-0.007005,-0.002527,0.002106,0.002100,-0.002920,0.018048,-0.029626,0.005624,0.047963,0.161434,0.170532,0.021988,-0.027167,-0.033370,
-0.004271,-0.000958,0.003077,0.001047,-0.003185,0.016091,-0.026103,0.009914,0.047441,0.161224,0.171609,0.012675,-0.028359,-0.026943,
-0.004531,-0.000882,0.000544,-0.000459,-0.000347,-0.002602,-0.004725,-0.009539,-0.008148,0.017501,0.010445,-0.001996,-0.002012,-0.003370,
0.000276,0.000528,-0.002797,-0.001132,0.002458,-0.015578,0.024186,-0.012545,-0.018076,-0.083164,-0.101190,-0.009419,0.011935,0.021901,
0.003280,0.002016,-0.003639,-0.000928,0.004623,-0.025823,0.035913,-0.013383,-0.035862,-0.163122,-0.175978,0.006986,0.024302,0.035663,
0.001613,-0.001232,-0.000681,0.002013,0.001585,-0.012566,0.016668,-0.006023,-0.028619,-0.088499,-0.087607,0.013070,0.003574,0.024327,
