0.001413,
0.006778,
0.002035,
0.000691,
0.002924,
0.003518,
0.003278,
0.000596,
0.002602,
0.005691,
0.002063,
0.001278,
-0.000615,
0.005702,
-0.001050,
0.001092,
-0.002679,
0.001597,
0.001090,
-0.001180,
-0.002761,
-0.005650,
-0.000638,
-0.005816,
-0.001114,
0.003790,
-0.002737,
0.001424,
-0.001161,
-0.005166,
-0.002865,
-0.003556,
-0.004854,
-0.002333,
-0.003121,
-0.007157,
-0.000979,
-0.002922,
-0.003290,
-0.001164,
-0.002074,
0.007587,
-0.000285,
-0.000828,
0.002708,
-0.036710,
0.000410,
-0.014240,
0.004212,
0.009505,
0.007266,
0.006385,
0.006371,
0.002940,
0.003194,
-0.002075,
0.008565,
0.014868,
0.008779,
0.005868,
0.006717,
0.000595,
0.007028,
0.000045,
0.004380,
0.014512,
0.004637,
0.005110,
-0.003563,
-0.019458,
0.003191,
-0.004293,
0.008716,
0.049482,
0.006257,
0.016105,
-0.009372,
0.001759,
-0.012327,
0.013722,
0.006936,
0.045218,
0.013588,
0.017090,
0.019852,
0.035371,
0.020762,
0.014706,
0.002923,
0.011053,
0.000620,
0.004343,
0.004955,
-0.014891,
-0.002021,
-0.004564,
-0.024261,
-0.032735,
-0.026435,
-0.017583,
-0.004338,
-0.002336,
-0.012397,
-0.001538,
-0.049271,
-0.044777,
-0.013658,
-0.026052,
-0.001200,
0.031747,
-0.000491,
0.021050,
-0.016493,
-0.012101,
-0.004366,
-0.014120,
-0.011011,
-0.048174,
-0.001459,
-0.015573,
-0.025201,
-0.098506,
-0.011948,
-0.027337,
0.004801,
0.006742,
0.002566,
-0.000906,
-0.018757,
-0.041765,
-0.004564,
-0.020120,
0.000306,
0.003181,
0.004281,
-0.001271,
0.004181,
0.026601,
-0.002091,
0.005658,
-0.004346,
-0.005439,
0.001040,
-0.003967,
-0.046840,
-0.067693,
-0.032823,
-0.016306,
0.009337,
0.019243,
0.005494,
0.002149,
0.047940,
0.089163,
0.008637,
0.024547,
0.022315,
0.034614,
0.018357,
0.010663,
-0.004457,
0.015511,
-0.000360,
0.003955,
-0.000988,
0.023363,
0.000923,
0.005533,
0.008893,
0.023645,
0.005710,
0.004884,
0.018591,
0.033029,
0.029061,
0.010339,
0.000602,
0.018179,
0.011194,
0.004835,
0.014313,
0.024848,
0.009245,
0.006445,
-0.006185,
-0.017609,
-0.001406,
-0.007224,
-0.002541,
-0.001424,
0.001502,
-0.001451,
-0.013343,
-0.037593,
0.002226,
-0.006298,
-0.004265,
-0.015328,
0.004532,
-0.003060,
-0.035120,
-0.050714,
-0.014301,
-0.025559,
-0.000877,
0.010588,
0.000243,
0.008745,
0.001536,
0.011606,
0.001647,
0.004846,
-0.011871,
-0.007774,
-0.006293,
-0.002910,
-0.005017,
-0.007522,
-0.017616,
-0.014367,
-0.016289,
-0.007271,
-0.006967,
-0.007199,
0.006401,
0.012564,
0.009022,
0.009164,
-0.003733,
0.005103,
-0.002763,
0.005562,
0.002779,
0.009010,
0.004164,
0.004293,
0.038832,
0.154051,
0.071208,
0.036097,
-0.039874,
-0.041969,
-0.025574,
-0.029823,
-0.004855,
-0.008458,
-0.004741,
-0.002723,
0.003201,
0.008135,
0.017335,
0.003770,
0.010991,
-0.021062,
-0.011281,
0.006587,
0.013468,
0.000735,
0.011736,
0.000031,
-0.069035,
-0.089694,
-0.112371,
-0.037864,
-0.006007,
-0.018192,
-0.010436,
-0.013636,
-0.003854,
-0.014903,
-0.009403,
-0.002502,
0.011982,
0.031148,
0.012189,
0.009797,
-0.024369,
-0.018174,
-0.012468,
-0.012444,
0.016507,
0.068744,
0.027893,
0.019711,
0.001615,
0.007654,
0.002712,
0.001158,
-0.011335,
0.008895,
-0.004068,
-0.003804,
0.011221,
0.028049,
0.006246,
0.008765,
-0.009953,
0.010645,
-0.004620,
0.002966,
-0.016033,
-0.011452,
0.000986,
-0.004235,
0.023302,
0.066609,
0.006525,
0.019687,
-0.000141,
0.005214,
-0.004119,
-0.000444,
0.013806,
-0.012730,
0.003818,
0.001726,
-0.009854,
0.005724,
-0.013244,
0.004913,
-0.027878,
0.002749,
-0.009150,
-0.001673,
-0.002215,
-0.010645,
-0.004572,
-0.004116,
-0.025720,
-0.039837,
-0.023156,
-0.008558,
0.006081,
-0.059116,
0.002468,
-0.017609,
0.004429,
-0.002604,
0.000654,
-0.001777,
0.017115,
0.008765,
0.015985,
0.000909,
0.014457,
-0.021760,
0.007643,
0.000118,
-0.038912,
-0.061907,
-0.043129,
-0.017171,
0.016847,
0.030013,
0.031340,
0.014698,
0.009094,
0.025769,
0.012593,
0.012228,
0.011160,
0.014308,
0.021304,
0.005476,
-0.006624,
-0.004446,
-0.010352,
-0.007675,
0.002611,
0.003305,
-0.000617,
-0.003422,
0.040287,
0.134837,
0.038995,
0.034689,
-0.006496,
-0.011357,
-0.002706,
-0.000229,
-0.015161,
-0.024705,
-0.011294,
-0.008407,
-0.037107,
-0.114654,
-0.068381,
-0.032930,
0.014881,
0.066434,
0.022180,
0.014034,
0.037573,
0.067638,
0.026699,
0.032693,
0.013842,
0.071779,
0.004132,
0.019414,
0.006606,
0.020955,
0.006324,
0.006334,
-0.003412,
-0.011348,
0.004125,
-0.000826,
-0.042490,
-0.168250,
-0.043795,
-0.032026,
0.010178,
0.022862,
0.019293,
0.008498,
-0.001881,
0.074825,
-0.006650,
0.014438,
0.022897,
0.011497,
0.015279,
0.020422,
-0.002616,
0.018287,
0.003544,
0.003098,
0.006781,
0.070088,
0.005579,
0.011248,
-0.009275,
-0.017317,
-0.015928,
-0.009708,
0.004593,
0.011763,
0.003434,
0.004463,
-0.071108,
-0.012327,
-0.040424,
-0.008136,
0.020920,
0.070391,
0.015882,
0.020487,
-0.012228,
-0.025432,
-0.019347,
-0.016148,
-0.000165,
0.046643,
0.003237,
0.007760,
0.003788,
0.017587,
0.017413,
0.004335,
0.006079,
-0.007635,
0.010695,
-0.001374,
0.009204,
0.104209,
0.000518,
0.019868,
-0.002537,
-0.007962,
-0.002062,
0.000024,
0.006396,
-0.068265,
0.003266,
-0.014484,
-0.005754,
0.009825,
-0.008156,
0.010614,
-0.024933,
-0.020732,
-0.051601,
-0.011608,
-0.007990,
-0.019448,
-0.010640,
-0.003163,
-0.025058,
-0.035487,
-0.022968,
-0.009221,
-0.007199,
-0.002681,
-0.008699,
-0.000794,
0.058068,
0.158605,
0.032867,
0.034164,
-0.014566,
-0.019654,
-0.012906,
-0.006211,
0.033006,
0.038615,
0.043549,
0.015139,
0.001174,
0.058358,
0.002339,
0.011144,
-0.020307,
-0.018893,
-0.046373,
-0.009888,
0.002463,
0.010251,
-0.006617,
-0.001308,
0.012003,
0.034466,
0.013064,
-0.002050,
-0.047671,
-0.063493,
-0.080874,
-0.054590,
0.011801,
-0.001997,
0.000825,
-0.003150,
0.005789,
0.030880,
-0.002718,
0.008128,
0.001629,
0.010390,
-0.004201,
0.002604,
0.006215,
0.056850,
0.002148,
0.005056,
-0.016435,
-0.018468,
-0.014770,
-0.007302,
0.009346,
0.041014,
0.017945,
0.003567,
0.025726,
0.036794,
0.007772,
0.011122,
-0.006772,
-0.009952,
-0.011867,
-0.011580,
-0.003072,
0.009420,
-0.002921,
0.001741,
-0.010912,
-0.007192,
-0.022876,
-0.009249,
-0.011921,
0.025042,
-0.004292,
0.006106,
0.003159,
0.029680,
0.006206,
-0.003415,
-0.026195,
-0.039398,
-0.015458,
-0.016130,
0.032380,
0.147357,
0.025784,
0.038187,
0.024435,
0.036022,
0.007838,
0.006686,
-0.001919,
0.027184,
-0.003116,
0.013327,
-0.012708,
-0.006707,
-0.019995,
-0.010270,
-0.005787,
0.010397,
-0.007450,
0.013869,
-0.034177,
0.030423,
-0.034466,
0.013101,
-0.025338,
-0.058238,
-0.045949,
-0.028967,
-0.044688,
0.008209,
-0.088452,
-0.015502,
0.003145,
0.045139,
-0.034584,
-0.017228,
-0.013669,
0.010182,
-0.025636,
-0.011594,
0.021118,
0.129845,
0.042706,
0.020826,
0.038622,
0.062691,
0.018205,
0.015535,
0.014263,
-0.042102,
-0.006444,
-0.010659,
-0.013077,
-0.227392,
-0.025841,
-0.058098,
-0.008983,
0.052697,
-0.013721,
0.023576,
0.005685,
-0.165721,
-0.030305,
-0.010795,
0.006007,
-0.084979,
-0.031562,
-0.024245,
0.031838,
0.021928,
0.079106,
0.036802,
-0.016104,
-0.134209,
-0.002919,
-0.035280,
0.004909,
0.096599,
0.012434,
0.028833,
0.029305,
0.109924,
0.035646,
0.045140,
0.011517,
0.042386,
0.009276,
0.019803,
0.011275,
0.057434,
0.027638,
0.023338,
0.041542,
0.115565,
0.065618,
0.051394,
-0.004249,
-0.030690,
-0.006815,
-0.002698,
0.000759,
0.044526,
0.008060,
0.020533,
0.005746,
-0.000517,
0.000541,
0.026736,
0.024107,
-0.061644,
0.039082,
-0.030455,
-0.051025,
-0.393171,
-0.116648,
-0.092911,
0.025458,
-0.073873,
-0.008721,
-0.005076,
-0.024976,
-0.095073,
-0.017607,
-0.017130,
0.019717,
0.041558,
0.013625,
0.005288,
-0.007635,
0.017163,
-0.000527,
-0.007803,
0.018865,
0.078752,
0.033782,
0.003463,
-0.031932,
0.000160,
-0.002274,
-0.013127,
0.028100,
0.049691,
0.045058,
0.018529,
0.010520,
0.048121,
0.008132,
0.011276,
0.031730,
0.071058,
0.051368,
0.037609,
0.017932,
0.022207,
0.019052,
-0.011531,
0.001869,
0.012878,
0.000834,
0.008406,
0.027225,
0.015146,
0.000815,
0.011710,
-0.011022,
-0.047101,
-0.057684,
-0.039002,
-0.029160,
-0.002493,
-0.013715,
-0.010226,
0.036137,
0.052214,
0.030349,
0.012564,
0.000638,
0.034328,
0.005488,
0.017425,
-0.012649,
0.036812,
-0.003010,
0.015221,
-0.073896,
-0.080717,
-0.096363,
-0.047472,
0.007609,
0.043571,
0.010619,
0.007236,
-0.087640,
-0.300454,
-0.030469,
-0.076083,
-0.059011,
-0.068831,
-0.024174,
-0.021219,
-0.001281,
0.035572,
0.007006,
0.020740,
0.018186,
0.108179,
0.015004,
0.031403,
0.031543,
0.064586,
0.063472,
0.044891,
0.059603,
0.081962,
0.035529,
0.032224,
0.088284,
0.113256,
0.078579,
0.041692,
0.080568,
0.113370,
0.062546,
0.028344,
0.006263,
0.000015,
-0.001797,
-0.011613,
0.002839,
-0.002105,
-0.000888,
-0.007304,
-0.029146,
-0.035486,
-0.023762,
-0.008663,
-0.039250,
0.043756,
-0.063317,
0.009528,
-0.007522,
-0.045477,
-0.070880,
-0.009253,
-0.052661,
0.074841,
-0.104684,
-0.025367,
0.014699,
-0.014616,
-0.004522,
-0.021707,
-0.027677,
-0.162608,
-0.076758,
-0.037368,
0.093777,
0.964114,
0.072430,
0.499435,
-0.073603,
-0.069346,
-0.055408,
-0.054909,
-0.094923,
-0.487126,
-0.128986,
-0.111959,
-0.060207,
-0.378878,
-0.091877,
-0.140493,
-0.013870,
-0.114400,
-0.027584,
-0.033426,
-0.012657,
-0.145332,
-0.014378,
-0.031122,
0.027748,
-0.021473,
0.005870,
-0.007939,
0.023024,
0.013793,
0.018191,
0.014352,
0.045769,
0.246466,
0.034471,
0.071806,
0.034652,
0.109974,
0.019480,
0.032885,
0.020969,
0.280657,
0.024796,
0.053339,
0.031256,
0.018208,
0.044209,
0.028798,
0.010075,
-0.021601,
-0.005838,
-0.028464,
-0.012697,
-0.122080,
-0.013961,
-0.037108,
-0.000321,
-0.072303,
-0.022930,
-0.068627,
-0.053804,
-0.095066,
-0.075342,
-0.058826,
0.002416,
-0.112289,
-0.022775,
-0.045843,
0.012367,
0.014650,
0.014760,
-0.003251,
-0.027464,
0.097562,
-0.021463,
-0.000967,
0.051081,
0.079264,
0.055146,
0.029564,
0.053230,
0.217571,
0.079230,
0.045213,
0.032444,
0.020257,
0.039807,
0.003780,
-0.043517,
-0.106969,
-0.045824,
-0.074486,
0.087963,
-0.024593,
0.069774,
0.015746,
0.012151,
-0.197200,
-0.024279,
-0.048740,
-0.001554,
-0.049943,
-0.016053,
-0.018076,
-0.017221,
-0.030695,
-0.011694,
0.004557,
0.021292,
0.008277,
0.023196,
-0.002487,
0.034586,
0.162811,
0.015237,
0.081406,
0.006298,
0.092669,
0.033468,
0.032585,
0.067984,
0.283154,
0.015999,
0.075522,
-0.108373,
0.186724,
-0.057469,
-0.050691,
-0.021485,
-0.206430,
-0.012300,
-0.049192,
-0.007968,
-0.316661,
-0.012944,
-0.067125,
0.015658,
-0.040627,
0.005734,
0.020491,
0.015960,
-0.029557,
0.012499,
-0.002193,
-0.000337,
-0.187089,
0.060952,
-0.044737,
-0.045008,
-0.162311,
-0.043604,
-0.064187,
0.013272,
0.033303,
0.017358,
0.010716,
0.032920,
0.201790,
0.032047,
0.067747,
-0.011852,
0.039670,
-0.027865,
-0.033580,
0.027197,
0.113079,
0.020654,
0.019840,
0.001751,
-0.077697,
0.003239,
-0.017759,
0.003235,
-0.042816,
0.021637,
0.005486,
-0.062065,
-0.285349,
-0.028206,
-0.086606,
-0.021674,
-0.157599,
-0.004372,
-0.045970,
0.003021,
0.294037,
0.018411,
0.073708,
0.006633,
0.078018,
0.031089,
0.038904,
0.039985,
0.097319,
0.043161,
0.044732,
-0.006657,
0.061528,
0.014308,
0.020073,
0.018447,
0.113047,
0.005084,
0.038510,
-0.015389,
0.050476,
0.003831,
0.010766,
0.040073,
0.016318,
-0.000827,
0.013351,
-0.035301,
-0.026459,
-0.054187,
-0.036219,
-0.021709,
-0.028034,
-0.011622,
-0.019787,
-0.058538,
-0.099698,
-0.042785,
-0.064026,
-0.037914,
-0.002730,
-0.044674,
-0.028332,
-0.004841,
0.037208,
-0.010812,
-0.030052,
0.049335,
0.047289,
0.042522,
0.026574,
0.012686,
0.097192,
-0.025834,
0.032910,
-0.010169,
0.018258,
-0.050434,
0.011304,
-0.042585,
-0.005861,
0.008736,
0.014646,
-0.012322,
-0.063889,
-0.021098,
-0.011002,
0.053348,
0.032658,
0.028389,
0.019628,
0.033767,
-0.015489,
0.029135,
0.027565,
0.039589,
0.088919,
0.055680,
0.037085,
-0.069824,
-0.111788,
-0.062965,
-0.026317,
-0.004224,
-0.198315,
0.007147,
-0.031572,
0.046121,
-0.035497,
0.057759,
0.006854,
0.009352,
-0.003173,
0.024114,
0.015707,
0.035190,
0.082994,
0.041420,
0.033733,
0.056853,
0.094951,
0.099200,
0.034825,
-0.058220,
-0.318214,
-0.123005,
-0.080121,
-0.037742,
0.043817,
-0.024954,
0.009970,
-0.002675,
-0.032199,
0.010809,
-0.008485,
0.003111,
0.039705,
-0.021651,
-0.008375,
0.017483,
0.123660,
0.025954,
0.019571,
0.139418,
0.168273,
0.216443,
0.105432,
0.004041,
0.035531,
-0.005803,
0.002464,
-0.032275,
-0.008274,
-0.095433,
-0.030773,
-0.127618,
-0.137497,
-0.060367,
-0.053780,
-0.074484,
-0.257399,
-0.090374,
-0.149929,
0.047162,
-0.003328,
0.019640,
0.013001,
-0.016560,
0.068227,
-0.011371,
-0.001859,
0.012999,
0.062930,
-0.006623,
0.020614,
-0.067075,
-0.413330,
-0.051322,
-0.069261,
0.075581,
0.205792,
0.071711,
0.061031,
-0.003482,
-0.034897,
0.016168,
0.018656,
0.040419,
0.131043,
0.048135,
0.044342,
-0.025903,
-0.013931,
-0.079592,
-0.012749,
0.010961,
0.052364,
0.021242,
0.029417,
0.040822,
0.050971,
0.023608,
0.030302,
0.073795,
0.120208,
0.056042,
0.047282,
-0.009158,
0.039213,
-0.027892,
0.016039,
0.058951,
0.156790,
0.058662,
0.085726,
-0.005229,
0.036444,
-0.038346,
-0.008853,
0.010053,
0.111477,
0.004007,
0.020664,
-0.037131,
0.033329,
-0.049881,
0.000012,
0.002965,
-0.045289,
-0.057784,
-0.006074,
-0.049282,
-0.027209,
-0.073001,
-0.030209,
0.001917,
-0.074434,
-0.020382,
-0.041396,
-0.125658,
-0.216353,
-0.159219,
-0.074510,
0.057648,
0.157075,
0.018630,
0.031780,
0.034020,
0.199376,
0.049211,
0.036996,
0.044888,
0.080041,
0.018249,
0.023371,
0.045681,
0.013238,
0.083955,
0.009149,
-0.032593,
-0.022278,
-0.006034,
-0.041932,
-0.215269,
-0.412342,
-0.119601,
-0.118202,
-0.019284,
0.017982,
-0.004929,
-0.037818,
0.018622,
0.144170,
-0.008120,
0.016510,
0.026682,
0.185272,
0.005107,
0.065452,
0.051593,
0.107594,
0.053227,
0.041776,
0.001678,
-0.090256,
0.018176,
-0.011348,
0.003956,
-0.079845,
0.034951,
0.000191,
-0.111339,
-0.087698,
-0.091889,
-0.036757,
0.056466,
-0.038513,
0.076921,
0.031745,
-0.002459,
-0.268538,
0.002191,
-0.048178,
-0.002520,
0.089575,
0.018986,
0.030950,
0.003470,
-0.035041,
0.128695,
0.024774,
0.139936,
1.578257,
0.218203,
0.339256,
-0.009936,
-0.034024,
0.004830,
-0.012937,
-0.176836,
-0.572386,
-0.189588,
-0.244003,
-0.092513,
-0.319811,
-0.111591,
-0.108728,
-0.055368,
-0.322501,
-0.071129,
-0.091029,
-0.176442,
-0.244616,
-0.198943,
-0.113013,
0.017357,
-0.258817,
0.003512,
-0.040876,
-0.006248,
-0.226735,
0.008784,
-0.040577,
0.052610,
-0.093708,
0.046197,
0.018384,
0.006225,
0.078977,
0.077626,
0.040355,
0.056749,
0.105421,
0.068797,
0.069535,
0.057531,
0.134962,
0.072634,
0.035239,
0.081464,
-0.003209,
0.061849,
0.045881,
0.109717,
0.403036,
0.123898,
0.131895,
0.103041,
0.119318,
0.116591,
0.074789,
0.020914,
0.001469,
0.044648,
0.031506,
-0.030993,
-0.024599,
-0.034968,
-0.000415,
0.010244,
0.144509,
0.016565,
0.040342,
-0.018090,
-0.094630,
0.003046,
-0.028753,
0.022081,
-0.060488,
-0.003524,
-0.019495,
-0.065836,
-0.196681,
-0.112973,
-0.077107,
-0.050174,
-0.168911,
-0.068150,
-0.048862,
-0.037354,
-0.202962,
-0.068487,
-0.053124,
-0.022946,
-0.136328,
-0.031543,
-0.049055,
-0.060753,
-0.141782,
-0.123174,
-0.068233,
0.089815,
0.120069,
0.121148,
0.040731,
0.000382,
0.108947,
0.014748,
0.031018,
0.009256,
0.157493,
0.010465,
0.005956,
0.031972,
-0.094241,
0.027964,
-0.011232,
0.047014,
0.373351,
0.082455,
0.076063,
0.001246,
0.028754,
-0.005876,
0.014805,
0.010076,
0.048602,
0.002458,
0.019088,
-0.010979,
-0.048945,
-0.014229,
-0.021042,
-0.020938,
-0.141078,
-0.018634,
-0.037117,
0.015881,
-0.044580,
0.019588,
-0.002717,
0.011730,
-0.204717,
-0.011216,
-0.044863,
-0.031830,
-0.040112,
-0.074266,
-0.034270,
0.024777,
0.032910,
0.034461,
0.012436,
0.058049,
0.095012,
0.006559,
0.030276,
0.069337,
0.309925,
0.123453,
0.075595,
0.011914,
0.105028,
0.034118,
0.023290,
0.034627,
0.346513,
0.032245,
0.067648,
0.236439,
0.223499,
0.045390,
0.052640,
-0.075404,
-0.215124,
-0.084396,
-0.068277,
-0.182787,
-0.622382,
-0.269787,
-0.168158,
-0.124562,
-0.306176,
-0.151648,
-0.093802,
0.008711,
0.074356,
-0.033331,
0.009228,
0.045957,
0.029719,
0.028135,
0.005459,
0.068939,
0.461994,
0.036568,
0.084265,
0.135805,
0.013140,
0.191322,
0.011321,
-0.007785,
-0.062802,
-0.003589,
-0.017476,
0.012791,
-0.033687,
0.023149,
-0.001983,
0.022965,
-0.095006,
0.006553,
-0.020912,
-0.037454,
-0.155339,
-0.024647,
-0.038328,
-0.068276,
-0.166026,
-0.078007,
-0.082228,
0.020226,
0.033371,
0.007915,
0.011509,
0.013461,
0.141727,
0.018427,
0.027259,
0.178640,
0.345468,
0.112710,
0.079902,
-0.051940,
-0.026042,
-0.010449,
-0.005546,
-0.077047,
-0.045823,
0.002851,
-0.005284,
-0.158334,
-0.309321,
-0.194899,
-0.074312,
-0.004326,
-0.015961,
0.017712,
0.001537,
0.006245,
0.074228,
0.044352,
0.022827,
0.029731,
-0.043877,
0.006714,
0.006959,
-0.099461,
-0.050139,
-0.062701,
-0.024666,
0.009986,
0.059932,
0.018449,
0.041584,
0.049468,
0.002548,
0.065388,
0.027782,
0.143300,
0.253118,
0.160957,
0.116312,
0.061037,
0.250371,
0.083108,
0.084224,
0.066287,
0.236791,
0.158937,
0.060215,
-0.107590,
-0.210932,
-0.080660,
-0.051779,
-0.181373,
-0.196518,
-0.202309,
-0.100230,
-0.075200,
-0.320890,
-0.094172,
-0.064635,
-0.153307,
-0.408088,
-0.169947,
-0.145559,
0.056568,
0.075679,
-0.056431,
-0.000326,
0.001353,
0.097131,
-0.017766,
0.018230,
0.143947,
0.445427,
0.141143,
0.124436,
0.131825,
0.375882,
0.166701,
0.110342,
0.087437,
0.345699,
0.072302,
0.097010,
-0.063905,
-0.272250,
-0.007385,
-0.107995,
-0.199323,
-0.306223,
-0.184221,
-0.137845,
-0.228535,
-0.406796,
-0.185610,
-0.177343,
0.030930,
-0.073667,
0.012076,
-0.007972,
0.048323,
0.055942,
0.072915,
0.038653,
0.097492,
0.093232,
0.081618,
0.116445,
0.010385,
-0.465819,
0.011091,
-0.070718,
0.071773,
0.031225,
0.095113,
0.027715,
0.124384,
0.564997,
0.201624,
0.145981,
0.086558,
0.348904,
0.075074,
0.096157,
0.044269,
-0.040752,
0.054294,
-0.000753,
-0.004085,
-0.214474,
0.027043,
-0.041810,
-0.087355,
-0.285677,
-0.062138,
-0.050210,
-0.051877,
-0.246807,
-0.045797,
-0.065819,
-0.178520,
0.146114,
-0.244069,
0.129398,
0.064095,
0.013923,
0.136538,
0.060869,
0.007870,
-0.030448,
0.002600,
-0.006973,
-0.081705,
0.135050,
-0.133485,
-0.017456,
-0.060830,
-0.098502,
-0.086286,
-0.022408,
0.072520,
0.249971,
0.052917,
0.073098,
-0.009303,
0.185213,
0.049058,
0.047769,
-0.079250,
0.017381,
-0.098386,
-0.036923,
0.005971,
0.025618,
-0.068416,
-0.005287,
0.080815,
0.387117,
0.069198,
0.087511,
-0.042670,
-0.176651,
-0.049790,
-0.052512,
-0.065830,
-0.151213,
-0.068116,
-0.066368,
-0.184173,
-0.870444,
-0.099557,
-0.206150,
0.088627,
0.189828,
0.069881,
0.047844,
0.020962,
-0.094085,
-0.005090,
-0.024942,
0.083741,
0.259257,
0.105019,
0.092282,
0.077444,
0.256022,
0.099460,
0.088028,
0.048130,
0.182437,
0.038977,
0.060442,
0.087589,
0.086649,
0.113857,
0.038372,
0.081256,
0.255591,
0.057381,
0.059349,
-0.051142,
-0.200666,
-0.070919,
-0.070857,
-0.030375,
-0.511742,
-0.108410,
-0.127147,
-0.068372,
-0.429185,
-0.086170,
-0.139347,
0.096629,
0.111969,
0.007511,
0.022885,
-0.003546,
-0.121032,
-0.001770,
-0.028443,
0.046662,
0.341812,
0.068059,
0.069193,
0.028312,
0.044491,
0.066476,
0.016391,
0.060764,
0.187333,
0.067946,
0.046462,
-0.013140,
-0.069616,
-0.026964,
-0.031409,
0.014195,
0.138805,
0.012867,
0.043952,
-0.123305,
-0.126263,
-0.108402,
-0.078806,
-0.023360,
-0.187677,
-0.051700,
-0.041066,
-0.002525,
-0.213124,
-0.022623,
-0.042365,
-0.030777,
0.064549,
-0.001126,
0.007129,
-0.147400,
-0.108982,
-0.089816,
-0.054978,
0.102879,
0.551257,
0.101761,
0.150461,
0.085538,
0.347105,
0.077618,
0.100893,
-0.003504,
-0.076834,
-0.019295,
-0.004202,
0.000952,
-0.365530,
-0.004167,
-0.072629,
-0.049137,
-0.165567,
-0.061520,
-0.045156,
-0.021840,
-0.097651,
-0.018806,
-0.047154,
-0.004573,
-0.200522,
-0.027064,
-0.050855,
0.023895,
0.026783,
0.033031,
0.007597,
0.058815,
0.175159,
0.068399,
0.076820,
0.092958,
0.210064,
0.153718,
0.145683,
0.025275,
0.035191,
0.018832,
0.014931,
0.036329,
0.235628,
0.054259,
0.061292,
-0.132925,
-0.147180,
-0.128797,
-0.090438,
0.018485,
0.120045,
0.018527,
0.028566,
-0.160480,
-0.125640,
-0.246619,
-0.099320,
-0.065043,
-0.044245,
-0.066857,
-0.036834,
-0.040876,
-0.064690,
-0.043036,
-0.014490,
0.045037,
0.177634,
0.072193,
0.063255,
0.195975,
0.002143,
0.021142,
-0.012036,
0.008675,
-0.049342,
0.020025,
-0.004936,
0.083207,
0.061480,
0.088082,
0.053480,
-0.051638,
0.404627,
-0.018641,
0.067552,
-0.038749,
-0.151706,
-0.034585,
-0.049918,
-0.050330,
-0.173218,
-0.058458,
-0.035487,
-0.070776,
-0.276452,
-0.082786,
-0.096071,
-0.036459,
0.079872,
0.012766,
0.027818,
0.062294,
-0.122697,
0.087166,
0.005463,
0.047548,
0.756356,
0.049230,
0.136669,
0.027885,
-0.013116,
0.021987,
-0.000294,
-0.001477,
-0.446865,
-0.009366,
-0.080403,
-0.034686,
-0.514335,
-0.044096,
-0.087988,
0.058822,
0.169743,
0.105939,
0.049108,
0.060032,
-0.107326,
0.014802,
-0.011701,
0.010641,
0.013823,
-0.015335,
-0.005891,
0.120996,
0.350856,
0.114884,
0.078840,
-0.147763,
-0.012807,
0.017392,
-0.027255,
0.052568,
0.132562,
0.064581,
0.008919,
-0.063084,
-0.124932,
-0.085946,
-0.071013,
-0.024751,
-0.229344,
-0.053428,
-0.060639,
-0.033867,
0.023490,
-0.096650,
-0.020266,
-0.036351,
-0.201115,
-0.040773,
-0.047704,
0.005945,
0.066060,
0.009403,
-0.012549,
0.117386,
0.460127,
0.136870,
0.106378,
0.032515,
0.079675,
0.031942,
0.026540,
0.032072,
0.026373,
-0.030609,
0.006857,
-0.035523,
-0.075447,
-0.028298,
-0.005718,
-0.044913,
-0.655920,
-0.030039,
-0.095692,
-0.079408,
-0.070511,
-0.018442,
-0.003246,
0.007491,
0.235804,
-0.016401,
0.154768,
0.011317,
-0.007098,
0.023317,
0.009127,
0.070720,
0.112047,
0.053095,
0.037370,
0.013819,
0.209341,
0.043684,
0.045651,
-0.029762,
0.127635,
-0.001228,
0.035632,
-0.045841,
-0.052031,
-0.062360,
-0.011412,
-0.041668,
-0.158299,
-0.029199,
-0.023592,
0.010239,
-0.064307,
-0.028013,
0.003177,
-0.088235,
-0.116264,
-0.047323,
-0.010388,
-0.036733,
-0.023109,
-0.108797,
-0.014458,
0.037760,
0.091986,
0.069885,
0.020858,
0.052096,
0.092790,
0.048633,
0.057963,
0.014799,
0.055115,
0.014526,
-0.056526,
0.001493,
0.052197,
-0.053935,
-0.050455,
-0.003841,
0.190964,
-0.032538,
0.016398,
-0.021839,
-0.075407,
-0.056985,
-0.062629,
0.048748,
0.222813,
0.027210,
0.052039,
0.078589,
0.003966,
0.118047,
0.038624,
-0.007194,
-0.493405,
0.011282,
-0.090104,
-0.029564,
-0.048767,
-0.018864,
-0.034645,
0.119914,
-0.100218,
0.025233,
-0.021563,
0.072894,
0.195026,
0.047454,
0.054841,
0.012088,
-0.042283,
0.061361,
0.021842,
-0.012575,
-0.039021,
-0.037911,
0.010677,
-0.029913,
-0.037806,
-0.001850,
-0.006019,
-0.036618,
0.010624,
0.026712,
0.019063,
-0.051304,
-0.022541,
-0.087428,
0.003828,
-0.032414,
0.024131,
-0.005751,
0.012479,
-0.069057,
-0.184802,
-0.060375,
-0.037161,
-0.029332,
-0.002137,
0.007784,
-0.014979,
0.017116,
0.199421,
-0.016724,
0.038810,
0.178569,
0.328518,
0.090651,
0.092049,
-0.073216,
-0.134420,
-0.076127,
-0.044952,
-0.163040,
-0.033569,
-0.070253,
-0.038646,
-0.118806,
-0.056439,
-0.033080,
-0.022836,
0.003522,
0.014424,
0.022990,
0.005029,
0.063665,
0.055259,
0.035910,
0.018295,
-0.214474,
-0.120091,
-0.186094,
-0.073810,
0.000028,
0.109360,
0.020169,
0.035687,
0.063924,
0.158406,
0.082648,
0.049295,
0.029284,
0.037780,
0.027616,
0.006710,
-0.020654,
-0.426615,
-0.000469,
-0.078543,
0.097420,
0.226611,
0.078695,
0.068733,
0.066870,
0.283972,
0.117728,
0.081029,
0.046602,
0.006505,
0.036798,
0.034390,
-0.070456,
-0.165065,
-0.052800,
-0.060212,
-0.010203,
-0.131287,
-0.013376,
-0.035674,
0.023960,
-0.154386,
0.009475,
-0.013447,
-0.052003,
-0.259807,
-0.017468,
-0.053996,
0.009608,
-0.067353,
0.009382,
-0.023695,
0.018497,
-0.078348,
0.011783,
-0.018614,
0.094822,
0.232659,
0.089076,
0.072899,
0.048939,
0.087931,
0.031183,
0.028457,
0.068687,
0.415114,
0.135935,
0.094083,
0.037989,
0.485206,
0.012107,
0.092971,
-0.058139,
0.091887,
-0.045025,
0.008622,
-0.051047,
0.064553,
0.008206,
0.045157,
-0.155224,
-0.566165,
-0.191610,
-0.143579,
-0.139770,
-0.519080,
-0.169581,
-0.116707,
-0.297522,
-0.568633,
-0.175201,
-0.145643,
0.046716,
-0.082008,
-0.006606,
-0.014419,
0.059425,
0.182000,
0.092032,
0.069425,
0.116108,
0.348512,
0.086729,
0.151565,
0.108829,
0.454329,
0.125225,
0.120875,
0.057396,
0.374659,
0.066474,
0.090282,
0.004157,
0.105749,
0.042052,
0.037476,
-0.210487,
-0.178087,
-0.145970,
-0.061933,
0.003024,
-0.207626,
-0.030317,
-0.053976,
-0.015571,
-0.369928,
-0.045983,
-0.083142,
-0.001978,
0.010422,
-0.027998,
-0.014984,
0.031389,
0.000441,
0.013672,
-0.008596,
0.031939,
-0.039892,
0.063174,
0.001785,
0.023810,
0.049829,
-0.001100,
0.040049,
0.031644,
-0.009067,
0.023178,
0.021893,
0.037096,
0.157012,
0.067839,
0.024760,
0.015933,
0.064544,
0.021823,
-0.023928,
-0.043241,
0.051580,
-0.035002,
-0.015851,
0.020827,
0.391677,
0.017322,
0.080583,
0.039625,
0.092097,
0.051176,
0.026336,
-0.024988,
-0.068475,
0.001710,
-0.044743,
-0.063864,
-0.212847,
-0.072125,
-0.076569,
-0.041245,
-0.099071,
-0.033274,
-0.022863,
0.029926,
0.060681,
0.094281,
0.054299,
-0.058576,
-0.282350,
-0.055818,
-0.062301,
0.175261,
0.152999,
0.096467,
0.083213,
-0.142744,
-0.196544,
-0.088646,
-0.052416,
-0.026675,
-0.071274,
-0.017602,
-0.019008,
0.026185,
0.073742,
0.011281,
0.030750,
0.121047,
1.293594,
0.111249,
0.246483,
-0.010529,
-0.375230,
-0.039911,
-0.076853,
-0.227142,
-0.928077,
-0.368621,
-0.239492,
-0.030945,
-0.079915,
-0.036203,
-0.025504,
0.217824,
0.044947,
0.237391,
0.065102,
-0.029309,
-0.051754,
-0.019582,
-0.034459,
-0.003042,
-0.147877,
0.015130,
-0.031783,
0.028948,
0.050034,
0.043151,
0.021612,
-0.036365,
-0.024793,
-0.042299,
-0.011777,
-0.017751,
-0.059095,
-0.023909,
-0.015226,
0.006253,
-0.050351,
0.011459,
-0.009200,
0.027360,
0.092624,
0.022157,
0.026856,
0.045336,
0.078607,
0.068986,
0.027114,
0.026601,
0.066740,
0.040239,
0.015967,
0.027149,
0.077089,
0.034715,
0.019932,
0.010787,
-0.004870,
0.011132,
0.004059,
0.125113,
0.168675,
0.030840,
0.036590,
0.029552,
0.147712,
0.038900,
0.033333,
-0.025544,
-0.086505,
-0.023943,
-0.019190,
-0.019920,
-0.003877,
-0.014559,
-0.002933,
-0.070130,
-0.073417,
-0.039043,
-0.048525,
-0.024432,
-0.113292,
-0.013152,
-0.043136,
0.018833,
-0.032004,
0.012698,
-0.011930,
-0.031717,
-0.032805,
-0.031941,
-0.009932,
-0.017804,
-0.065208,
-0.008503,
-0.026051,
-0.080176,
-0.024218,
-0.105026,
-0.005073,
0.002894,
0.006823,
-0.029178,
0.014330,
0.067943,
0.239381,
0.103287,
0.064912,
0.003315,
0.177998,
0.026079,
0.017829,
-0.000060,
0.026450,
-0.014178,
-0.004884,
0.095666,
0.125682,
0.073035,
0.037297,
0.052335,
0.254084,
0.130046,
0.125319,
0.010733,
0.216828,
0.005513,
0.063010,
-0.091109,
-0.333249,
-0.123494,
-0.115000,
-0.095208,
-0.365637,
-0.048174,
-0.073676,
-0.035699,
-0.129746,
-0.048424,
-0.038750,
0.017721,
-0.146969,
0.012538,
-0.049066,
-0.149293,
-0.229788,
-0.143658,
-0.064015,
-0.604071,
-0.164072,
-0.159528,
-0.100171,
0.264660,
1.256338,
0.212122,
0.318094,
0.044371,
0.045207,
0.029746,
0.021438,
-0.004247,
-0.158344,
-0.003967,
-0.037090,
0.041731,
-0.014452,
0.029065,
0.013605,
0.048319,
-0.068733,
0.059039,
0.032486,
-0.008776,
-0.217967,
-0.028022,
-0.059584,
0.088541,
-0.063240,
0.139378,
0.054536,
-0.073577,
-0.380974,
-0.073185,
-0.116208,
0.012773,
-0.192386,
-0.002329,
-0.040310,
-0.026332,
-0.072197,
-0.065530,
-0.012958,
-0.024091,
-0.063975,
0.017900,
-0.030099,
0.029179,
-0.008449,
-0.006082,
-0.047757,
0.068449,
0.677823,
0.136863,
0.166172,
0.024870,
0.219096,
-0.017540,
0.059906,
-0.008570,
-0.069158,
-0.013605,
-0.035955,
-0.004162,
-0.088940,
-0.081433,
-0.046956,
-0.010881,
0.015450,
0.017661,
0.001745,
-0.014846,
-0.008420,
-0.054171,
-0.003386,
0.030095,
-0.015721,
-0.028656,
-0.011642,
0.073678,
0.031856,
0.072031,
0.042223,
-0.026778,
-0.234800,
-0.044895,
-0.078166,
0.013641,
0.553261,
0.002691,
0.077790,
-0.025819,
-0.153792,
-0.037131,
-0.059581,
-0.045651,
-0.103777,
-0.058979,
-0.078774,
-0.008372,
-0.182628,
-0.030090,
-0.030379,
0.028996,
-0.060454,
0.016467,
-0.010489,
0.036947,
-0.033555,
0.006044,
-0.001199,
0.047808,
-0.116793,
0.047413,
-0.001217,
0.028002,
0.021529,
0.029657,
0.017530,
0.036681,
0.109569,
0.042976,
0.038602,
-0.072696,
-0.076150,
-0.058407,
-0.017084,
0.085292,
0.136064,
0.086116,
0.049646,
0.032527,
0.061262,
0.042523,
0.018610,
0.000034,
-0.013987,
-0.001037,
0.011166,
0.021326,
0.025472,
0.014018,
0.016938,
0.002491,
-0.047289,
-0.005192,
-0.009839,
0.024599,
0.059930,
0.060152,
0.034945,
-0.120990,
-0.195692,
-0.110846,
-0.093651,
-0.035678,
-0.083135,
-0.089828,
-0.051665,
0.038976,
0.050099,
0.025917,
0.004269,
-0.015475,
0.038918,
0.024344,
-0.004774,
0.051820,
0.207175,
0.009205,
0.046746,
0.427744,
0.951298,
0.120791,
0.193855,
0.146800,
-0.061496,
0.192117,
-0.000098,
-0.098717,
-0.436944,
-0.083964,
-0.102862,
-0.075884,
-0.156263,
-0.059069,
-0.073922,
-0.159907,
-0.304568,
-0.248442,
-0.042917,
-0.107318,
-0.450399,
-0.146420,
-0.119599,
-0.051094,
-0.054530,
-0.043189,
-0.038412,
-0.033102,
-0.147794,
-0.015796,
-0.029918,
0.015640,
0.031835,
0.027420,
0.009568,
0.049308,
0.169617,
0.040602,
0.067705,
0.030873,
0.151980,
0.087347,
0.064174,
0.005595,
0.065304,
0.020725,
0.029017,
0.028722,
0.106372,
0.053423,
0.059124,
-0.008032,
0.041541,
0.052861,
0.033179,
0.029304,
0.186208,
0.112897,
0.094615,
-0.005193,
0.147915,
0.048542,
0.088486,
0.315420,
0.149972,
0.169667,
0.088224,
-0.043935,
-0.027393,
-0.029343,
0.030168,
-0.097110,
-0.597477,
-0.070811,
-0.165148,
-0.293504,
-0.431708,
-0.197863,
-0.208143,
-0.095122,
-0.280151,
-0.132817,
-0.115810,
-0.077733,
-0.123200,
-0.077664,
-0.047716,
0.021379,
0.048379,
0.030848,
0.024787,
0.128841,
0.424959,
0.127863,
0.124176,
0.073626,
0.272213,
0.046621,
0.090317,
0.042705,
0.167140,
0.069221,
0.054407,
0.029211,
0.125516,
0.041696,
0.051734,
-0.011685,
0.022483,
0.030763,
-0.000129,
-0.005227,
0.085261,
0.019191,
0.020940,
-0.058559,
-0.213202,
-0.023136,
-0.050611,
-0.063895,
-0.227613,
-0.081174,
-0.075318,
-0.070279,
-0.294019,
-0.049412,
-0.074825,
0.001426,
-0.033912,
0.022014,
-0.022024,
-0.048702,
-0.053529,
0.001753,
-0.031206,
0.024285,
0.170836,
0.031888,
0.068272,
-0.000640,
0.058255,
-0.013602,
0.007423,
0.061693,
0.411340,
0.095806,
0.121842,
0.004262,
0.033916,
0.001817,
0.011209,
0.021359,
0.220401,
0.024101,
0.086636,
-0.018178,
-0.087871,
-0.088906,
-0.062001,
0.120599,
0.013244,
0.117238,
0.022263,
-0.097601,
-0.131074,
-0.102524,
-0.051827,
-0.038359,
-0.288409,
-0.043758,
-0.060272,
0.021200,
0.357891,
0.001538,
0.088188,
-0.011171,
-0.082097,
-0.006060,
-0.017843,
-0.010097,
-0.190428,
-0.021501,
-0.041201,
-0.043350,
-0.356442,
-0.065279,
-0.080158,
-0.028855,
-0.276837,
-0.071927,
-0.082547,
0.045310,
0.387178,
0.052010,
0.099674,
0.044015,
0.297716,
0.008807,
0.061741,
0.137744,
0.483485,
0.175250,
0.117960,
0.088806,
0.414603,
0.081509,
0.089112,
-0.048936,
-0.350713,
-0.075670,
-0.108126,
0.125679,
-0.050984,
0.054414,
-0.006132,
-0.048744,
-0.289078,
-0.053689,
-0.074932,
-0.047697,
-0.346756,
-0.097748,
-0.085349,
-0.027521,
-0.300632,
-0.059588,
-0.060522,
-0.027661,
-0.029106,
-0.033314,
-0.001615,
0.004663,
-0.111696,
-0.040497,
-0.032505,
0.028831,
-0.074069,
0.023823,
-0.004909,
0.014730,
0.069426,
0.047182,
-0.008197,
0.005184,
0.253352,
0.046597,
0.049755,
0.001965,
0.104819,
0.013330,
0.035547,
-0.005571,
0.147946,
0.150959,
0.006026,
0.116621,
0.529261,
0.154530,
0.227287,
-0.007904,
0.018115,
-0.015990,
0.003055,
-0.116414,
-0.392057,
-0.140187,
-0.112517,
-0.105714,
-0.485837,
-0.223313,
-0.138265,
-0.041431,
-0.172417,
-0.128808,
-0.097583,
0.056009,
-0.101220,
0.043128,
-0.008773,
0.003962,
0.026458,
0.023853,
0.022736,
0.055722,
0.178015,
0.055718,
0.061722,
-0.080213,
0.091895,
-0.005526,
0.043413,
-0.079727,
0.101248,
0.029059,
0.008749,
0.051462,
0.104096,
0.062831,
0.061900,
-0.087412,
-0.051243,
-0.038835,
0.004094,
-0.118951,
-0.074113,
-0.074811,
-0.026924,
0.135055,
0.122978,
0.063112,
0.068532,
0.014616,
0.023760,
0.009137,
-0.000290,
0.013337,
-0.112858,
0.020362,
-0.020560,
0.026341,
-0.227481,
0.025377,
-0.053722,
0.006806,
-0.724143,
0.003322,
-0.155827,
0.050125,
0.177727,
0.042042,
0.074527,
0.026075,
0.121730,
-0.145957,
-0.032523,
0.079412,
0.392728,
0.092421,
0.106588,
0.025074,
0.173957,
0.033616,
0.039787,
0.007618,
0.023192,
0.004556,
-0.000508,
0.050826,
0.016541,
0.041978,
0.007163,
-0.036445,
-0.347453,
-0.190260,
-0.215170,
0.028093,
-0.016605,
0.030658,
0.009938,
0.032546,
0.049247,
0.036674,
0.030308,
0.017531,
0.054432,
0.036205,
0.031679,
0.014204,
-0.043661,
0.002376,
-0.013571,
0.017647,
-0.007069,
0.022634,
0.011705,
0.042851,
0.072018,
0.052154,
0.034772,
0.029513,
0.094177,
0.036205,
0.031901,
0.004381,
0.074085,
-0.004708,
0.042544,
0.038936,
0.174288,
0.025381,
0.037470,
-0.002753,
0.262233,
0.009539,
0.052235,
0.084254,
0.187761,
0.161016,
0.034794,
0.194925,
0.392715,
0.118929,
0.091829,
-0.099775,
-0.038644,
-0.139375,
-0.037339,
-0.158949,
-0.290863,
-0.139469,
-0.139324,
-0.238870,
-0.270772,
-0.106557,
-0.125449,
-0.128212,
-0.874661,
-0.105642,
-0.207980,
-0.130408,
-0.201464,
-0.138981,
-0.081301,
-0.079055,
-0.312611,
-0.129725,
-0.102336,
-0.034933,
0.117727,
0.049729,
0.025748,
0.095972,
0.241428,
0.131888,
0.076931,
0.039657,
0.208219,
0.058889,
0.069044,
-0.007476,
0.093927,
-0.015006,
0.023732,
0.035060,
0.049846,
0.053451,
0.045306,
0.050646,
0.128343,
0.056464,
0.047355,
-0.170362,
-0.261980,
-0.201246,
-0.044357,
0.113626,
0.180519,
0.085333,
0.079321,
0.034374,
0.062431,
0.074528,
0.040262,
0.028564,
0.039377,
0.014604,
-0.004147,
0.037660,
0.077505,
0.032855,
0.030956,
0.086966,
0.138711,
0.136633,
0.055353,
0.062667,
0.096955,
0.065342,
0.052431,
0.022272,
0.101978,
0.027838,
0.052287,
0.018651,
0.063903,
0.015688,
0.005040,
-0.050380,
-0.030176,
-0.034464,
-0.002178,
0.065251,
0.110733,
0.100633,
0.014937,
-0.012783,
-0.060122,
-0.032049,
-0.021470,
-0.008793,
-0.070926,
-0.029511,
-0.056544,
-0.012036,
-0.040380,
-0.021139,
-0.016075,
-0.055261,
-0.134251,
-0.080483,
-0.089838,
-0.037330,
0.032181,
-0.033158,
-0.013620,
-0.021515,
-0.006387,
-0.036282,
-0.013006,
-0.019962,
-0.047987,
-0.006304,
-0.009113,
-0.037901,
-0.027597,
-0.047546,
-0.029145,
-0.064990,
-0.109332,
-0.027247,
-0.067793,
0.050648,
0.151048,
0.020895,
0.045405,
0.097191,
0.175935,
0.080561,
0.057633,
-0.003151,
-0.014166,
-0.020625,
0.005670,
-0.051371,
0.085760,
-0.026287,
0.027903,
-0.066326,
-0.000272,
-0.097536,
0.017581,
-0.028406,
-0.092472,
-0.004057,
-0.032313,
-0.008175,
-0.047980,
-0.007242,
-0.010969,
0.012990,
-0.014929,
-0.000597,
0.007239,
0.022426,
0.008949,
0.028967,
0.029367,
0.012520,
-0.044563,
0.005392,
0.001366,
0.020793,
0.053518,
0.014116,
0.006816,
0.005552,
-0.021524,
-0.002947,
-0.023765,
0.009570,
-0.150616,
-0.003794,
-0.029567,
0.049528,
-0.053115,
0.046417,
-0.004717,
0.011338,
0.065447,
0.001272,
0.007716,
0.012589,
0.006786,
0.010773,
-0.012056,
0.016106,
0.000098,
0.010053,
0.020468,
0.006531,
0.219258,
-0.032256,
0.033301,
0.019599,
0.429152,
0.069404,
0.089818,
-0.021663,
0.065880,
-0.064652,
-0.007421,
-0.067689,
-0.174048,
-0.225236,
-0.103577,
-0.039450,
-0.130892,
-0.040258,
-0.025604,
-0.009425,
-0.175586,
-0.026760,
-0.058288,
0.009692,
0.191640,
0.004801,
0.043303,
-0.014759,
-0.053408,
-0.057382,
-0.023103,
0.085661,
0.042693,
0.083077,
0.060692,
-0.021403,
-0.168917,
0.026408,
-0.019831,
0.026297,
0.040504,
0.024012,
0.017284,
0.003212,
0.007548,
0.030977,
0.035318,
-0.000337,
-0.008943,
0.028608,
-0.011858,
0.028256,
-0.162314,
0.047972,
-0.002224,
1.017719,
0.614092,
0.474816,
0.279753,
-0.104754,
0.130839,
-0.167371,
0.026049,
-0.204412,
-0.389686,
-0.176146,
-0.124905,
-0.124064,
-0.244260,
-0.133573,
-0.075807,
-0.416517,
-0.885083,
-0.253378,
-0.260530,
-0.210721,
-0.205437,
-0.134214,
-0.128408,
-0.007811,
0.248178,
0.026711,
0.061635,
0.054362,
0.257286,
0.043965,
0.060159,
0.088202,
0.472694,
0.101870,
0.123876,
0.129808,
0.488415,
0.125772,
0.128479,
-0.022647,
-0.027874,
-0.019741,
-0.005984,
0.023882,
-0.067018,
0.021378,
-0.018742,
0.026975,
-0.094809,
0.014575,
0.005997,
0.017321,
0.005325,
-0.016886,
0.014433,
-0.026629,
-0.207666,
-0.049448,
-0.051275,
0.077521,
-0.082207,
0.044250,
-0.032799,
-0.028423,
-0.056344,
-0.010330,
-0.006895,
0.071670,
0.042717,
0.054792,
0.008177,
0.042772,
-0.003219,
0.001898,
0.012275,
0.209700,
0.126071,
0.157279,
0.030935,
-0.064432,
-0.016103,
-0.061572,
-0.043023,
-0.153776,
-0.425556,
-0.208449,
-0.070973,
0.021623,
0.040273,
0.004702,
-0.000301,
0.105229,
0.266941,
0.113979,
0.080780,
0.083716,
0.232632,
0.085974,
0.079710,
-0.061328,
-0.444242,
-0.071809,
-0.131833,
-0.129921,
-0.012389,
0.041413,
-0.021471,
-0.068008,
-0.105037,
-0.042969,
-0.059322,
-0.102686,
-0.244621,
-0.128675,
-0.076670,
0.051249,
0.313067,
0.090089,
0.073903,
-0.050056,
0.167977,
-0.089429,
0.012910,
0.140009,
0.568408,
0.121660,
0.147695,
-0.115574,
-0.010663,
-0.040735,
-0.014779,
0.108620,
0.137039,
0.102643,
0.083318,
-0.073394,
-0.322707,
-0.031269,
-0.072619,
-0.051707,
-0.202617,
-0.057261,
-0.059187,
-0.097847,
-0.340132,
-0.091861,
-0.080120,
-0.105297,
-0.208090,
-0.061933,
-0.062642,
0.074813,
0.229637,
0.138719,
0.060203,
0.023347,
0.072071,
0.081214,
0.016988,
0.014511,
0.039800,
0.060098,
-0.016712,
0.036127,
0.078295,
0.020653,
0.017333,
0.083942,
0.073027,
0.044407,
0.022303,
0.017053,
0.019358,
0.015012,
-0.019267,
0.003182,
0.014069,
-0.018012,
-0.009976,
0.057367,
0.046274,
0.028079,
0.028565,
-0.109493,
-0.086750,
-0.095234,
-0.062537,
-0.116620,
0.019690,
-0.008040,
-0.008296,
-0.150898,
-0.066545,
-0.037907,
-0.039332,
-0.018785,
-0.012056,
0.007474,
-0.003068,
0.089068,
0.431178,
0.076734,
0.087123,
0.065269,
0.154660,
0.020949,
0.055224,
-0.001345,
0.037779,
0.045691,
0.014302,
-0.005364,
-0.102658,
-0.039030,
-0.019302,
-0.115468,
-0.130546,
-0.018634,
-0.040430,
-0.047106,
-0.133650,
-0.037859,
0.005211,
-0.032843,
-0.112855,
-0.022845,
-0.010925,
0.017328,
-0.015298,
-0.000535,
0.020799,
0.025189,
-0.018994,
0.011807,
0.019935,
0.056938,
-0.071511,
-0.010474,
-0.005389,
0.034800,
0.123743,
0.032723,
0.020959,
-0.043125,
-0.497230,
-0.055267,
-0.087249,
0.119568,
0.228498,
0.108883,
0.071328,
0.170722,
0.289987,
0.197727,
0.093146,
0.044286,
0.272591,
-0.029499,
0.041512,
-0.022739,
-0.653693,
-0.069452,
-0.171353,
-0.051180,
0.062925,
-0.098143,
-0.002733,
-0.115016,
0.124155,
-0.033778,
-0.028174,
-0.006060,
0.198587,
-0.184637,
-0.027804,
-0.014748,
0.097978,
-0.010234,
0.010746,
0.037199,
0.365429,
0.067944,
0.080841,
0.010720,
0.009306,
-0.018026,
-0.001106,
-0.068708,
-0.218977,
-0.068343,
-0.046953,
0.063505,
-0.213499,
-0.036202,
-0.057349,
0.009820,
-0.067891,
0.000307,
-0.005582,
-0.035107,
-0.363475,
-0.024078,
-0.066070,
0.008464,
0.142136,
0.007604,
0.036425,
0.051542,
-0.001994,
-0.012898,
0.010525,
0.048952,
0.094521,
0.030740,
0.027297,
0.069964,
0.293516,
0.082666,
0.075294,
0.024811,
0.100517,
0.060648,
0.027745,
0.004209,
0.019545,
0.009997,
0.001191,
0.014556,
0.024629,
0.061985,
0.017681,
-0.099507,
-0.157395,
-0.087426,
-0.046885,
-0.039943,
-0.165715,
0.025682,
-0.036373,
-0.019115,
-0.017123,
-0.015458,
-0.004734,
-0.035709,
-0.045762,
-0.014322,
0.007295,
0.156909,
0.068140,
0.255489,
0.057329,
0.048825,
0.041466,
0.081277,
0.032201,
-0.016452,
0.090851,
-0.087169,
-0.011539,
-0.055941,
0.105748,
-0.101945,
-0.001710,
-0.069783,
-0.127432,
-0.069952,
-0.017652,
-0.113900,
-0.258111,
-0.138148,
-0.073797,
-0.251619,
-0.278449,
-0.248089,
-0.155055,
0.538742,
1.323064,
0.210672,
0.318586,
-0.055799,
-0.197330,
-0.036681,
-0.044611,
-0.046051,
-0.274347,
-0.062650,
-0.055105,
-0.162063,
-0.313990,
-0.189631,
-0.065670,
-0.034738,
-0.106170,
-0.035821,
-0.007387,
-0.021398,
-0.159625,
-0.020909,
-0.053468,
0.106757,
0.172626,
0.106300,
0.078792,
0.056469,
0.105928,
0.091679,
0.044807,
0.036599,
0.132835,
0.037307,
0.058803,
0.003103,
-0.122171,
0.109110,
0.018420,
0.089001,
0.381875,
0.098708,
0.141865,
-0.029528,
0.043664,
-0.006092,
-0.011481,
-0.052022,
-0.372849,
-0.082418,
-0.091614,
0.001731,
-0.109157,
0.039230,
-0.071332,
0.029828,
-0.029157,
0.037723,
0.028946,
-0.049677,
-0.284851,
-0.039017,
-0.108356,
-0.065536,
-0.095050,
-0.064585,
-0.054482,
0.037537,
0.372684,
0.040486,
0.076525,
0.095655,
0.506505,
0.099754,
0.095581,
0.037755,
0.245337,
0.091798,
0.044229,
-0.009390,
-0.112586,
-0.068886,
-0.030846,
-0.187247,
-0.794123,
-0.189116,
-0.204506,
-0.083248,
-0.285654,
-0.073224,
-0.088883,
-0.047195,
-0.012376,
-0.011488,
-0.037392,
0.056736,
0.084127,
0.076231,
0.013224,
0.149900,
0.535782,
0.110720,
0.131376,
0.071708,
0.070182,
0.054400,
0.045943,
0.028544,
0.059584,
0.010739,
0.021547,
0.186690,
0.457207,
0.211272,
0.136007,
-0.028299,
-0.194484,
0.063616,
-0.023425,
0.002348,
-0.089418,
0.008632,
0.025248,
-0.288807,
-0.959039,
-0.339110,
-0.179052,
-0.170756,
-0.382311,
-0.165644,
-0.087904,
0.055082,
0.118161,
0.059786,
0.039869,
0.056625,
0.168366,
0.089631,
0.041913,
0.014458,
0.125586,
0.032566,
0.060588,
0.081341,
0.442898,
0.118819,
0.106937,
-0.013858,
0.020047,
-0.008187,
-0.001084,
0.015427,
0.114479,
0.028125,
0.034093,
0.060972,
0.122931,
0.052321,
0.030340,
0.233411,
0.215973,
0.323453,
0.081859,
-0.127819,
-0.246083,
-0.108948,
-0.078197,
0.027364,
-0.407972,
-0.122335,
-0.141332,
-0.159337,
-0.240417,
-0.128769,
-0.085448,
-0.035880,
-0.056019,
-0.047453,
0.005508,
-0.258904,
-0.109474,
-0.140619,
-0.071700,
-0.053486,
0.009673,
-0.052755,
0.003260,
0.023678,
0.412310,
0.122507,
0.079378,
0.039347,
0.204804,
0.030718,
0.058014,
0.100906,
0.322189,
0.060706,
0.077435,
0.046252,
0.094524,
0.018080,
0.037984,
0.004316,
-0.010310,
-0.005019,
0.003849,
-0.020050,
-0.026424,
-0.120745,
-0.034889,
-0.020146,
-0.262487,
-0.053719,
-0.111977,
-0.025507,
-0.057627,
-0.017853,
-0.011409,
-0.026087,
-0.127797,
-0.041292,
-0.037369,
0.006807,
-0.232405,
-0.043207,
-0.062850,
0.071127,
0.141143,
-0.002004,
0.065982,
-0.055228,
-0.109518,
-0.069020,
-0.037551,
0.115183,
0.182127,
0.091390,
0.058616,
0.124375,
0.312547,
0.185044,
0.094640,
0.067152,
0.053350,
0.067277,
0.036396,
-0.016443,
-0.017628,
-0.016569,
-0.008254,
-0.018455,
-0.357013,
-0.049944,
-0.066643,
0.003292,
0.126847,
-0.020802,
0.001285,
-0.014509,
0.052417,
-0.000661,
0.015259,
0.048935,
-0.039309,
0.011860,
-0.010932,
0.015641,
0.018398,
-0.096807,
0.006725,
-0.069850,
-0.319047,
-0.081172,
-0.082001,
-0.059509,
-0.156051,
-0.063401,
-0.022337,
-0.018584,
0.036695,
-0.015505,
0.001735,
0.020169,
0.173085,
0.047134,
0.030237,
-0.025009,
0.031161,
-0.016279,
-0.003484,
0.101459,
0.102531,
0.080904,
0.016840,
0.154673,
0.236370,
0.120555,
0.051775,
0.003250,
0.141740,
-0.035608,
0.002446,
0.409962,
1.031286,
0.144739,
0.269919,
-0.147113,
-0.278816,
-0.142073,
-0.154324,
-0.142702,
-0.818425,
-0.153118,
-0.246223,
-0.192282,
-0.507088,
-0.191217,
-0.091584,
-0.220800,
-0.766362,
-0.154445,
-0.147838,
-0.068852,
-0.278257,
-0.068748,
-0.066761,
0.124629,
0.333094,
0.230089,
0.113367,
0.135312,
0.645398,
0.219716,
0.168152,
0.050507,
0.285533,
0.036422,
0.079420,
0.234912,
0.342587,
0.201725,
0.120611,
-0.024387,
-0.266531,
0.107968,
-0.060653,
0.003981,
0.034677,
0.043191,
0.023140,
-0.009867,
0.160049,
0.045085,
0.051526,
-0.133086,
-0.254243,
-0.123881,
-0.057386,
-0.136676,
-0.033606,
-0.109001,
0.081224,
-0.003564,
-0.014532,
-0.027319,
-0.004101,
-0.262131,
-0.742154,
-0.234547,
-0.167265,
-0.151578,
-0.391014,
-0.169570,
-0.107616,
-0.023529,
0.142481,
0.049796,
-0.003605,
0.271398,
0.571962,
0.105325,
0.135279,
0.192472,
0.347677,
0.265021,
0.148756,
0.010713,
-0.077153,
0.040451,
-0.007790,
0.022043,
0.063528,
0.024468,
0.005743,
0.207619,
0.299443,
0.136315,
0.066248,
-0.074332,
-0.088605,
-0.062579,
-0.037938,
-0.074293,
-0.128381,
-0.037486,
-0.070491,
-0.080441,
-0.269355,
-0.133925,
-0.097818,
-0.112405,
-0.138523,
-0.124228,
-0.046147,
0.116869,
0.227811,
0.134365,
0.089902,
-0.219768,
-0.209607,
-0.094907,
-0.079946,
-0.024239,
0.030453,
-0.023578,
-0.017832,
0.061211,
0.232997,
0.056112,
0.076567,
0.023510,
0.152714,
0.014267,
0.029287,
-0.052465,
-0.086740,
-0.083592,
-0.032061,
-0.093771,
-0.094163,
-0.062905,
-0.040906,
0.123811,
0.094891,
0.080891,
0.030965,
0.072838,
0.214836,
0.057900,
0.047606,
0.126490,
0.298006,
0.136953,
0.055486,
0.054634,
-0.108669,
0.010249,
-0.030552,
0.043259,
0.010120,
-0.034979,
-0.038350,
-0.137962,
-0.429084,
-0.206581,
-0.118421,
-0.120674,
-0.746871,
-0.129012,
-0.195849,
-0.019045,
0.108067,
0.016902,
0.041198,
0.044105,
0.217429,
0.010471,
0.056038,
0.182745,
0.819483,
0.223919,
0.192253,
0.265457,
0.515407,
0.414283,
0.486259,
-0.098078,
-0.154681,
-0.069153,
-0.038806,
-0.349529,
-0.541826,
-0.246315,
-0.142093,
-0.286054,
-0.776435,
-0.205095,
-0.151256,
-0.294773,
-0.333824,
-0.279879,
-0.166629,
-0.015010,
0.016527,
-0.020838,
0.017228,
0.081921,
0.594091,
0.171529,
0.137484,
0.229919,
0.476991,
0.220119,
0.127076,
0.155317,
0.372394,
0.139427,
0.090964,
-0.052366,
-0.246664,
-0.026609,
-0.064006,
0.054961,
0.197912,
0.090971,
0.038070,
-0.041823,
-0.443706,
-0.024457,
-0.075256,
-0.074475,
-0.261461,
-0.111380,
-0.127404,
-0.047311,
-0.166365,
-0.078775,
-0.063436,
-0.069293,
-0.323857,
-0.144400,
-0.137886,
0.032745,
0.015207,
-0.002783,
0.005267,
0.054471,
0.094983,
0.034753,
0.019756,
0.010443,
0.251077,
0.052334,
0.041952,
0.175913,
0.449577,
0.163821,
0.124410,
0.135746,
0.221149,
0.077870,
0.076730,
0.038488,
0.086153,
0.016033,
0.032617,
0.028674,
0.521521,
0.131492,
0.129618,
-0.210244,
-0.454670,
-0.147220,
-0.109660,
-0.166814,
-0.571145,
-0.215452,
-0.130943,
-0.069542,
-0.330462,
-0.085603,
-0.121339,
-0.054788,
-0.141204,
-0.034107,
-0.041204,
-0.058725,
-0.126278,
-0.067856,
-0.047349,
0.016888,
0.010192,
0.012293,
-0.008477,
0.079049,
0.242291,
0.109511,
0.075606,
0.070502,
0.219616,
0.084448,
0.070318,
0.095011,
0.217487,
0.058948,
0.111390,
0.056883,
0.227356,
0.051442,
0.056338,
0.000828,
0.162665,
0.003951,
0.017961,
-0.013666,
-0.017506,
-0.014087,
-0.035944,
-0.003369,
-0.134256,
-0.021475,
-0.014890,
-0.194317,
-0.166834,
-0.336063,
-0.107409,
-0.046458,
-0.037756,
-0.014173,
-0.026831,
0.076260,
0.206565,
0.063382,
0.034513,
-0.079434,
-0.280727,
-0.099609,
-0.127719,
-0.079526,
0.029039,
-0.021979,
-0.016441,
0.123909,
0.330940,
0.117896,
0.076675,
0.034364,
-0.047152,
0.031405,
0.000931,
0.095835,
0.067823,
0.074756,
0.042345,
0.015374,
-0.035413,
0.091705,
0.027495,
0.061066,
0.034723,
0.087636,
0.053650,
0.024993,
0.348638,
0.088099,
0.080564,
0.070398,
-0.121925,
0.059940,
-0.032124,
-0.100912,
-0.408507,
-0.093783,
-0.101936,
-0.036072,
-0.186802,
-0.069591,
-0.064612,
-0.020906,
-0.189681,
-0.029797,
-0.047170,
-0.043963,
0.076853,
-0.047111,
-0.004014,
0.011502,
-0.097477,
-0.002672,
-0.006262,
0.050313,
0.122275,
0.019268,
0.038337,
0.136223,
0.325795,
0.183587,
0.085520,
0.139936,
0.231509,
0.092635,
0.046857,
0.036180,
0.074344,
0.056996,
0.033095,
-0.017613,
0.242210,
-0.065379,
-0.003113,
-0.176034,
-0.279332,
-0.194599,
-0.131136,
-0.261355,
-0.452200,
-0.289597,
-0.176444,
-0.091787,
-0.496743,
-0.162595,
-0.123555,
0.017277,
0.212482,
0.062104,
0.044866,
0.046708,
0.201221,
0.003722,
0.050125,
0.001945,
0.326826,
0.103639,
0.074192,
0.057904,
0.180440,
0.074273,
0.050144,
0.007299,
-0.046254,
0.043891,
-0.050715,
-0.159261,
-0.116807,
-0.134408,
-0.053035,
0.017258,
-0.036167,
0.032911,
-0.007387,
0.021927,
0.072711,
0.022397,
0.046513,
0.080693,
0.241575,
0.082673,
0.063857,
0.033236,
0.094355,
0.081803,
0.054425,
-0.051882,
-1.025887,
0.017559,
-0.193625,
0.040284,
0.042328,
0.075265,
0.028621,
0.063269,
0.149187,
0.149227,
0.046537,
0.144261,
0.333421,
0.155323,
0.110016,
0.080334,
0.451646,
0.084352,
0.092087,
0.052490,
0.046191,
0.111246,
0.035774,
-0.098379,
-0.353153,
-0.166798,
-0.116237,
-0.106365,
-0.368468,
-0.154081,
-0.088947,
-0.169424,
-0.366707,
-0.169305,
-0.121441,
-0.030752,
0.015157,
-0.098212,
-0.008342,
-0.327666,
-0.393278,
-0.164855,
-0.132156,
0.014085,
-0.071237,
0.002806,
-0.006228,
-0.254243,
0.140247,
-0.215367,
-0.007224,
0.157411,
0.730215,
0.151625,
0.209549,
0.145310,
0.379144,
0.160835,
0.143946,
0.122413,
0.523853,
0.138818,
0.141980,
0.100341,
0.339671,
0.040251,
0.092794,
0.014982,
-0.069858,
0.008058,
0.014019,
-0.075499,
-0.302308,
-0.111830,
-0.101615,
0.073802,
-0.038284,
0.049910,
0.003118,
0.078490,
0.024744,
-0.001721,
0.024306,
-0.103129,
-0.384935,
-0.103633,
-0.117284,
-0.025440,
-0.288574,
-0.046823,
-0.082098,
-0.020813,
-0.151872,
-0.029355,
-0.037080,
-0.020790,
-0.051793,
0.005123,
-0.017056,
0.026838,
-0.167153,
0.024227,
-0.020910,
0.046138,
-0.055288,
0.056484,
-0.023514,
-0.007508,
-0.082264,
-0.094508,
-0.060014,
0.027844,
0.045360,
0.039884,
0.019973,
-0.005166,
0.055586,
0.030012,
0.021544,
0.078548,
0.228759,
0.065603,
0.031558,
0.124534,
0.268423,
0.138637,
0.086205,
0.044648,
0.244116,
0.083084,
0.062548,
0.122387,
0.563581,
0.115618,
0.139262,
0.061021,
0.271515,
0.043883,
0.066841,
-0.044382,
-0.217632,
-0.077440,
-0.069082,
-0.057761,
0.046816,
-0.128950,
-0.001340,
-0.149387,
-0.342355,
-0.199506,
-0.104812,
-0.153674,
-0.409486,
-0.163566,
-0.127056,
-0.109386,
-0.383825,
-0.122193,
-0.102176,
-0.091495,
-0.236701,
-0.072904,
-0.111758,
0.008154,
-0.016281,
-0.007794,
-0.020010,
0.025183,
-0.055145,
0.028165,
-0.011372,
0.008230,
-0.011238,
0.008883,
0.002772,
0.043141,
0.093845,
0.018094,
0.021213,
0.007540,
0.033718,
0.016144,
0.005378,
0.042202,
0.150395,
0.063258,
0.071915,
0.003528,
-0.012611,
0.031867,
0.024486,
0.022345,
0.418875,
0.033519,
0.083965,
0.033724,
0.088040,
0.075001,
0.046879,
0.068958,
0.054823,
0.079410,
0.038725,
0.043287,
0.043990,
0.039859,
0.024152,
0.018086,
-0.011283,
0.025287,
0.012588,
0.028379,
-0.074936,
0.050042,
-0.011785,
-0.005954,
-0.073438,
0.006308,
-0.028060,
0.082421,
0.118048,
0.077091,
0.049635,
-0.051009,
0.055567,
-0.001905,
0.003809,
-0.028036,
-0.140565,
-0.034507,
-0.043061,
0.030635,
0.031852,
0.034642,
0.009049,
-0.010232,
-0.088622,
-0.045681,
-0.040863,
-0.135825,
-0.219204,
-0.061954,
-0.092840,
-0.046819,
-0.081276,
-0.028212,
-0.027989,
-0.106008,
0.121511,
-0.083610,
-0.011809,
0.018285,
0.080504,
0.020476,
0.037915,
0.037575,
0.430634,
0.070134,
0.179008,
0.094609,
0.316338,
0.090540,
0.086974,
0.000521,
0.102872,
-0.006568,
0.037575,
-0.228115,
-0.183656,
-0.104409,
-0.062230,
0.076913,
-0.370346,
-0.027196,
-0.060368,
-0.020189,
0.195086,
-0.035763,
0.036032,
-0.062089,
-0.340377,
-0.063858,
-0.052767,
0.016665,
0.001262,
0.003222,
-0.019298,
-0.081248,
0.054511,
-0.082820,
-0.016901,
0.052483,
-0.007646,
0.098954,
0.064806,
-0.005864,
-0.198970,
-0.026115,
-0.045811,
0.050081,
0.173204,
0.056373,
0.076432,
0.011936,
-0.065210,
0.064254,
0.043361,
-0.025795,
-0.082415,
-0.030144,
-0.058988,
-0.011384,
-0.131337,
-0.011567,
-0.021767,
0.170796,
0.670233,
0.107677,
0.134033,
0.245206,
0.254752,
0.186368,
0.031332,
0.003859,
-0.194587,
-0.000674,
-0.035419,
-0.051349,
-0.381949,
-0.067223,
-0.081783,
-0.126303,
-0.266637,
-0.125474,
-0.112403,
-0.087780,
-0.059519,
-0.108891,
-0.019620,
-0.108286,
0.016927,
-0.085498,
-0.012244,
-0.011452,
-0.179427,
-0.016970,
-0.034519,
0.041068,
0.009098,
0.022303,
0.018860,
-0.050662,
-0.083373,
0.002761,
-0.000797,
0.033503,
0.482175,
0.025411,
0.120878,
0.107888,
0.493510,
0.086005,
0.135120,
0.069068,
-0.042950,
0.112851,
0.018516,
-0.013359,
-0.035167,
-0.010965,
0.001434,
0.039572,
0.088174,
0.033743,
0.022555,
-0.069986,
-0.449860,
-0.029080,
-0.090286,
-0.060619,
-0.196267,
-0.054831,
-0.061963,
-0.044358,
-0.135509,
-0.029384,
-0.034646,
-0.000812,
-0.233239,
-0.048610,
-0.045283,
-0.056665,
-0.081211,
-0.059031,
-0.098961,
0.038031,
0.093985,
0.022539,
0.017710,
0.110395,
0.495476,
0.117247,
0.121943,
0.115583,
0.694891,
0.112271,
0.158239,
-0.008259,
0.023355,
-0.004540,
-0.013683,
-0.078521,
-0.309047,
-0.076423,
-0.061211,
-0.002807,
-0.090936,
-0.015457,
-0.000300,
-0.115203,
-0.338171,
-0.106646,
-0.082769,
-0.014563,
-0.310402,
-0.062067,
-0.048697,
-0.013823,
-0.167312,
0.042633,
-0.018236,
0.127430,
0.132720,
0.125994,
0.040210,
0.102336,
0.275387,
0.195025,
0.059500,
-0.005775,
-0.020103,
0.012445,
-0.014842,
-0.084727,
-0.269643,
-0.139187,
-0.084916,
-0.072802,
-0.215795,
-0.203686,
-0.084487,
0.036412,
0.088804,
0.004186,
0.006488,
0.035642,
0.243358,
0.042543,
0.067566,
0.066346,
0.209012,
0.085330,
0.026489,
0.031245,
0.158821,
0.044489,
0.046440,
0.026897,
0.084677,
0.036576,
0.009865,
-0.064285,
-0.340657,
-0.059164,
-0.075023,
0.016746,
-0.015808,
0.001205,
-0.008642,
-0.029822,
-0.018327,
-0.015030,
0.012123,
-0.046769,
-0.105596,
-0.053013,
0.007659,
-0.017884,
-0.080975,
-0.111950,
-0.083147,
-0.001259,
-0.258520,
-0.064642,
-0.067107,
0.027348,
-0.223525,
-0.014106,
-0.032469,
0.091605,
0.443490,
0.088685,
0.097786,
0.191091,
0.648417,
0.240689,
0.169793,
-0.019440,
-0.030920,
0.019475,
-0.003326,
-0.034548,
-0.131078,
-0.023339,
-0.039635,
-0.104288,
-0.162072,
-0.025414,
-0.050348,
-0.000568,
-0.032107,
0.004731,
0.009082,
0.018976,
0.106731,
-0.040185,
0.055722,
-0.108048,
-0.306835,
-0.110239,
-0.061098,
-0.111891,
-0.114801,
-0.098092,
-0.049203,
0.005408,
-0.037159,
-0.006058,
0.010543,
0.041331,
0.080111,
0.080033,
0.055786,
0.010982,
0.009084,
0.004200,
0.020750,
0.001998,
0.033996,
0.007915,
-0.000859,
0.064029,
0.155878,
0.068036,
0.046429,
-0.039702,
-0.039072,
0.024975,
-0.003895,
-0.031335,
0.145355,
-0.040544,
0.023205,
0.034074,
0.094593,
0.072486,
0.026120,
-0.020165,
-0.119774,
-0.044392,
-0.062126,
0.017866,
0.017063,
-0.010242,
0.022608,
-0.179560,
-0.492154,
-0.027049,
-0.129180,
0.111208,
0.150055,
0.137296,
0.015451,
0.053032,
0.069837,
0.029024,
0.075730,
-0.055711,
-0.178145,
-0.090787,
-0.053203,
0.018614,
-0.015268,
0.003451,
0.003998,
0.123469,
0.358349,
0.052303,
0.062111,
0.276895,
0.249709,
0.032978,
0.097099,
0.118270,
0.219234,
0.150164,
0.048922,
0.081054,
0.175906,
-0.011668,
0.053789,
-0.154808,
-0.230852,
-0.115656,
-0.105706,
-0.217074,
-0.408073,
-0.231582,
-0.143934,
-0.185714,
-0.562713,
-0.228269,
-0.146386,
-0.025390,
-0.085989,
-0.013493,
-0.019365,
-0.005467,
-0.027160,
-0.002696,
-0.008896,
0.077344,
0.215536,
0.097001,
0.065478,
0.080732,
0.057519,
0.040760,
0.020690,
0.920918,
0.961619,
1.007885,
0.318126,
-0.062478,
-0.106907,
-0.068762,
-0.018379,
-0.342857,
-0.469261,
-0.358921,
-0.170870,
-0.024766,
-0.043302,
-0.010490,
-0.001315,
-0.154694,
-0.351496,
-0.115622,
-0.066002,
-0.343360,
-0.665934,
-0.268639,
-0.155202,
-0.165519,
-0.064369,
-0.072468,
-0.019405,
-0.089952,
-0.477463,
-0.057458,
-0.086260,
0.089952,
0.408197,
0.071628,
0.082200,
0.031604,
-0.057327,
0.018817,
-0.007354,
0.028448,
0.407138,
0.055828,
0.107041,
0.131596,
0.157774,
0.060902,
0.056162,
0.127939,
0.359493,
0.073362,
0.117549,
0.125315,
0.424541,
0.107487,
0.109879,
-0.048102,
0.132470,
-0.025931,
0.068363,
0.121468,
0.133486,
0.053561,
0.042717,
-0.078221,
-0.184939,
-0.086835,
-0.077879,
-0.038692,
-0.262682,
-0.117307,
-0.137188,
-0.097762,
-0.269992,
-0.188629,
-0.124952,
0.100894,
-0.056570,
-0.054854,
-0.020221,
0.081675,
-0.014817,
0.067930,
0.010596,
-0.017554,
-0.083071,
-0.022732,
-0.012995,
-0.074207,
-0.170981,
-0.131408,
-0.051469,
-0.011980,
0.020656,
0.001358,
0.026289,
-0.007686,
-0.071017,
-0.000065,
-0.005179,
0.040745,
0.076338,
0.044936,
0.025587,
-0.282669,
0.059456,
-0.070741,
-0.050138,
0.049231,
0.109957,
0.018269,
0.038521,
0.014152,
0.064005,
-0.037756,
0.032333,
0.200397,
0.412415,
0.123332,
0.110979,
0.129963,
0.401108,
0.119635,
0.107897,
0.054179,
-0.124402,
0.052447,
-0.003965,
-0.355320,
-0.887236,
-0.293500,
-0.181202,
0.028878,
0.038243,
0.027708,
0.025852,
0.087217,
0.144611,
0.092255,
0.051115,
0.010293,
-0.100047,
0.005078,
-0.033714,
0.020845,
0.031737,
0.013231,
-0.009444,
0.006119,
-0.015799,
0.005366,
0.006066,
0.026670,
0.140298,
0.022996,
0.036266,
-0.052281,
0.055424,
-0.039751,
-0.009855,
0.003220,
0.089181,
0.007853,
0.024882,
-0.049942,
0.005039,
0.038688,
-0.035383,
0.022142,
-0.022840,
0.001094,
-0.008768,
0.038663,
0.077562,
0.029529,
0.024009,
0.069474,
0.103706,
0.055489,
0.018601,
-0.018759,
-0.040237,
-0.030374,
-0.015510,
0.065057,
0.083204,
0.088669,
0.017614,
-0.071163,
-0.089273,
-0.068654,
-0.051352,
0.033868,
0.001766,
0.042871,
0.009395,
-0.022665,
-0.063723,
-0.016584,
-0.028007,
-0.025708,
-0.077650,
-0.020384,
-0.039591,
0.057482,
0.128957,
0.067869,
0.010641,
-0.071714,
-0.298747,
-0.079084,
-0.063772,
0.068690,
0.454859,
0.274140,
0.049543,
-0.080704,
0.112917,
-0.042151,
-0.016621,
-0.124929,
-0.250482,
-0.123758,
-0.091433,
0.010273,
0.205490,
0.020614,
0.105067,
0.044611,
0.028006,
-0.187237,
-0.054746,
-0.044627,
0.004714,
-0.032320,
-0.017512,
0.029629,
0.017606,
0.019161,
0.025977,
-0.061428,
0.007477,
-0.073612,
-0.003662,
0.107595,
0.143231,
0.125131,
0.086367,
-0.059741,
-0.075795,
-0.018506,
-0.013322,
-0.015359,
0.599382,
-0.003815,
0.164829,
-0.067406,
-0.201998,
-0.077184,
-0.042068,
-0.128368,
-0.243909,
-0.135769,
-0.092657,
-0.053169,
-0.052477,
0.086740,
-0.026378,
-0.338306,
-0.679220,
-0.058159,
-0.169044,
0.004341,
-0.067489,
0.018897,
-0.011259,
0.255312,
0.461506,
0.112372,
0.105963,
0.131969,
0.262983,
0.168578,
0.098613,
0.141047,
0.062672,
0.074083,
0.069885,
0.169730,
0.264362,
0.126911,
0.092134,
-0.032754,
0.064201,
0.034718,
-0.019452,
-0.061395,
-0.279533,
-0.094897,
-0.085271,
-0.096731,
-0.123404,
-0.150588,
-0.099668,
-0.068258,
-0.326044,
-0.158975,
-0.135388,
-0.094316,
-0.201529,
-0.092511,
-0.074821,
-0.026677,
-0.265178,
0.001928,
-0.097259,
0.214080,
0.270711,
0.376879,
0.105676,
0.135238,
0.129792,
0.114802,
0.035102,
0.073213,
0.317580,
0.069065,
0.084761,
0.120223,
0.440676,
0.048694,
0.113462,
0.133078,
0.008272,
-0.025207,
0.073308,
-0.052435,
-0.117694,
-0.051508,
-0.003015,
-0.231208,
-0.396927,
-0.172666,
-0.111593,
-0.457188,
-0.626189,
-0.400097,
-0.220303,
-0.134557,
-0.336021,
-0.186051,
-0.114286,
0.104602,
0.060371,
0.029664,
0.049822,
0.044580,
0.028182,
0.075491,
0.006682,
0.065940,
0.283362,
0.089648,
0.075590,
0.093727,
0.294120,
0.105009,
0.086345,
0.097433,
-0.086483,
0.093005,
0.024800,
0.094314,
0.284833,
0.183860,
0.111631,
0.081495,
0.246624,
0.072307,
0.079029,
-0.014483,
-0.277401,
-0.089514,
-0.055932,
0.025492,
0.039299,
0.011968,
0.008714,
0.028148,
-0.161470,
0.011485,
-0.027258,
0.074804,
-0.216850,
0.065372,
-0.049106,
-0.085142,
0.059474,
-0.054030,
-0.028219,
-0.006577,
-0.081462,
-0.000450,
-0.027535,
0.029591,
0.063843,
-0.000548,
0.030251,
-0.153083,
-0.186175,
-0.013108,
-0.120286,
-0.043574,
0.070217,
-0.021723,
-0.019439,
0.094868,
0.581590,
0.055966,
0.151029,
-0.153458,
0.046519,
-0.132843,
-0.035450,
0.010376,
-0.005387,
-0.035366,
0.002874,
0.056034,
0.087108,
0.033962,
0.039119,
-0.055166,
-0.041845,
-0.073402,
-0.000352,
-0.038622,
-0.070349,
-0.063553,
-0.001198,
-0.074351,
-0.072903,
-0.140154,
-0.048004,
-0.027301,
0.080445,
0.003116,
0.034007,
0.026627,
0.148731,
0.034761,
0.006300,
0.034843,
0.215075,
0.055974,
0.050730,
-0.089121,
-0.376555,
-0.073039,
-0.101346,
0.148457,
0.120736,
0.167162,
0.057864,
0.042665,
-0.256433,
0.089888,
-0.044962,
-0.171812,
-0.416940,
-0.075525,
-0.120526,
